season,season_id,division_id,competition_phase,game_id,game_date,periods,team_id,team,opponent_id,opponent,home_away,source_url,player_id,player_name_original,gohoops_roster_id,points,FGM,FGA,two_PM,two_PA,three_PM,three_PA,FTM,FTA,OREB,DREB,REB,AST,STL,BLK,TOV,PF,plus_minus,FG_pct,two_P_pct,three_P_pct,FT_pct,source_FG_pct,source_two_P_pct,source_three_P_pct,source_FT_pct,minutes,time_on_court_seconds,starter,source_field_goals_missed,source_two_pointers_missed,source_three_pointers_missed,source_free_throws_missed,source_defensive_fouls,source_offensive_fouls,source_personal_fouls,source_points_in_paint,source_second_chance_points,source_fast_break_points,source_efficiency,source_efg,source_tsp,source_pir,source_field_goals_made_in_the_paint,source_field_goals_missed_in_the_paint,source_field_goals_attempted_in_the_paint,source_field_goals_made_on_fast_break,source_field_goals_missed_on_fast_break,source_field_goals_attempted_on_fast_break,source_field_goals_made_on_second_chance,source_field_goals_missed_on_second_chance,source_field_goals_attempted_on_second_chance,source_technical_fouls,source_unsportsmanlike_fouls,source_disqualifying_fouls,source_bad_pass_turnovers,source_ball_handling_turnovers,source_out_of_bounds_turnovers,source_travel_turnovers,source_three_seconds_turnovers,source_five_seconds_turnovers,source_back_court_turnovers,source_offensive_goal_tending_turnovers,source_double_dribble_turnovers,source_carry_turnovers,source_offensive_foul_turnovers,source_other_turnovers,source_points_off_turnovers,source_two_pointers_jump_shot_made,source_two_pointers_jump_shot_missed,source_two_pointers_jump_shot_attempted,source_three_pointers_jump_shot_made,source_three_pointers_jump_shot_missed,source_three_pointers_jump_shot_attempted,source_two_pointers_layup_made,source_two_pointers_layup_missed,source_two_pointers_layup_attempted,source_two_pointers_driving_layup_made,source_two_pointers_driving_layup_missed,source_two_pointers_driving_layup_attempted,source_two_pointers_dunk_made,source_two_pointers_dunk_missed,source_two_pointers_dunk_attempted,source_two_pointers_putback_dunk_made,source_two_pointers_putback_dunk_missed,source_two_pointers_putback_dunk_attempted,source_two_pointers_putback_tip_in_made,source_two_pointers_putback_tip_in_missed,source_two_pointers_putback_tip_in_attempted,source_two_pointers_alley_oop_made,source_two_pointers_alley_oop_missed,source_two_pointers_alley_oop_attempted,source_two_pointers_hook_shot_made,source_two_pointers_hook_shot_missed,source_two_pointers_hook_shot_attempted,source_three_pointers_hook_shot_made,source_three_pointers_hook_shot_missed,source_three_pointers_hook_shot_attempted,source_two_pointers_floating_jump_shot_made,source_two_pointers_floating_jump_shot_missed,source_two_pointers_floating_jump_shot_attempted,source_three_pointers_floating_jump_shot_made,source_three_pointers_floating_jump_shot_missed,source_three_pointers_floating_jump_shot_attempted,source_two_pointers_fadeaway_jump_shot_made,source_two_pointers_fadeaway_jump_shot_missed,source_two_pointers_fadeaway_jump_shot_attempted,source_three_pointers_fadeaway_jump_shot_made,source_three_pointers_fadeaway_jump_shot_missed,source_three_pointers_fadeaway_jump_shot_attempted,source_two_pointers_turnaround_jump_shot_made,source_two_pointers_turnaround_jump_shot_missed,source_two_pointers_turnaround_jump_shot_attempted,source_three_pointers_turnaround_jump_shot_made,source_three_pointers_turnaround_jump_shot_missed,source_three_pointers_turnaround_jump_shot_attempted,source_two_pointers_step_back_jump_shot_made,source_two_pointers_step_back_jump_shot_missed,source_two_pointers_step_back_jump_shot_attempted,source_three_pointers_step_back_jump_shot_made,source_three_pointers_step_back_jump_shot_missed,source_three_pointers_step_back_jump_shot_attempted,source_two_pointers_pull_up_jump_shot_made,source_two_pointers_pull_up_jump_shot_missed,source_two_pointers_pull_up_jump_shot_attempted,source_three_pointers_pull_up_jump_shot_made,source_three_pointers_pull_up_jump_shot_missed,source_three_pointers_pull_up_jump_shot_attempted,result,appearance,participation_status,eFG_pct,TS_pct,three_PA_rate,FT_rate,AST_TOV,player_name_english,player_name_normalized
2025-26,2,8,preseason,1499,2025-10-04,4,5,桃園台啤永豐雲豹,6,新北中信特攻,away,https://api.tpbl.basketball/api/games/1499/stats,10860,麥卡洛,166315,23.0,6.0,14.0,6.0,11.0,0.0,3.0,11.0,11.0,0.0,7.0,7.0,0.0,2.0,1.0,1.0,1.0,2.0,0.42857142857142855,0.5454545454545454,0.0,1.0,0.429,0.545,0.0,1.0,30.966666666666665,1858.0,False,8.0,5.0,3.0,0.0,1.0,0.0,1.0,8.0,0.0,0.0,24.0,42.9,61.0,23.0,4.0,3.0,7.0,0.0,0.0,0.0,0.0,0.0,0.0,0.0,0.0,0.0,0.0,1.0,0.0,0.0,0.0,0.0,0.0,0.0,0.0,0.0,0.0,0.0,4.0,2.0,3.0,5.0,0.0,3.0,3.0,3.0,1.0,4.0,1.0,1.0,2.0,0.0,0.0,0.0,0.0,0.0,0.0,0.0,0.0,0.0,0.0,0.0,0.0,0.0,0.0,0.0,0.0,0.0,0.0,0.0,0.0,0.0,0.0,0.0,0.0,0.0,0.0,0.0,0.0,0.0,0.0,0.0,0.0,0.0,0.0,0.0,0.0,0.0,0.0,0.0,0.0,0.0,0.0,0.0,0.0,0.0,0.0,0.0,0.0,L,True,played,0.42857142857142855,0.6104033970276008,0.21428571428571427,0.7857142857142857,0.0,Chris McCullough,chris mccullough
2025-26,2,8,preseason,1499,2025-10-04,4,5,桃園台啤永豐雲豹,6,新北中信特攻,away,https://api.tpbl.basketball/api/games/1499/stats,10861,迪亞洛,166320,4.0,1.0,3.0,1.0,3.0,0.0,0.0,2.0,2.0,1.0,3.0,4.0,1.0,0.0,0.0,1.0,0.0,-22.0,0.3333333333333333,0.3333333333333333,,1.0,0.33299999999999996,0.33299999999999996,0.0,1.0,17.033333333333335,1022.0,True,2.0,2.0,0.0,0.0,0.0,0.0,0.0,0.0,0.0,0.0,6.0,33.3,51.5,6.0,0.0,1.0,1.0,0.0,0.0,0.0,0.0,0.0,0.0,0.0,0.0,0.0,1.0,0.0,0.0,0.0,0.0,0.0,0.0,0.0,0.0,0.0,0.0,0.0,0.0,0.0,1.0,1.0,0.0,0.0,0.0,0.0,0.0,0.0,0.0,0.0,0.0,0.0,0.0,0.0,0.0,0.0,0.0,0.0,0.0,0.0,0.0,1.0,1.0,0.0,0.0,0.0,0.0,0.0,0.0,1.0,0.0,1.0,0.0,0.0,0.0,0.0,0.0,0.0,0.0,0.0,0.0,0.0,0.0,0.0,0.0,0.0,0.0,0.0,0.0,0.0,0.0,0.0,0.0,0.0,0.0,0.0,0.0,0.0,0.0,L,True,played,0.3333333333333333,0.5154639175257733,0.0,0.6666666666666666,1.0,Cheick Diallo,cheick diallo
2025-26,2,8,preseason,1499,2025-10-04,4,5,桃園台啤永豐雲豹,6,新北中信特攻,away,https://api.tpbl.basketball/api/games/1499/stats,16,米勒,166317,9.0,4.0,11.0,4.0,5.0,0.0,6.0,1.0,3.0,3.0,7.0,10.0,0.0,2.0,1.0,1.0,2.0,10.0,0.36363636363636365,0.8,0.0,0.3333333333333333,0.364,0.8,0.0,0.33299999999999996,25.133333333333333,1508.0,False,7.0,1.0,6.0,2.0,2.0,0.0,1.0,8.0,0.0,2.0,12.0,36.4,36.5,10.0,4.0,0.0,4.0,1.0,0.0,1.0,0.0,0.0,0.0,1.0,0.0,0.0,1.0,0.0,0.0,0.0,0.0,0.0,0.0,0.0,0.0,0.0,0.0,0.0,0.0,0.0,1.0,1.0,0.0,6.0,6.0,2.0,0.0,2.0,2.0,0.0,2.0,0.0,0.0,0.0,0.0,0.0,0.0,0.0,0.0,0.0,0.0,0.0,0.0,0.0,0.0,0.0,0.0,0.0,0.0,0.0,0.0,0.0,0.0,0.0,0.0,0.0,0.0,0.0,0.0,0.0,0.0,0.0,0.0,0.0,0.0,0.0,0.0,0.0,0.0,0.0,0.0,0.0,0.0,0.0,0.0,0.0,0.0,0.0,0.0,L,True,played,0.36363636363636365,0.36525974025974023,0.5454545454545454,0.2727272727272727,0.0,Malcolm Miller,malcolm miller
2025-26,2,8,preseason,1499,2025-10-04,4,5,桃園台啤永豐雲豹,6,新北中信特攻,away,https://api.tpbl.basketball/api/games/1499/stats,68,克羅馬,166319,13.0,5.0,10.0,5.0,8.0,0.0,2.0,3.0,4.0,3.0,2.0,5.0,0.0,0.0,0.0,3.0,1.0,-30.0,0.5,0.625,0.0,0.75,0.5,0.625,0.0,0.75,22.866666666666667,1372.0,True,5.0,3.0,2.0,1.0,1.0,0.0,1.0,8.0,4.0,0.0,9.0,50.0,55.3,8.0,4.0,0.0,4.0,0.0,0.0,0.0,2.0,0.0,2.0,0.0,0.0,0.0,2.0,1.0,0.0,0.0,0.0,0.0,0.0,0.0,0.0,0.0,0.0,0.0,2.0,0.0,2.0,2.0,0.0,2.0,2.0,3.0,0.0,3.0,0.0,0.0,0.0,0.0,0.0,0.0,0.0,0.0,0.0,0.0,0.0,0.0,0.0,0.0,0.0,0.0,0.0,0.0,0.0,0.0,0.0,0.0,0.0,0.0,0.0,0.0,0.0,0.0,0.0,0.0,0.0,0.0,0.0,1.0,0.0,1.0,0.0,0.0,0.0,0.0,0.0,0.0,0.0,0.0,0.0,1.0,1.0,2.0,0.0,0.0,0.0,L,True,played,0.5,0.5527210884353742,0.2,0.4,0.0,Lasannah Kromah,lasannah kromah
2025-26,2,8,preseason,1502,2025-10-05,4,5,桃園台啤永豐雲豹,7,新北國王,home,https://api.tpbl.basketball/api/games/1502/stats,10860,麥卡洛,166315,18.0,7.0,16.0,6.0,14.0,1.0,2.0,3.0,5.0,4.0,8.0,12.0,2.0,0.0,1.0,2.0,4.0,-14.0,0.4375,0.42857142857142855,0.5,0.6,0.43799999999999994,0.429,0.5,0.6,28.066666666666666,1684.0,True,9.0,8.0,1.0,2.0,3.0,1.0,4.0,10.0,10.0,0.0,20.0,46.9,49.5,16.0,5.0,4.0,9.0,0.0,0.0,0.0,4.0,0.0,4.0,0.0,0.0,0.0,1.0,0.0,0.0,0.0,0.0,0.0,0.0,0.0,0.0,0.0,1.0,0.0,2.0,0.0,2.0,2.0,1.0,1.0,2.0,2.0,4.0,6.0,0.0,0.0,0.0,0.0,0.0,0.0,0.0,0.0,0.0,0.0,0.0,0.0,2.0,0.0,2.0,0.0,0.0,0.0,0.0,0.0,0.0,1.0,0.0,1.0,0.0,0.0,0.0,0.0,0.0,0.0,0.0,0.0,0.0,1.0,0.0,1.0,0.0,0.0,0.0,0.0,0.0,0.0,0.0,0.0,0.0,0.0,2.0,2.0,0.0,0.0,0.0,L,True,played,0.46875,0.4945054945054945,0.125,0.3125,1.0,Chris McCullough,chris mccullough
2025-26,2,8,preseason,1502,2025-10-05,4,5,桃園台啤永豐雲豹,7,新北國王,home,https://api.tpbl.basketball/api/games/1502/stats,10861,迪亞洛,166320,16.0,7.0,15.0,7.0,15.0,0.0,0.0,2.0,3.0,4.0,10.0,14.0,0.0,1.0,1.0,4.0,2.0,7.0,0.4666666666666667,0.4666666666666667,,0.6666666666666666,0.467,0.467,0.0,0.667,29.883333333333333,1793.0,False,8.0,8.0,0.0,1.0,2.0,0.0,2.0,14.0,4.0,2.0,19.0,46.7,49.0,17.0,7.0,7.0,14.0,1.0,0.0,1.0,2.0,0.0,2.0,0.0,0.0,0.0,1.0,1.0,0.0,1.0,1.0,0.0,0.0,0.0,0.0,0.0,0.0,0.0,3.0,1.0,0.0,1.0,0.0,0.0,0.0,5.0,6.0,11.0,0.0,2.0,2.0,0.0,0.0,0.0,0.0,0.0,0.0,0.0,0.0,0.0,0.0,0.0,0.0,0.0,0.0,0.0,0.0,0.0,0.0,1.0,0.0,1.0,0.0,0.0,0.0,0.0,0.0,0.0,0.0,0.0,0.0,0.0,0.0,0.0,0.0,0.0,0.0,0.0,0.0,0.0,0.0,0.0,0.0,0.0,0.0,0.0,0.0,0.0,0.0,L,True,played,0.4666666666666667,0.49019607843137253,0.0,0.2,0.0,Cheick Diallo,cheick diallo
2025-26,2,8,preseason,1502,2025-10-05,4,5,桃園台啤永豐雲豹,7,新北國王,home,https://api.tpbl.basketball/api/games/1502/stats,16,米勒,166317,15.0,7.0,12.0,7.0,10.0,0.0,2.0,1.0,2.0,4.0,8.0,12.0,0.0,1.0,2.0,2.0,3.0,-16.0,0.5833333333333334,0.7,0.0,0.5,0.583,0.7,0.0,0.5,34.016666666666666,2041.0,True,5.0,3.0,2.0,1.0,3.0,0.0,3.0,14.0,4.0,0.0,22.0,58.3,58.2,19.0,7.0,3.0,10.0,0.0,0.0,0.0,2.0,0.0,2.0,0.0,0.0,0.0,1.0,1.0,0.0,0.0,0.0,0.0,0.0,0.0,0.0,0.0,0.0,0.0,0.0,0.0,1.0,1.0,0.0,1.0,1.0,1.0,0.0,1.0,2.0,1.0,3.0,2.0,0.0,2.0,0.0,0.0,0.0,2.0,0.0,2.0,0.0,0.0,0.0,0.0,0.0,0.0,0.0,0.0,0.0,0.0,0.0,0.0,0.0,0.0,0.0,0.0,0.0,0.0,0.0,0.0,0.0,0.0,0.0,0.0,0.0,0.0,0.0,0.0,0.0,0.0,0.0,1.0,1.0,0.0,1.0,1.0,0.0,0.0,0.0,L,True,played,0.5833333333333334,0.5822981366459627,0.16666666666666666,0.16666666666666666,0.0,Malcolm Miller,malcolm miller
2025-26,2,8,preseason,1502,2025-10-05,4,5,桃園台啤永豐雲豹,7,新北國王,home,https://api.tpbl.basketball/api/games/1502/stats,68,克羅馬,166319,,,,,,,,,,,,,,,,,,,,,,,,,,,,,False,,,,,,,,,,,,,,,,,,,,,,,,,,,,,,,,,,,,,,,,,,,,,,,,,,,,,,,,,,,,,,,,,,,,,,,,,,,,,,,,,,,,,,,,,,,,,,,,,,,,L,False,no_stats_listed,,,,,,Lasannah Kromah,lasannah kromah
2025-26,2,9,regular_season,1375,2025-10-19,4,5,桃園台啤永豐雲豹,3,福爾摩沙夢想家,away,https://api.tpbl.basketball/api/games/1375/stats,10860,麥卡洛,166315,19.0,7.0,11.0,6.0,8.0,1.0,3.0,4.0,5.0,1.0,12.0,13.0,2.0,1.0,2.0,2.0,2.0,6.0,0.6363636363636364,0.75,0.3333333333333333,0.8,0.636,0.75,0.33299999999999996,0.8,31.966666666666665,1918.0,True,4.0,2.0,2.0,1.0,2.0,0.0,2.0,10.0,2.0,3.0,30.0,68.2,72.0,28.0,5.0,2.0,7.0,1.0,0.0,1.0,1.0,0.0,1.0,0.0,0.0,0.0,1.0,1.0,0.0,0.0,0.0,0.0,0.0,0.0,0.0,0.0,0.0,0.0,0.0,0.0,0.0,0.0,1.0,2.0,3.0,1.0,0.0,1.0,2.0,1.0,3.0,1.0,0.0,1.0,0.0,0.0,0.0,1.0,0.0,1.0,0.0,0.0,0.0,0.0,0.0,0.0,0.0,0.0,0.0,0.0,0.0,0.0,0.0,0.0,0.0,1.0,0.0,1.0,0.0,0.0,0.0,0.0,1.0,1.0,0.0,0.0,0.0,0.0,0.0,0.0,0.0,0.0,0.0,0.0,0.0,0.0,0.0,0.0,0.0,W,True,played,0.6818181818181818,0.7196969696969697,0.2727272727272727,0.45454545454545453,1.0,Chris McCullough,chris mccullough
2025-26,2,9,regular_season,1375,2025-10-19,4,5,桃園台啤永豐雲豹,3,福爾摩沙夢想家,away,https://api.tpbl.basketball/api/games/1375/stats,16,米勒,166317,15.0,7.0,11.0,6.0,9.0,1.0,2.0,0.0,0.0,1.0,4.0,5.0,2.0,3.0,2.0,0.0,3.0,32.0,0.6363636363636364,0.6666666666666666,0.5,,0.636,0.667,0.5,0.0,27.283333333333335,1637.0,False,4.0,3.0,1.0,0.0,3.0,0.0,3.0,12.0,0.0,6.0,23.0,68.2,68.2,20.0,6.0,2.0,8.0,3.0,0.0,3.0,0.0,0.0,0.0,0.0,0.0,0.0,0.0,0.0,0.0,0.0,0.0,0.0,0.0,0.0,0.0,0.0,0.0,0.0,0.0,0.0,0.0,0.0,0.0,1.0,1.0,3.0,1.0,4.0,1.0,0.0,1.0,1.0,0.0,1.0,0.0,0.0,0.0,0.0,0.0,0.0,1.0,0.0,1.0,0.0,0.0,0.0,0.0,0.0,0.0,0.0,0.0,0.0,1.0,0.0,1.0,0.0,1.0,1.0,0.0,0.0,0.0,0.0,1.0,1.0,0.0,0.0,0.0,0.0,0.0,0.0,0.0,0.0,0.0,0.0,0.0,0.0,0.0,0.0,0.0,W,True,played,0.6818181818181818,0.6818181818181818,0.18181818181818182,0.0,,Malcolm Miller,malcolm miller
2025-26,2,9,regular_season,1375,2025-10-19,4,5,桃園台啤永豐雲豹,3,福爾摩沙夢想家,away,https://api.tpbl.basketball/api/games/1375/stats,68,克羅馬,166319,30.0,9.0,20.0,7.0,16.0,2.0,4.0,10.0,10.0,1.0,9.0,10.0,13.0,2.0,2.0,4.0,0.0,4.0,0.45,0.4375,0.5,1.0,0.45,0.43799999999999994,0.5,1.0,34.25,2055.0,True,11.0,9.0,2.0,0.0,0.0,0.0,0.0,14.0,0.0,6.0,42.0,50.0,61.5,42.0,7.0,5.0,12.0,2.0,0.0,2.0,0.0,0.0,0.0,0.0,0.0,0.0,2.0,2.0,0.0,0.0,0.0,0.0,0.0,0.0,0.0,0.0,0.0,0.0,10.0,0.0,0.0,0.0,1.0,2.0,3.0,2.0,2.0,4.0,3.0,1.0,4.0,2.0,0.0,2.0,0.0,0.0,0.0,0.0,0.0,0.0,0.0,0.0,0.0,0.0,0.0,0.0,0.0,0.0,0.0,0.0,2.0,2.0,0.0,0.0,0.0,0.0,3.0,3.0,0.0,0.0,0.0,0.0,1.0,1.0,0.0,0.0,0.0,0.0,0.0,0.0,0.0,0.0,0.0,0.0,0.0,0.0,1.0,0.0,1.0,W,True,played,0.5,0.6147540983606558,0.2,0.5,3.25,Lasannah Kromah,lasannah kromah
2025-26,2,9,regular_season,1380,2025-10-26,4,5,桃園台啤永豐雲豹,6,新北中信特攻,away,https://api.tpbl.basketball/api/games/1380/stats,10860,麥卡洛,166315,12.0,5.0,9.0,5.0,9.0,0.0,0.0,2.0,4.0,0.0,5.0,5.0,2.0,3.0,2.0,1.0,1.0,20.0,0.5555555555555556,0.5555555555555556,,0.5,0.556,0.556,0.0,0.5,26.45,1587.0,False,4.0,4.0,0.0,2.0,1.0,0.0,1.0,10.0,2.0,0.0,17.0,55.6,55.8,16.0,5.0,3.0,8.0,0.0,0.0,0.0,1.0,0.0,1.0,0.0,0.0,0.0,0.0,0.0,0.0,1.0,0.0,0.0,0.0,0.0,0.0,0.0,0.0,0.0,4.0,0.0,2.0,2.0,0.0,0.0,0.0,4.0,1.0,5.0,0.0,0.0,0.0,1.0,0.0,1.0,0.0,0.0,0.0,0.0,0.0,0.0,0.0,1.0,1.0,0.0,0.0,0.0,0.0,0.0,0.0,0.0,0.0,0.0,0.0,0.0,0.0,0.0,0.0,0.0,0.0,0.0,0.0,0.0,0.0,0.0,0.0,0.0,0.0,0.0,0.0,0.0,0.0,0.0,0.0,0.0,0.0,0.0,0.0,0.0,0.0,W,True,played,0.5555555555555556,0.5576208178438662,0.0,0.4444444444444444,2.0,Chris McCullough,chris mccullough
2025-26,2,9,regular_season,1380,2025-10-26,4,5,桃園台啤永豐雲豹,6,新北中信特攻,away,https://api.tpbl.basketball/api/games/1380/stats,16,米勒,166317,21.0,8.0,11.0,7.0,9.0,1.0,2.0,4.0,5.0,2.0,8.0,10.0,4.0,2.0,0.0,3.0,3.0,3.0,0.7272727272727273,0.7777777777777778,0.5,0.8,0.727,0.778,0.5,0.8,34.86666666666667,2092.0,True,3.0,2.0,1.0,1.0,3.0,0.0,3.0,12.0,2.0,4.0,30.0,77.3,79.5,27.0,6.0,1.0,7.0,1.0,0.0,1.0,1.0,0.0,1.0,0.0,0.0,0.0,2.0,1.0,0.0,0.0,0.0,0.0,0.0,0.0,0.0,0.0,0.0,0.0,1.0,0.0,1.0,1.0,1.0,1.0,2.0,0.0,1.0,1.0,4.0,0.0,4.0,2.0,0.0,2.0,0.0,0.0,0.0,0.0,0.0,0.0,0.0,0.0,0.0,0.0,0.0,0.0,0.0,0.0,0.0,0.0,0.0,0.0,0.0,0.0,0.0,1.0,0.0,1.0,0.0,0.0,0.0,0.0,0.0,0.0,0.0,0.0,0.0,0.0,0.0,0.0,0.0,0.0,0.0,0.0,0.0,0.0,0.0,0.0,0.0,W,True,played,0.7727272727272727,0.7954545454545455,0.18181818181818182,0.45454545454545453,1.3333333333333333,Malcolm Miller,malcolm miller
2025-26,2,9,regular_season,1380,2025-10-26,4,5,桃園台啤永豐雲豹,6,新北中信特攻,away,https://api.tpbl.basketball/api/games/1380/stats,68,克羅馬,166319,25.0,10.0,15.0,7.0,9.0,3.0,6.0,2.0,4.0,1.0,8.0,9.0,4.0,4.0,0.0,4.0,3.0,25.0,0.6666666666666666,0.7777777777777778,0.5,0.5,0.667,0.778,0.5,0.5,32.483333333333334,1949.0,True,5.0,2.0,3.0,2.0,3.0,0.0,3.0,12.0,2.0,2.0,31.0,76.7,74.6,28.0,6.0,0.0,6.0,1.0,0.0,1.0,1.0,0.0,1.0,0.0,0.0,0.0,2.0,2.0,0.0,0.0,0.0,0.0,0.0,0.0,0.0,0.0,0.0,0.0,4.0,0.0,0.0,0.0,3.0,3.0,6.0,3.0,0.0,3.0,3.0,0.0,3.0,0.0,0.0,0.0,0.0,0.0,0.0,0.0,0.0,0.0,0.0,0.0,0.0,0.0,0.0,0.0,0.0,0.0,0.0,0.0,1.0,1.0,0.0,0.0,0.0,0.0,1.0,1.0,0.0,0.0,0.0,0.0,0.0,0.0,0.0,0.0,0.0,0.0,0.0,0.0,0.0,0.0,0.0,1.0,0.0,1.0,0.0,0.0,0.0,W,True,played,0.7666666666666667,0.7458233890214796,0.4,0.26666666666666666,1.0,Lasannah Kromah,lasannah kromah
2025-26,2,9,regular_season,1384,2025-11-02,4,5,桃園台啤永豐雲豹,2,高雄全家海神,away,https://api.tpbl.basketball/api/games/1384/stats,10860,麥卡洛,166315,14.0,6.0,13.0,6.0,12.0,0.0,1.0,2.0,4.0,1.0,9.0,10.0,3.0,2.0,2.0,1.0,1.0,8.0,0.46153846153846156,0.5,0.0,0.5,0.462,0.5,0.0,0.5,32.46666666666667,1948.0,True,7.0,6.0,1.0,2.0,1.0,0.0,1.0,10.0,0.0,4.0,21.0,46.2,47.4,20.0,5.0,4.0,9.0,2.0,0.0,2.0,0.0,0.0,0.0,0.0,0.0,0.0,1.0,0.0,0.0,0.0,0.0,0.0,0.0,0.0,0.0,0.0,0.0,0.0,6.0,1.0,0.0,1.0,0.0,1.0,1.0,0.0,0.0,0.0,1.0,1.0,2.0,2.0,0.0,2.0,0.0,0.0,0.0,0.0,0.0,0.0,0.0,0.0,0.0,0.0,0.0,0.0,0.0,0.0,0.0,0.0,2.0,2.0,0.0,0.0,0.0,1.0,2.0,3.0,0.0,0.0,0.0,0.0,1.0,1.0,0.0,0.0,0.0,0.0,0.0,0.0,0.0,0.0,0.0,1.0,0.0,1.0,0.0,0.0,0.0,W,True,played,0.46153846153846156,0.4742547425474255,0.07692307692307693,0.3076923076923077,3.0,Chris McCullough,chris mccullough
2025-26,2,9,regular_season,1384,2025-11-02,4,5,桃園台啤永豐雲豹,2,高雄全家海神,away,https://api.tpbl.basketball/api/games/1384/stats,10861,迪亞洛,166320,21.0,9.0,11.0,9.0,11.0,0.0,0.0,3.0,4.0,1.0,8.0,9.0,2.0,1.0,0.0,3.0,2.0,16.0,0.8181818181818182,0.8181818181818182,,0.75,0.818,0.818,0.0,0.75,27.733333333333334,1664.0,False,2.0,2.0,0.0,1.0,1.0,1.0,2.0,18.0,0.0,8.0,27.0,81.8,82.3,25.0,9.0,2.0,11.0,4.0,0.0,4.0,0.0,0.0,0.0,0.0,0.0,0.0,0.0,1.0,0.0,0.0,1.0,0.0,0.0,0.0,0.0,0.0,1.0,0.0,7.0,0.0,0.0,0.0,0.0,0.0,0.0,4.0,0.0,4.0,0.0,0.0,0.0,3.0,0.0,3.0,0.0,0.0,0.0,0.0,0.0,0.0,0.0,1.0,1.0,0.0,0.0,0.0,0.0,0.0,0.0,1.0,1.0,2.0,0.0,0.0,0.0,0.0,0.0,0.0,0.0,0.0,0.0,0.0,0.0,0.0,0.0,0.0,0.0,0.0,0.0,0.0,0.0,0.0,0.0,1.0,0.0,1.0,0.0,0.0,0.0,W,True,played,0.8181818181818182,0.822884012539185,0.0,0.36363636363636365,0.6666666666666666,Cheick Diallo,cheick diallo
2025-26,2,9,regular_season,1384,2025-11-02,4,5,桃園台啤永豐雲豹,2,高雄全家海神,away,https://api.tpbl.basketball/api/games/1384/stats,16,米勒,166317,28.0,12.0,16.0,12.0,15.0,0.0,1.0,4.0,8.0,3.0,8.0,11.0,1.0,2.0,1.0,3.0,3.0,20.0,0.75,0.8,0.0,0.5,0.75,0.8,0.0,0.5,34.68333333333333,2081.0,True,4.0,3.0,1.0,4.0,3.0,0.0,3.0,22.0,4.0,3.0,32.0,75.0,71.7,29.0,11.0,3.0,14.0,1.0,0.0,1.0,2.0,0.0,2.0,0.0,0.0,0.0,3.0,0.0,0.0,0.0,0.0,0.0,0.0,0.0,0.0,0.0,0.0,0.0,8.0,1.0,1.0,2.0,0.0,1.0,1.0,3.0,1.0,4.0,1.0,1.0,2.0,1.0,0.0,1.0,0.0,0.0,0.0,2.0,0.0,2.0,1.0,0.0,1.0,0.0,0.0,0.0,0.0,0.0,0.0,1.0,0.0,1.0,0.0,0.0,0.0,1.0,0.0,1.0,0.0,0.0,0.0,1.0,0.0,1.0,0.0,0.0,0.0,0.0,0.0,0.0,0.0,0.0,0.0,0.0,0.0,0.0,0.0,0.0,0.0,W,True,played,0.75,0.7172131147540983,0.0625,0.5,0.3333333333333333,Malcolm Miller,malcolm miller
2025-26,2,9,regular_season,1389,2025-11-08,4,5,桃園台啤永豐雲豹,8,臺北台新戰神,home,https://api.tpbl.basketball/api/games/1389/stats,10861,迪亞洛,166320,17.0,7.0,11.0,7.0,11.0,0.0,0.0,3.0,8.0,2.0,9.0,11.0,1.0,1.0,2.0,3.0,2.0,17.0,0.6363636363636364,0.6363636363636364,,0.375,0.636,0.636,0.0,0.375,20.3,1218.0,False,4.0,4.0,0.0,5.0,1.0,1.0,2.0,12.0,2.0,0.0,20.0,63.6,58.5,18.0,6.0,4.0,10.0,0.0,0.0,0.0,1.0,0.0,1.0,0.0,0.0,0.0,0.0,0.0,0.0,2.0,0.0,0.0,0.0,0.0,0.0,0.0,1.0,0.0,2.0,0.0,0.0,0.0,0.0,0.0,0.0,2.0,1.0,3.0,1.0,1.0,2.0,0.0,1.0,1.0,0.0,0.0,0.0,1.0,0.0,1.0,0.0,0.0,0.0,0.0,1.0,1.0,0.0,0.0,0.0,1.0,0.0,1.0,0.0,0.0,0.0,0.0,0.0,0.0,0.0,0.0,0.0,2.0,0.0,2.0,0.0,0.0,0.0,0.0,0.0,0.0,0.0,0.0,0.0,0.0,0.0,0.0,0.0,0.0,0.0,W,True,played,0.6363636363636364,0.5853994490358126,0.0,0.7272727272727273,0.3333333333333333,Cheick Diallo,cheick diallo
2025-26,2,9,regular_season,1389,2025-11-08,4,5,桃園台啤永豐雲豹,8,臺北台新戰神,home,https://api.tpbl.basketball/api/games/1389/stats,16,米勒,166317,11.0,3.0,11.0,2.0,8.0,1.0,3.0,4.0,5.0,3.0,11.0,14.0,1.0,1.0,2.0,1.0,3.0,16.0,0.2727272727272727,0.25,0.3333333333333333,0.8,0.273,0.25,0.33299999999999996,0.8,37.11666666666667,2227.0,True,8.0,6.0,2.0,1.0,3.0,0.0,3.0,4.0,3.0,0.0,19.0,31.8,41.7,16.0,2.0,3.0,5.0,0.0,0.0,0.0,1.0,0.0,1.0,0.0,0.0,0.0,0.0,1.0,0.0,0.0,0.0,0.0,0.0,0.0,0.0,0.0,0.0,0.0,0.0,0.0,3.0,3.0,0.0,2.0,2.0,0.0,0.0,0.0,1.0,2.0,3.0,0.0,0.0,0.0,0.0,0.0,0.0,1.0,0.0,1.0,0.0,0.0,0.0,0.0,0.0,0.0,0.0,0.0,0.0,0.0,0.0,0.0,0.0,0.0,0.0,0.0,1.0,1.0,0.0,0.0,0.0,0.0,0.0,0.0,0.0,0.0,0.0,0.0,0.0,0.0,1.0,0.0,1.0,0.0,0.0,0.0,0.0,0.0,0.0,W,True,played,0.3181818181818182,0.4166666666666667,0.2727272727272727,0.45454545454545453,1.0,Malcolm Miller,malcolm miller
2025-26,2,9,regular_season,1389,2025-11-08,4,5,桃園台啤永豐雲豹,8,臺北台新戰神,home,https://api.tpbl.basketball/api/games/1389/stats,68,克羅馬,166319,29.0,8.0,20.0,7.0,15.0,1.0,5.0,12.0,12.0,2.0,6.0,8.0,6.0,3.0,0.0,4.0,2.0,11.0,0.4,0.4666666666666667,0.2,1.0,0.4,0.467,0.2,1.0,36.916666666666664,2215.0,True,12.0,8.0,4.0,0.0,1.0,1.0,2.0,12.0,4.0,5.0,30.0,42.5,57.4,28.0,6.0,6.0,12.0,2.0,0.0,2.0,1.0,0.0,1.0,0.0,0.0,0.0,0.0,3.0,0.0,0.0,0.0,0.0,0.0,0.0,0.0,0.0,1.0,0.0,7.0,0.0,0.0,0.0,1.0,4.0,5.0,2.0,0.0,2.0,2.0,7.0,9.0,1.0,0.0,1.0,0.0,0.0,0.0,0.0,0.0,0.0,1.0,0.0,1.0,0.0,0.0,0.0,0.0,0.0,0.0,0.0,0.0,0.0,0.0,0.0,0.0,0.0,0.0,0.0,0.0,0.0,0.0,0.0,0.0,0.0,0.0,0.0,0.0,1.0,0.0,1.0,0.0,0.0,0.0,0.0,1.0,1.0,0.0,0.0,0.0,W,True,played,0.425,0.5735759493670886,0.25,0.6,1.5,Lasannah Kromah,lasannah kromah
2025-26,2,9,regular_season,1391,2025-11-09,4,5,桃園台啤永豐雲豹,6,新北中信特攻,home,https://api.tpbl.basketball/api/games/1391/stats,10860,麥卡洛,166315,29.0,10.0,15.0,9.0,13.0,1.0,2.0,8.0,11.0,1.0,11.0,12.0,2.0,2.0,3.0,2.0,3.0,-1.0,0.6666666666666666,0.6923076923076923,0.5,0.7272727272727273,0.667,0.6920000000000001,0.5,0.727,31.266666666666666,1876.0,False,5.0,4.0,1.0,3.0,2.0,1.0,3.0,16.0,2.0,2.0,38.0,70.0,73.1,35.0,8.0,1.0,9.0,1.0,0.0,1.0,1.0,0.0,1.0,0.0,0.0,0.0,0.0,0.0,0.0,1.0,0.0,0.0,0.0,0.0,0.0,0.0,1.0,0.0,6.0,2.0,1.0,3.0,1.0,1.0,2.0,2.0,2.0,4.0,1.0,0.0,1.0,1.0,0.0,1.0,1.0,0.0,1.0,0.0,0.0,0.0,0.0,0.0,0.0,0.0,0.0,0.0,0.0,0.0,0.0,1.0,0.0,1.0,0.0,0.0,0.0,0.0,0.0,0.0,0.0,0.0,0.0,0.0,0.0,0.0,0.0,0.0,0.0,0.0,1.0,1.0,0.0,0.0,0.0,1.0,0.0,1.0,0.0,0.0,0.0,W,True,played,0.7,0.7308467741935484,0.13333333333333333,0.7333333333333333,1.0,Chris McCullough,chris mccullough
2025-26,2,9,regular_season,1391,2025-11-09,4,5,桃園台啤永豐雲豹,6,新北中信特攻,home,https://api.tpbl.basketball/api/games/1391/stats,16,米勒,166317,10.0,4.0,11.0,3.0,6.0,1.0,5.0,1.0,2.0,3.0,7.0,10.0,2.0,3.0,1.0,1.0,2.0,13.0,0.36363636363636365,0.5,0.2,0.5,0.364,0.5,0.2,0.5,29.85,1791.0,True,7.0,3.0,4.0,1.0,2.0,0.0,2.0,6.0,2.0,0.0,17.0,40.9,42.1,15.0,3.0,2.0,5.0,0.0,0.0,0.0,1.0,0.0,1.0,0.0,0.0,0.0,1.0,0.0,0.0,0.0,0.0,0.0,0.0,0.0,0.0,0.0,0.0,0.0,0.0,0.0,2.0,2.0,1.0,3.0,4.0,1.0,1.0,2.0,2.0,0.0,2.0,0.0,0.0,0.0,0.0,0.0,0.0,0.0,0.0,0.0,0.0,0.0,0.0,0.0,0.0,0.0,0.0,0.0,0.0,0.0,0.0,0.0,0.0,0.0,0.0,0.0,0.0,0.0,0.0,0.0,0.0,0.0,0.0,0.0,0.0,0.0,0.0,0.0,0.0,0.0,0.0,1.0,1.0,0.0,0.0,0.0,0.0,0.0,0.0,W,True,played,0.4090909090909091,0.42087542087542085,0.45454545454545453,0.18181818181818182,2.0,Malcolm Miller,malcolm miller
2025-26,2,9,regular_season,1391,2025-11-09,4,5,桃園台啤永豐雲豹,6,新北中信特攻,home,https://api.tpbl.basketball/api/games/1391/stats,68,克羅馬,166319,10.0,2.0,7.0,1.0,4.0,1.0,3.0,5.0,6.0,0.0,6.0,6.0,7.0,3.0,1.0,4.0,2.0,2.0,0.2857142857142857,0.25,0.3333333333333333,0.8333333333333334,0.28600000000000003,0.25,0.33299999999999996,0.833,34.88333333333333,2093.0,True,5.0,3.0,2.0,1.0,2.0,0.0,2.0,2.0,0.0,0.0,17.0,35.7,51.9,15.0,1.0,2.0,3.0,0.0,0.0,0.0,0.0,0.0,0.0,0.0,0.0,0.0,2.0,1.0,0.0,1.0,0.0,0.0,0.0,0.0,0.0,0.0,0.0,0.0,3.0,0.0,1.0,1.0,1.0,2.0,3.0,1.0,0.0,1.0,0.0,1.0,1.0,0.0,0.0,0.0,0.0,0.0,0.0,0.0,0.0,0.0,0.0,0.0,0.0,0.0,0.0,0.0,0.0,0.0,0.0,0.0,0.0,0.0,0.0,0.0,0.0,0.0,0.0,0.0,0.0,0.0,0.0,0.0,0.0,0.0,0.0,0.0,0.0,0.0,1.0,1.0,0.0,0.0,0.0,0.0,0.0,0.0,0.0,0.0,0.0,W,True,played,0.35714285714285715,0.5186721991701244,0.42857142857142855,0.8571428571428571,1.75,Lasannah Kromah,lasannah kromah
2025-26,2,9,regular_season,1396,2025-11-16,4,5,桃園台啤永豐雲豹,8,臺北台新戰神,away,https://api.tpbl.basketball/api/games/1396/stats,10860,麥卡洛,166315,9.0,4.0,9.0,4.0,8.0,0.0,1.0,1.0,4.0,2.0,5.0,7.0,0.0,1.0,1.0,5.0,3.0,5.0,0.4444444444444444,0.5,0.0,0.25,0.444,0.5,0.0,0.25,21.55,1293.0,False,5.0,4.0,1.0,3.0,3.0,0.0,3.0,8.0,2.0,2.0,5.0,44.4,41.8,2.0,4.0,4.0,8.0,1.0,0.0,1.0,1.0,0.0,1.0,0.0,0.0,0.0,1.0,3.0,0.0,1.0,0.0,0.0,0.0,0.0,0.0,0.0,0.0,0.0,2.0,0.0,2.0,2.0,0.0,0.0,0.0,2.0,1.0,3.0,0.0,0.0,0.0,1.0,0.0,1.0,0.0,0.0,0.0,0.0,0.0,0.0,1.0,0.0,1.0,0.0,0.0,0.0,0.0,0.0,0.0,0.0,0.0,0.0,0.0,0.0,0.0,0.0,0.0,0.0,0.0,0.0,0.0,0.0,1.0,1.0,0.0,0.0,0.0,0.0,0.0,0.0,0.0,1.0,1.0,0.0,0.0,0.0,0.0,0.0,0.0,W,True,played,0.4444444444444444,0.41821561338289964,0.1111111111111111,0.4444444444444444,0.0,Chris McCullough,chris mccullough
2025-26,2,9,regular_season,1396,2025-11-16,4,5,桃園台啤永豐雲豹,8,臺北台新戰神,away,https://api.tpbl.basketball/api/games/1396/stats,10861,迪亞洛,166320,14.0,6.0,14.0,6.0,14.0,0.0,0.0,2.0,4.0,7.0,15.0,22.0,1.0,0.0,0.0,4.0,3.0,22.0,0.42857142857142855,0.42857142857142855,,0.5,0.429,0.429,0.0,0.5,39.03333333333333,2342.0,True,8.0,8.0,0.0,2.0,2.0,1.0,3.0,12.0,8.0,0.0,23.0,42.9,44.4,20.0,6.0,7.0,13.0,0.0,0.0,0.0,4.0,0.0,4.0,0.0,0.0,0.0,2.0,1.0,0.0,0.0,0.0,0.0,0.0,0.0,0.0,0.0,1.0,0.0,0.0,0.0,5.0,5.0,0.0,0.0,0.0,3.0,1.0,4.0,0.0,0.0,0.0,0.0,1.0,1.0,0.0,0.0,0.0,1.0,0.0,1.0,0.0,0.0,0.0,0.0,0.0,0.0,0.0,0.0,0.0,1.0,1.0,2.0,0.0,0.0,0.0,0.0,0.0,0.0,0.0,0.0,0.0,1.0,0.0,1.0,0.0,0.0,0.0,0.0,0.0,0.0,0.0,0.0,0.0,0.0,0.0,0.0,0.0,0.0,0.0,W,True,played,0.42857142857142855,0.44416243654822335,0.0,0.2857142857142857,0.25,Cheick Diallo,cheick diallo
2025-26,2,9,regular_season,1396,2025-11-16,4,5,桃園台啤永豐雲豹,8,臺北台新戰神,away,https://api.tpbl.basketball/api/games/1396/stats,68,克羅馬,166319,29.0,10.0,20.0,10.0,18.0,0.0,2.0,9.0,10.0,1.0,8.0,9.0,9.0,3.0,1.0,9.0,3.0,6.0,0.5,0.5555555555555556,0.0,0.9,0.5,0.556,0.0,0.9,34.36666666666667,2062.0,True,10.0,8.0,2.0,1.0,2.0,1.0,3.0,10.0,2.0,2.0,31.0,50.0,59.4,28.0,5.0,3.0,8.0,1.0,0.0,1.0,1.0,0.0,1.0,0.0,0.0,0.0,3.0,4.0,0.0,0.0,1.0,0.0,0.0,0.0,0.0,0.0,1.0,0.0,0.0,2.0,3.0,5.0,0.0,1.0,1.0,3.0,2.0,5.0,1.0,0.0,1.0,0.0,0.0,0.0,0.0,0.0,0.0,0.0,0.0,0.0,0.0,0.0,0.0,0.0,0.0,0.0,0.0,0.0,0.0,0.0,0.0,0.0,0.0,0.0,0.0,0.0,1.0,1.0,0.0,0.0,0.0,1.0,1.0,2.0,0.0,0.0,0.0,0.0,0.0,0.0,0.0,0.0,0.0,3.0,1.0,4.0,0.0,1.0,1.0,W,True,played,0.5,0.5942622950819673,0.1,0.5,1.0,Lasannah Kromah,lasannah kromah
2025-26,2,9,regular_season,1397,2025-11-19,4,5,桃園台啤永豐雲豹,2,高雄全家海神,home,https://api.tpbl.basketball/api/games/1397/stats,10860,麥卡洛,166315,6.0,2.0,5.0,2.0,5.0,0.0,0.0,2.0,5.0,3.0,6.0,9.0,0.0,1.0,0.0,2.0,4.0,-5.0,0.4,0.4,,0.4,0.4,0.4,0.0,0.4,22.65,1359.0,False,3.0,3.0,0.0,3.0,4.0,0.0,4.0,4.0,0.0,0.0,8.0,40.0,41.7,4.0,2.0,3.0,5.0,0.0,0.0,0.0,0.0,0.0,0.0,0.0,0.0,0.0,0.0,2.0,0.0,0.0,0.0,0.0,0.0,0.0,0.0,0.0,0.0,0.0,0.0,0.0,1.0,1.0,0.0,0.0,0.0,1.0,1.0,2.0,0.0,0.0,0.0,1.0,0.0,1.0,0.0,0.0,0.0,0.0,0.0,0.0,0.0,0.0,0.0,0.0,0.0,0.0,0.0,0.0,0.0,0.0,0.0,0.0,0.0,0.0,0.0,0.0,0.0,0.0,0.0,0.0,0.0,0.0,1.0,1.0,0.0,0.0,0.0,0.0,0.0,0.0,0.0,0.0,0.0,0.0,0.0,0.0,0.0,0.0,0.0,L,True,played,0.4,0.41666666666666663,0.0,1.0,0.0,Chris McCullough,chris mccullough
2025-26,2,9,regular_season,1397,2025-11-19,4,5,桃園台啤永豐雲豹,2,高雄全家海神,home,https://api.tpbl.basketball/api/games/1397/stats,16,米勒,166317,17.0,7.0,16.0,6.0,11.0,1.0,5.0,2.0,4.0,4.0,4.0,8.0,3.0,2.0,1.0,0.0,0.0,-12.0,0.4375,0.5454545454545454,0.2,0.5,0.43799999999999994,0.545,0.2,0.5,33.68333333333333,2021.0,True,9.0,5.0,4.0,2.0,0.0,0.0,0.0,12.0,2.0,6.0,20.0,46.9,47.9,20.0,6.0,4.0,10.0,3.0,0.0,3.0,1.0,0.0,1.0,0.0,0.0,0.0,0.0,0.0,0.0,0.0,0.0,0.0,0.0,0.0,0.0,0.0,0.0,0.0,2.0,0.0,0.0,0.0,1.0,4.0,5.0,4.0,0.0,4.0,0.0,1.0,1.0,2.0,0.0,2.0,0.0,0.0,0.0,0.0,1.0,1.0,0.0,0.0,0.0,0.0,1.0,1.0,0.0,0.0,0.0,0.0,1.0,1.0,0.0,0.0,0.0,0.0,0.0,0.0,0.0,0.0,0.0,0.0,1.0,1.0,0.0,0.0,0.0,0.0,0.0,0.0,0.0,0.0,0.0,0.0,0.0,0.0,0.0,0.0,0.0,L,True,played,0.46875,0.47860360360360354,0.3125,0.25,,Malcolm Miller,malcolm miller
2025-26,2,9,regular_season,1397,2025-11-19,4,5,桃園台啤永豐雲豹,2,高雄全家海神,home,https://api.tpbl.basketball/api/games/1397/stats,68,克羅馬,166319,17.0,6.0,12.0,3.0,6.0,3.0,6.0,2.0,5.0,1.0,3.0,4.0,4.0,4.0,0.0,4.0,4.0,-33.0,0.5,0.5,0.5,0.4,0.5,0.5,0.5,0.4,33.1,1986.0,True,6.0,3.0,3.0,3.0,4.0,0.0,4.0,4.0,0.0,4.0,16.0,62.5,59.9,12.0,2.0,3.0,5.0,1.0,0.0,1.0,0.0,0.0,0.0,0.0,0.0,0.0,2.0,2.0,0.0,0.0,0.0,0.0,0.0,0.0,0.0,0.0,0.0,0.0,5.0,0.0,0.0,0.0,3.0,2.0,5.0,1.0,0.0,1.0,1.0,2.0,3.0,0.0,0.0,0.0,0.0,0.0,0.0,0.0,0.0,0.0,0.0,0.0,0.0,0.0,0.0,0.0,0.0,0.0,0.0,0.0,0.0,0.0,0.0,0.0,0.0,0.0,0.0,0.0,0.0,0.0,0.0,0.0,0.0,0.0,0.0,0.0,0.0,0.0,0.0,0.0,0.0,1.0,1.0,1.0,1.0,2.0,0.0,0.0,0.0,L,True,played,0.625,0.5985915492957746,0.5,0.4166666666666667,1.0,Lasannah Kromah,lasannah kromah
2025-26,2,9,regular_season,1399,2025-11-22,4,5,桃園台啤永豐雲豹,7,新北國王,home,https://api.tpbl.basketball/api/games/1399/stats,10861,迪亞洛,166320,20.0,8.0,10.0,8.0,10.0,0.0,0.0,4.0,6.0,1.0,5.0,6.0,0.0,0.0,1.0,2.0,1.0,5.0,0.8,0.8,,0.6666666666666666,0.8,0.8,0.0,0.667,21.366666666666667,1282.0,False,2.0,2.0,0.0,2.0,0.0,1.0,1.0,14.0,0.0,2.0,21.0,80.0,79.1,20.0,7.0,2.0,9.0,1.0,0.0,1.0,0.0,0.0,0.0,0.0,0.0,0.0,0.0,1.0,0.0,0.0,0.0,0.0,0.0,0.0,0.0,0.0,1.0,0.0,2.0,1.0,0.0,1.0,0.0,0.0,0.0,3.0,1.0,4.0,0.0,0.0,0.0,1.0,0.0,1.0,0.0,0.0,0.0,0.0,0.0,0.0,0.0,0.0,0.0,0.0,0.0,0.0,0.0,0.0,0.0,2.0,1.0,3.0,0.0,0.0,0.0,0.0,0.0,0.0,0.0,0.0,0.0,1.0,0.0,1.0,0.0,0.0,0.0,0.0,0.0,0.0,0.0,0.0,0.0,0.0,0.0,0.0,0.0,0.0,0.0,W,True,played,0.8,0.7911392405063291,0.0,0.6,0.0,Cheick Diallo,cheick diallo
2025-26,2,9,regular_season,1399,2025-11-22,4,5,桃園台啤永豐雲豹,7,新北國王,home,https://api.tpbl.basketball/api/games/1399/stats,16,米勒,166317,17.0,6.0,11.0,6.0,9.0,0.0,2.0,5.0,6.0,1.0,11.0,12.0,3.0,1.0,1.0,2.0,2.0,-3.0,0.5454545454545454,0.6666666666666666,0.0,0.8333333333333334,0.545,0.667,0.0,0.833,38.05,2283.0,True,5.0,3.0,2.0,1.0,2.0,0.0,2.0,12.0,2.0,0.0,26.0,54.5,62.3,24.0,6.0,2.0,8.0,0.0,0.0,0.0,0.0,0.0,0.0,0.0,0.0,0.0,1.0,0.0,0.0,1.0,0.0,0.0,0.0,0.0,0.0,0.0,0.0,0.0,0.0,0.0,1.0,1.0,0.0,2.0,2.0,2.0,0.0,2.0,2.0,0.0,2.0,1.0,0.0,1.0,0.0,0.0,0.0,0.0,0.0,0.0,0.0,1.0,1.0,0.0,0.0,0.0,0.0,0.0,0.0,0.0,0.0,0.0,0.0,0.0,0.0,0.0,1.0,1.0,0.0,0.0,0.0,1.0,0.0,1.0,0.0,0.0,0.0,0.0,0.0,0.0,0.0,0.0,0.0,0.0,0.0,0.0,0.0,0.0,0.0,W,True,played,0.5454545454545454,0.6231671554252199,0.18181818181818182,0.5454545454545454,1.5,Malcolm Miller,malcolm miller
2025-26,2,9,regular_season,1399,2025-11-22,4,5,桃園台啤永豐雲豹,7,新北國王,home,https://api.tpbl.basketball/api/games/1399/stats,68,克羅馬,166319,31.0,10.0,16.0,10.0,15.0,0.0,1.0,11.0,14.0,3.0,6.0,9.0,6.0,4.0,1.0,6.0,4.0,2.0,0.625,0.6666666666666666,0.0,0.7857142857142857,0.625,0.667,0.0,0.7859999999999999,36.583333333333336,2195.0,True,6.0,5.0,1.0,3.0,3.0,1.0,3.0,20.0,2.0,4.0,36.0,62.5,69.9,32.0,10.0,3.0,13.0,2.0,0.0,2.0,0.0,0.0,0.0,0.0,1.0,0.0,3.0,2.0,0.0,0.0,0.0,0.0,0.0,0.0,0.0,0.0,1.0,0.0,4.0,0.0,1.0,1.0,0.0,1.0,1.0,4.0,1.0,5.0,5.0,1.0,6.0,1.0,0.0,1.0,0.0,0.0,0.0,0.0,0.0,0.0,0.0,0.0,0.0,0.0,0.0,0.0,0.0,0.0,0.0,0.0,0.0,0.0,0.0,0.0,0.0,0.0,0.0,0.0,0.0,0.0,0.0,0.0,0.0,0.0,0.0,0.0,0.0,0.0,1.0,1.0,0.0,0.0,0.0,0.0,1.0,1.0,0.0,0.0,0.0,W,True,played,0.625,0.6994584837545126,0.0625,0.875,1.0,Lasannah Kromah,lasannah kromah
2025-26,2,9,regular_season,1401,2025-11-23,4,5,桃園台啤永豐雲豹,6,新北中信特攻,home,https://api.tpbl.basketball/api/games/1401/stats,10860,麥卡洛,166315,8.0,4.0,14.0,4.0,14.0,0.0,0.0,0.0,4.0,2.0,11.0,13.0,5.0,1.0,4.0,2.0,3.0,19.0,0.2857142857142857,0.2857142857142857,,0.0,0.28600000000000003,0.28600000000000003,0.0,0.0,31.2,1872.0,True,10.0,10.0,0.0,4.0,3.0,0.0,3.0,8.0,4.0,0.0,15.0,28.6,25.4,12.0,4.0,8.0,12.0,0.0,0.0,0.0,2.0,0.0,2.0,0.0,0.0,0.0,0.0,1.0,0.0,1.0,0.0,0.0,0.0,0.0,0.0,0.0,0.0,0.0,0.0,0.0,1.0,1.0,0.0,0.0,0.0,1.0,7.0,8.0,1.0,1.0,2.0,0.0,0.0,0.0,1.0,0.0,1.0,0.0,1.0,1.0,0.0,0.0,0.0,0.0,0.0,0.0,0.0,0.0,0.0,0.0,0.0,0.0,0.0,0.0,0.0,1.0,0.0,1.0,0.0,0.0,0.0,0.0,0.0,0.0,0.0,0.0,0.0,0.0,0.0,0.0,0.0,0.0,0.0,0.0,0.0,0.0,0.0,0.0,0.0,W,True,played,0.2857142857142857,0.25380710659898476,0.0,0.2857142857142857,2.5,Chris McCullough,chris mccullough
2025-26,2,9,regular_season,1401,2025-11-23,4,5,桃園台啤永豐雲豹,6,新北中信特攻,home,https://api.tpbl.basketball/api/games/1401/stats,10861,迪亞洛,166320,21.0,6.0,14.0,6.0,14.0,0.0,0.0,9.0,10.0,4.0,9.0,13.0,1.0,0.0,1.0,4.0,3.0,17.0,0.42857142857142855,0.42857142857142855,,0.9,0.429,0.429,0.0,0.9,26.633333333333333,1598.0,False,8.0,8.0,0.0,1.0,2.0,1.0,3.0,12.0,6.0,4.0,23.0,42.9,57.1,20.0,6.0,7.0,13.0,1.0,0.0,1.0,2.0,0.0,2.0,0.0,0.0,0.0,1.0,2.0,0.0,0.0,0.0,0.0,0.0,0.0,0.0,0.0,1.0,0.0,2.0,0.0,1.0,1.0,0.0,0.0,0.0,4.0,4.0,8.0,0.0,0.0,0.0,1.0,0.0,1.0,0.0,0.0,0.0,0.0,0.0,0.0,1.0,0.0,1.0,0.0,0.0,0.0,0.0,0.0,0.0,0.0,2.0,2.0,0.0,0.0,0.0,0.0,0.0,0.0,0.0,0.0,0.0,0.0,0.0,0.0,0.0,0.0,0.0,0.0,0.0,0.0,0.0,0.0,0.0,0.0,1.0,1.0,0.0,0.0,0.0,W,True,played,0.42857142857142855,0.5706521739130436,0.0,0.7142857142857143,0.25,Cheick Diallo,cheick diallo
2025-26,2,9,regular_season,1401,2025-11-23,4,5,桃園台啤永豐雲豹,6,新北中信特攻,home,https://api.tpbl.basketball/api/games/1401/stats,16,米勒,166317,15.0,4.0,9.0,3.0,6.0,1.0,3.0,6.0,8.0,4.0,8.0,12.0,1.0,1.0,0.0,3.0,2.0,6.0,0.4444444444444444,0.5,0.3333333333333333,0.75,0.444,0.5,0.33299999999999996,0.75,34.666666666666664,2080.0,True,5.0,3.0,2.0,2.0,2.0,0.0,2.0,6.0,4.0,2.0,19.0,50.0,59.9,17.0,3.0,2.0,5.0,0.0,0.0,0.0,2.0,0.0,2.0,0.0,0.0,0.0,1.0,2.0,0.0,0.0,0.0,0.0,0.0,0.0,0.0,0.0,0.0,0.0,2.0,0.0,0.0,0.0,1.0,1.0,2.0,1.0,1.0,2.0,0.0,1.0,1.0,1.0,0.0,1.0,0.0,0.0,0.0,1.0,0.0,1.0,0.0,0.0,0.0,0.0,0.0,0.0,0.0,0.0,0.0,0.0,0.0,0.0,0.0,0.0,0.0,0.0,0.0,0.0,0.0,0.0,0.0,0.0,0.0,0.0,0.0,0.0,0.0,0.0,1.0,1.0,0.0,1.0,1.0,0.0,0.0,0.0,0.0,0.0,0.0,W,True,played,0.5,0.5990415335463259,0.3333333333333333,0.8888888888888888,0.3333333333333333,Malcolm Miller,malcolm miller
2025-26,2,9,regular_season,1403,2025-12-06,4,5,桃園台啤永豐雲豹,4,新竹御嵿攻城獅,home,https://api.tpbl.basketball/api/games/1403/stats,10861,迪亞洛,166320,20.0,7.0,13.0,7.0,13.0,0.0,0.0,6.0,7.0,3.0,5.0,8.0,0.0,1.0,1.0,4.0,1.0,3.0,0.5384615384615384,0.5384615384615384,,0.8571428571428571,0.5379999999999999,0.5379999999999999,0.0,0.857,27.533333333333335,1652.0,True,6.0,6.0,0.0,1.0,0.0,1.0,1.0,8.0,4.0,4.0,19.0,53.8,62.2,18.0,4.0,4.0,8.0,2.0,0.0,2.0,2.0,0.0,2.0,0.0,0.0,0.0,2.0,0.0,0.0,0.0,1.0,0.0,0.0,0.0,0.0,0.0,1.0,0.0,0.0,3.0,1.0,4.0,0.0,0.0,0.0,2.0,0.0,2.0,0.0,1.0,1.0,0.0,0.0,0.0,0.0,0.0,0.0,1.0,0.0,1.0,0.0,0.0,0.0,0.0,0.0,0.0,0.0,0.0,0.0,1.0,4.0,5.0,0.0,0.0,0.0,0.0,0.0,0.0,0.0,0.0,0.0,0.0,0.0,0.0,0.0,0.0,0.0,0.0,0.0,0.0,0.0,0.0,0.0,0.0,0.0,0.0,0.0,0.0,0.0,W,True,played,0.5384615384615384,0.6218905472636816,0.0,0.5384615384615384,0.0,Cheick Diallo,cheick diallo
2025-26,2,9,regular_season,1403,2025-12-06,4,5,桃園台啤永豐雲豹,4,新竹御嵿攻城獅,home,https://api.tpbl.basketball/api/games/1403/stats,16,米勒,166317,15.0,7.0,11.0,7.0,10.0,0.0,1.0,1.0,2.0,4.0,7.0,11.0,2.0,1.0,3.0,3.0,3.0,-1.0,0.6363636363636364,0.7,0.0,0.5,0.636,0.7,0.0,0.5,32.88333333333333,1973.0,False,4.0,3.0,1.0,1.0,3.0,0.0,3.0,14.0,4.0,4.0,24.0,63.6,63.1,21.0,7.0,3.0,10.0,2.0,0.0,2.0,2.0,0.0,2.0,0.0,0.0,0.0,1.0,2.0,0.0,0.0,0.0,0.0,0.0,0.0,0.0,0.0,0.0,0.0,6.0,0.0,0.0,0.0,0.0,1.0,1.0,4.0,2.0,6.0,0.0,0.0,0.0,1.0,0.0,1.0,1.0,0.0,1.0,1.0,1.0,2.0,0.0,0.0,0.0,0.0,0.0,0.0,0.0,0.0,0.0,0.0,0.0,0.0,0.0,0.0,0.0,0.0,0.0,0.0,0.0,0.0,0.0,0.0,0.0,0.0,0.0,0.0,0.0,0.0,0.0,0.0,0.0,0.0,0.0,0.0,0.0,0.0,0.0,0.0,0.0,W,True,played,0.6363636363636364,0.6313131313131313,0.09090909090909091,0.18181818181818182,0.6666666666666666,Malcolm Miller,malcolm miller
2025-26,2,9,regular_season,1403,2025-12-06,4,5,桃園台啤永豐雲豹,4,新竹御嵿攻城獅,home,https://api.tpbl.basketball/api/games/1403/stats,68,克羅馬,166319,16.0,5.0,17.0,4.0,12.0,1.0,5.0,5.0,6.0,1.0,6.0,7.0,9.0,1.0,1.0,4.0,4.0,2.0,0.29411764705882354,0.3333333333333333,0.2,0.8333333333333334,0.294,0.33299999999999996,0.2,0.833,35.583333333333336,2135.0,True,12.0,8.0,4.0,1.0,4.0,0.0,4.0,6.0,0.0,4.0,17.0,32.4,40.7,13.0,3.0,5.0,8.0,1.0,0.0,1.0,0.0,0.0,0.0,0.0,0.0,0.0,1.0,2.0,0.0,1.0,0.0,0.0,0.0,0.0,0.0,0.0,0.0,0.0,5.0,0.0,0.0,0.0,1.0,2.0,3.0,1.0,1.0,2.0,1.0,2.0,3.0,1.0,0.0,1.0,0.0,0.0,0.0,0.0,0.0,0.0,0.0,0.0,0.0,0.0,0.0,0.0,0.0,0.0,0.0,0.0,0.0,0.0,0.0,0.0,0.0,1.0,2.0,3.0,0.0,0.0,0.0,0.0,0.0,0.0,0.0,0.0,0.0,0.0,0.0,0.0,0.0,0.0,0.0,0.0,3.0,3.0,0.0,2.0,2.0,W,True,played,0.3235294117647059,0.40733197556008144,0.29411764705882354,0.35294117647058826,2.25,Lasannah Kromah,lasannah kromah
2025-26,2,9,regular_season,1405,2025-12-07,4,5,桃園台啤永豐雲豹,3,福爾摩沙夢想家,home,https://api.tpbl.basketball/api/games/1405/stats,10860,麥卡洛,166315,15.0,6.0,12.0,5.0,9.0,1.0,3.0,2.0,2.0,4.0,7.0,11.0,1.0,2.0,1.0,1.0,1.0,9.0,0.5,0.5555555555555556,0.3333333333333333,1.0,0.5,0.556,0.33299999999999996,1.0,26.1,1566.0,False,6.0,4.0,2.0,0.0,1.0,0.0,1.0,8.0,0.0,2.0,23.0,54.2,58.2,22.0,4.0,3.0,7.0,1.0,0.0,1.0,0.0,0.0,0.0,0.0,0.0,0.0,0.0,1.0,0.0,0.0,0.0,0.0,0.0,0.0,0.0,0.0,0.0,0.0,5.0,1.0,0.0,1.0,1.0,2.0,3.0,3.0,2.0,5.0,0.0,0.0,0.0,1.0,0.0,1.0,0.0,0.0,0.0,0.0,1.0,1.0,0.0,0.0,0.0,0.0,0.0,0.0,0.0,0.0,0.0,0.0,0.0,0.0,0.0,0.0,0.0,0.0,0.0,0.0,0.0,0.0,0.0,0.0,1.0,1.0,0.0,0.0,0.0,0.0,0.0,0.0,0.0,0.0,0.0,0.0,0.0,0.0,0.0,0.0,0.0,W,True,played,0.5416666666666666,0.5822981366459627,0.25,0.16666666666666666,1.0,Chris McCullough,chris mccullough
2025-26,2,9,regular_season,1405,2025-12-07,4,5,桃園台啤永豐雲豹,3,福爾摩沙夢想家,home,https://api.tpbl.basketball/api/games/1405/stats,16,米勒,166317,11.0,5.0,9.0,4.0,6.0,1.0,3.0,0.0,2.0,1.0,12.0,13.0,4.0,1.0,4.0,2.0,1.0,2.0,0.5555555555555556,0.6666666666666666,0.3333333333333333,0.0,0.556,0.667,0.33299999999999996,0.0,29.716666666666665,1783.0,True,4.0,2.0,2.0,2.0,0.0,1.0,1.0,8.0,0.0,4.0,25.0,61.1,55.7,24.0,4.0,1.0,5.0,2.0,0.0,2.0,0.0,0.0,0.0,0.0,0.0,0.0,1.0,0.0,0.0,0.0,0.0,0.0,0.0,0.0,0.0,0.0,1.0,0.0,0.0,0.0,1.0,1.0,1.0,2.0,3.0,1.0,0.0,1.0,2.0,0.0,2.0,1.0,0.0,1.0,0.0,0.0,0.0,0.0,0.0,0.0,0.0,0.0,0.0,0.0,0.0,0.0,0.0,0.0,0.0,0.0,0.0,0.0,0.0,0.0,0.0,0.0,0.0,0.0,0.0,0.0,0.0,0.0,1.0,1.0,0.0,0.0,0.0,0.0,0.0,0.0,0.0,0.0,0.0,0.0,0.0,0.0,0.0,0.0,0.0,W,True,played,0.6111111111111112,0.5566801619433198,0.3333333333333333,0.2222222222222222,2.0,Malcolm Miller,malcolm miller
2025-26,2,9,regular_season,1405,2025-12-07,4,5,桃園台啤永豐雲豹,3,福爾摩沙夢想家,home,https://api.tpbl.basketball/api/games/1405/stats,68,克羅馬,166319,29.0,9.0,17.0,6.0,13.0,3.0,4.0,8.0,10.0,2.0,9.0,11.0,7.0,1.0,1.0,5.0,4.0,15.0,0.5294117647058824,0.46153846153846156,0.75,0.8,0.529,0.462,0.75,0.8,40.18333333333333,2411.0,True,8.0,7.0,1.0,2.0,4.0,0.0,4.0,12.0,5.0,0.0,34.0,61.8,67.8,30.0,6.0,3.0,9.0,0.0,0.0,0.0,2.0,0.0,2.0,0.0,0.0,0.0,2.0,3.0,0.0,0.0,0.0,0.0,0.0,0.0,0.0,0.0,0.0,0.0,2.0,0.0,1.0,1.0,2.0,1.0,3.0,1.0,3.0,4.0,4.0,0.0,4.0,0.0,0.0,0.0,0.0,0.0,0.0,0.0,0.0,0.0,0.0,0.0,0.0,0.0,0.0,0.0,0.0,0.0,0.0,0.0,0.0,0.0,0.0,0.0,0.0,1.0,0.0,1.0,0.0,0.0,0.0,0.0,0.0,0.0,0.0,0.0,0.0,0.0,0.0,0.0,1.0,0.0,1.0,0.0,3.0,3.0,0.0,0.0,0.0,W,True,played,0.6176470588235294,0.677570093457944,0.23529411764705882,0.5882352941176471,1.4,Lasannah Kromah,lasannah kromah
2025-26,2,9,regular_season,1408,2025-12-13,4,5,桃園台啤永豐雲豹,6,新北中信特攻,away,https://api.tpbl.basketball/api/games/1408/stats,10860,麥卡洛,166315,9.0,4.0,14.0,3.0,10.0,1.0,4.0,0.0,0.0,1.0,5.0,6.0,1.0,1.0,1.0,1.0,2.0,-2.0,0.2857142857142857,0.3,0.25,,0.28600000000000003,0.3,0.25,0.0,27.05,1623.0,False,10.0,7.0,3.0,0.0,2.0,0.0,2.0,4.0,0.0,4.0,7.0,32.1,32.1,5.0,2.0,5.0,7.0,2.0,0.0,2.0,0.0,0.0,0.0,0.0,0.0,0.0,0.0,0.0,0.0,1.0,0.0,0.0,0.0,0.0,0.0,0.0,0.0,0.0,2.0,1.0,3.0,4.0,0.0,3.0,3.0,0.0,3.0,3.0,0.0,1.0,1.0,2.0,0.0,2.0,0.0,0.0,0.0,0.0,0.0,0.0,0.0,0.0,0.0,0.0,0.0,0.0,0.0,0.0,0.0,0.0,0.0,0.0,0.0,0.0,0.0,0.0,0.0,0.0,0.0,0.0,0.0,0.0,0.0,0.0,1.0,0.0,1.0,0.0,0.0,0.0,0.0,0.0,0.0,0.0,0.0,0.0,0.0,0.0,0.0,L,True,played,0.32142857142857145,0.32142857142857145,0.2857142857142857,0.0,1.0,Chris McCullough,chris mccullough
2025-26,2,9,regular_season,1408,2025-12-13,4,5,桃園台啤永豐雲豹,6,新北中信特攻,away,https://api.tpbl.basketball/api/games/1408/stats,16,米勒,166317,8.0,4.0,13.0,4.0,8.0,0.0,5.0,0.0,0.0,1.0,7.0,8.0,1.0,2.0,0.0,0.0,3.0,-15.0,0.3076923076923077,0.5,0.0,,0.308,0.5,0.0,0.0,31.7,1902.0,True,9.0,4.0,5.0,0.0,3.0,0.0,3.0,6.0,4.0,0.0,10.0,30.8,30.8,7.0,3.0,3.0,6.0,0.0,0.0,0.0,2.0,0.0,2.0,0.0,0.0,0.0,0.0,0.0,0.0,0.0,0.0,0.0,0.0,0.0,0.0,0.0,0.0,0.0,0.0,0.0,1.0,1.0,0.0,5.0,5.0,2.0,3.0,5.0,0.0,0.0,0.0,0.0,0.0,0.0,0.0,0.0,0.0,0.0,0.0,0.0,0.0,0.0,0.0,0.0,0.0,0.0,0.0,0.0,0.0,1.0,0.0,1.0,0.0,0.0,0.0,1.0,0.0,1.0,0.0,0.0,0.0,0.0,0.0,0.0,0.0,0.0,0.0,0.0,0.0,0.0,0.0,0.0,0.0,0.0,0.0,0.0,0.0,0.0,0.0,L,True,played,0.3076923076923077,0.3076923076923077,0.38461538461538464,0.0,,Malcolm Miller,malcolm miller
2025-26,2,9,regular_season,1408,2025-12-13,4,5,桃園台啤永豐雲豹,6,新北中信特攻,away,https://api.tpbl.basketball/api/games/1408/stats,68,克羅馬,166319,31.0,9.0,22.0,5.0,14.0,4.0,8.0,9.0,9.0,2.0,10.0,12.0,3.0,0.0,0.0,3.0,2.0,-3.0,0.4090909090909091,0.35714285714285715,0.5,1.0,0.409,0.35700000000000004,0.5,1.0,37.25,2235.0,True,13.0,9.0,4.0,0.0,2.0,0.0,2.0,8.0,0.0,4.0,30.0,50.0,59.7,28.0,4.0,4.0,8.0,2.0,0.0,2.0,0.0,0.0,0.0,0.0,0.0,0.0,0.0,2.0,0.0,1.0,0.0,0.0,0.0,0.0,0.0,0.0,0.0,0.0,2.0,2.0,2.0,4.0,4.0,3.0,7.0,1.0,1.0,2.0,2.0,3.0,5.0,0.0,0.0,0.0,0.0,0.0,0.0,0.0,1.0,1.0,0.0,0.0,0.0,0.0,0.0,0.0,0.0,0.0,0.0,0.0,0.0,0.0,0.0,0.0,0.0,0.0,0.0,0.0,0.0,0.0,0.0,0.0,0.0,0.0,0.0,0.0,0.0,0.0,0.0,0.0,0.0,1.0,1.0,0.0,2.0,2.0,0.0,0.0,0.0,L,True,played,0.5,0.5970724191063174,0.36363636363636365,0.4090909090909091,1.0,Lasannah Kromah,lasannah kromah
2025-26,2,9,regular_season,1411,2025-12-20,4,5,桃園台啤永豐雲豹,7,新北國王,away,https://api.tpbl.basketball/api/games/1411/stats,10860,麥卡洛,166315,12.0,5.0,10.0,5.0,10.0,0.0,0.0,2.0,2.0,1.0,11.0,12.0,0.0,0.0,1.0,2.0,1.0,-21.0,0.5,0.5,,1.0,0.5,0.5,0.0,1.0,25.983333333333334,1559.0,True,5.0,5.0,0.0,0.0,1.0,0.0,1.0,8.0,4.0,2.0,18.0,50.0,55.1,17.0,4.0,3.0,7.0,1.0,0.0,1.0,2.0,0.0,2.0,0.0,0.0,0.0,1.0,0.0,0.0,1.0,0.0,0.0,0.0,0.0,0.0,0.0,0.0,0.0,0.0,1.0,1.0,2.0,0.0,0.0,0.0,0.0,1.0,1.0,1.0,0.0,1.0,0.0,0.0,0.0,1.0,0.0,1.0,0.0,0.0,0.0,1.0,0.0,1.0,0.0,0.0,0.0,0.0,0.0,0.0,0.0,1.0,1.0,0.0,0.0,0.0,1.0,0.0,1.0,0.0,0.0,0.0,0.0,1.0,1.0,0.0,0.0,0.0,0.0,0.0,0.0,0.0,0.0,0.0,0.0,1.0,1.0,0.0,0.0,0.0,L,True,played,0.5,0.551470588235294,0.0,0.2,0.0,Chris McCullough,chris mccullough
2025-26,2,9,regular_season,1411,2025-12-20,4,5,桃園台啤永豐雲豹,7,新北國王,away,https://api.tpbl.basketball/api/games/1411/stats,16,米勒,166317,11.0,5.0,11.0,5.0,9.0,0.0,2.0,1.0,2.0,2.0,4.0,6.0,5.0,0.0,2.0,1.0,0.0,-8.0,0.45454545454545453,0.5555555555555556,0.0,0.5,0.455,0.556,0.0,0.5,32.483333333333334,1949.0,False,6.0,4.0,2.0,1.0,0.0,0.0,0.0,8.0,3.0,4.0,16.0,45.5,46.3,16.0,4.0,4.0,8.0,2.0,0.0,2.0,1.0,0.0,1.0,0.0,0.0,0.0,1.0,0.0,0.0,0.0,0.0,0.0,0.0,0.0,0.0,0.0,0.0,0.0,3.0,0.0,0.0,0.0,0.0,2.0,2.0,3.0,2.0,5.0,0.0,2.0,2.0,1.0,0.0,1.0,0.0,0.0,0.0,0.0,0.0,0.0,0.0,0.0,0.0,0.0,0.0,0.0,0.0,0.0,0.0,0.0,0.0,0.0,0.0,0.0,0.0,1.0,0.0,1.0,0.0,0.0,0.0,0.0,0.0,0.0,0.0,0.0,0.0,0.0,0.0,0.0,0.0,0.0,0.0,0.0,0.0,0.0,0.0,0.0,0.0,L,True,played,0.45454545454545453,0.4629629629629629,0.18181818181818182,0.18181818181818182,5.0,Malcolm Miller,malcolm miller
2025-26,2,9,regular_season,1411,2025-12-20,4,5,桃園台啤永豐雲豹,7,新北國王,away,https://api.tpbl.basketball/api/games/1411/stats,68,克羅馬,166319,23.0,10.0,22.0,10.0,19.0,0.0,3.0,3.0,4.0,2.0,4.0,6.0,7.0,3.0,0.0,2.0,1.0,-16.0,0.45454545454545453,0.5263157894736842,0.0,0.75,0.455,0.526,0.0,0.75,32.15,1929.0,True,12.0,9.0,3.0,1.0,1.0,0.0,1.0,12.0,2.0,6.0,24.0,45.5,48.4,23.0,6.0,4.0,10.0,3.0,0.0,3.0,1.0,0.0,1.0,0.0,0.0,0.0,1.0,1.0,0.0,0.0,0.0,0.0,0.0,0.0,0.0,0.0,0.0,0.0,6.0,2.0,1.0,3.0,0.0,2.0,2.0,2.0,1.0,3.0,1.0,3.0,4.0,0.0,0.0,0.0,0.0,0.0,0.0,1.0,0.0,1.0,0.0,0.0,0.0,0.0,0.0,0.0,0.0,0.0,0.0,0.0,0.0,0.0,0.0,0.0,0.0,1.0,0.0,1.0,0.0,0.0,0.0,1.0,1.0,2.0,0.0,0.0,0.0,0.0,1.0,1.0,0.0,0.0,0.0,2.0,2.0,4.0,0.0,1.0,1.0,L,True,played,0.45454545454545453,0.484006734006734,0.13636363636363635,0.18181818181818182,3.5,Lasannah Kromah,lasannah kromah
2025-26,2,9,regular_season,1415,2025-12-24,4,5,桃園台啤永豐雲豹,4,新竹御嵿攻城獅,away,https://api.tpbl.basketball/api/games/1415/stats,10860,麥卡洛,166315,16.0,6.0,14.0,6.0,13.0,0.0,1.0,4.0,6.0,5.0,5.0,10.0,0.0,3.0,1.0,3.0,2.0,-17.0,0.42857142857142855,0.46153846153846156,0.0,0.6666666666666666,0.429,0.462,0.0,0.667,35.016666666666666,2101.0,False,8.0,7.0,1.0,2.0,2.0,0.0,2.0,10.0,9.0,0.0,17.0,42.9,48.1,15.0,5.0,5.0,10.0,0.0,0.0,0.0,4.0,0.0,4.0,0.0,0.0,0.0,1.0,0.0,0.0,2.0,0.0,0.0,0.0,0.0,0.0,0.0,0.0,0.0,0.0,0.0,3.0,3.0,0.0,1.0,1.0,5.0,3.0,8.0,0.0,0.0,0.0,0.0,0.0,0.0,0.0,0.0,0.0,0.0,1.0,1.0,0.0,0.0,0.0,0.0,0.0,0.0,0.0,0.0,0.0,0.0,0.0,0.0,0.0,0.0,0.0,0.0,0.0,0.0,0.0,0.0,0.0,1.0,0.0,1.0,0.0,0.0,0.0,0.0,0.0,0.0,0.0,0.0,0.0,0.0,0.0,0.0,0.0,0.0,0.0,L,True,played,0.42857142857142855,0.4807692307692307,0.07142857142857142,0.42857142857142855,0.0,Chris McCullough,chris mccullough
2025-26,2,9,regular_season,1415,2025-12-24,4,5,桃園台啤永豐雲豹,4,新竹御嵿攻城獅,away,https://api.tpbl.basketball/api/games/1415/stats,10861,迪亞洛,166320,14.0,6.0,11.0,6.0,11.0,0.0,0.0,2.0,2.0,2.0,12.0,14.0,1.0,1.0,2.0,4.0,1.0,-7.0,0.5454545454545454,0.5454545454545454,,1.0,0.545,0.545,0.0,1.0,27.083333333333332,1625.0,True,5.0,5.0,0.0,0.0,1.0,0.0,1.0,12.0,4.0,0.0,23.0,54.5,58.9,22.0,6.0,5.0,11.0,0.0,0.0,0.0,1.0,0.0,1.0,0.0,0.0,0.0,0.0,1.0,0.0,2.0,1.0,0.0,0.0,0.0,0.0,0.0,0.0,0.0,0.0,0.0,0.0,0.0,0.0,0.0,0.0,6.0,4.0,10.0,0.0,0.0,0.0,0.0,0.0,0.0,0.0,0.0,0.0,0.0,0.0,0.0,0.0,0.0,0.0,0.0,0.0,0.0,0.0,0.0,0.0,0.0,1.0,1.0,0.0,0.0,0.0,0.0,0.0,0.0,0.0,0.0,0.0,0.0,0.0,0.0,0.0,0.0,0.0,0.0,0.0,0.0,0.0,0.0,0.0,0.0,0.0,0.0,0.0,0.0,0.0,L,True,played,0.5454545454545454,0.5892255892255892,0.0,0.18181818181818182,0.25,Cheick Diallo,cheick diallo
2025-26,2,9,regular_season,1415,2025-12-24,4,5,桃園台啤永豐雲豹,4,新竹御嵿攻城獅,away,https://api.tpbl.basketball/api/games/1415/stats,16,米勒,166317,18.0,7.0,9.0,7.0,8.0,0.0,1.0,4.0,8.0,3.0,13.0,16.0,2.0,0.0,1.0,2.0,3.0,0.0,0.7777777777777778,0.875,0.0,0.5,0.778,0.875,0.0,0.5,30.2,1812.0,True,2.0,1.0,1.0,4.0,2.0,1.0,3.0,14.0,4.0,0.0,29.0,77.8,71.9,26.0,7.0,1.0,8.0,0.0,0.0,0.0,2.0,0.0,2.0,0.0,0.0,0.0,1.0,0.0,0.0,0.0,0.0,0.0,0.0,0.0,0.0,0.0,1.0,0.0,0.0,0.0,0.0,0.0,0.0,1.0,1.0,3.0,1.0,4.0,3.0,0.0,3.0,0.0,0.0,0.0,0.0,0.0,0.0,0.0,0.0,0.0,1.0,0.0,1.0,0.0,0.0,0.0,0.0,0.0,0.0,0.0,0.0,0.0,0.0,0.0,0.0,0.0,0.0,0.0,0.0,0.0,0.0,0.0,0.0,0.0,0.0,0.0,0.0,0.0,0.0,0.0,0.0,0.0,0.0,0.0,0.0,0.0,0.0,0.0,0.0,L,True,played,0.7777777777777778,0.7188498402555911,0.1111111111111111,0.8888888888888888,1.0,Malcolm Miller,malcolm miller
2025-26,2,9,regular_season,1421,2026-01-03,4,5,桃園台啤永豐雲豹,2,高雄全家海神,away,https://api.tpbl.basketball/api/games/1421/stats,10861,迪亞洛,166320,22.0,10.0,14.0,10.0,14.0,0.0,0.0,2.0,4.0,3.0,8.0,11.0,0.0,2.0,1.0,4.0,0.0,-6.0,0.7142857142857143,0.7142857142857143,,0.5,0.7140000000000001,0.7140000000000001,0.0,0.5,29.4,1764.0,False,4.0,4.0,0.0,2.0,0.0,0.0,0.0,16.0,2.0,9.0,26.0,71.4,69.8,26.0,8.0,4.0,12.0,4.0,0.0,4.0,1.0,0.0,1.0,0.0,0.0,0.0,0.0,1.0,0.0,3.0,0.0,0.0,0.0,0.0,0.0,0.0,0.0,0.0,5.0,3.0,2.0,5.0,0.0,0.0,0.0,1.0,0.0,1.0,0.0,0.0,0.0,1.0,0.0,1.0,0.0,0.0,0.0,0.0,0.0,0.0,0.0,0.0,0.0,0.0,0.0,0.0,0.0,0.0,0.0,5.0,2.0,7.0,0.0,0.0,0.0,0.0,0.0,0.0,0.0,0.0,0.0,0.0,0.0,0.0,0.0,0.0,0.0,0.0,0.0,0.0,0.0,0.0,0.0,0.0,0.0,0.0,0.0,0.0,0.0,W,True,played,0.7142857142857143,0.6979695431472082,0.0,0.2857142857142857,0.0,Cheick Diallo,cheick diallo
2025-26,2,9,regular_season,1421,2026-01-03,4,5,桃園台啤永豐雲豹,2,高雄全家海神,away,https://api.tpbl.basketball/api/games/1421/stats,16,米勒,166317,19.0,7.0,9.0,6.0,8.0,1.0,1.0,4.0,5.0,1.0,7.0,8.0,2.0,0.0,2.0,5.0,3.0,14.0,0.7777777777777778,0.75,1.0,0.8,0.778,0.75,1.0,0.8,30.8,1848.0,True,2.0,2.0,0.0,1.0,3.0,0.0,3.0,10.0,2.0,5.0,23.0,83.3,84.8,20.0,5.0,2.0,7.0,1.0,0.0,1.0,1.0,0.0,1.0,0.0,0.0,0.0,2.0,2.0,0.0,1.0,0.0,0.0,0.0,0.0,0.0,0.0,0.0,0.0,5.0,0.0,1.0,1.0,1.0,0.0,1.0,0.0,0.0,0.0,3.0,1.0,4.0,0.0,0.0,0.0,0.0,0.0,0.0,1.0,0.0,1.0,1.0,0.0,1.0,0.0,0.0,0.0,0.0,0.0,0.0,1.0,0.0,1.0,0.0,0.0,0.0,0.0,0.0,0.0,0.0,0.0,0.0,0.0,0.0,0.0,0.0,0.0,0.0,0.0,0.0,0.0,0.0,0.0,0.0,0.0,0.0,0.0,0.0,0.0,0.0,W,True,played,0.8333333333333334,0.8482142857142858,0.1111111111111111,0.5555555555555556,0.4,Malcolm Miller,malcolm miller
2025-26,2,9,regular_season,1421,2026-01-03,4,5,桃園台啤永豐雲豹,2,高雄全家海神,away,https://api.tpbl.basketball/api/games/1421/stats,68,克羅馬,166319,11.0,4.0,10.0,4.0,8.0,0.0,2.0,3.0,4.0,0.0,6.0,6.0,11.0,2.0,3.0,4.0,5.0,4.0,0.4,0.5,0.0,0.75,0.4,0.5,0.0,0.75,35.8,2148.0,True,6.0,4.0,2.0,1.0,5.0,0.0,5.0,6.0,0.0,0.0,22.0,40.0,46.8,17.0,3.0,0.0,3.0,0.0,0.0,0.0,0.0,0.0,0.0,0.0,0.0,0.0,2.0,1.0,0.0,1.0,0.0,0.0,0.0,0.0,0.0,0.0,0.0,0.0,0.0,1.0,2.0,3.0,0.0,1.0,1.0,0.0,0.0,0.0,3.0,1.0,4.0,0.0,0.0,0.0,0.0,0.0,0.0,0.0,0.0,0.0,0.0,0.0,0.0,0.0,0.0,0.0,0.0,0.0,0.0,0.0,0.0,0.0,0.0,0.0,0.0,0.0,0.0,0.0,0.0,0.0,0.0,0.0,0.0,0.0,0.0,0.0,0.0,0.0,1.0,1.0,0.0,0.0,0.0,0.0,0.0,0.0,0.0,1.0,1.0,W,True,played,0.4,0.467687074829932,0.2,0.4,2.75,Lasannah Kromah,lasannah kromah
2025-26,2,9,regular_season,1426,2026-01-09,4,5,桃園台啤永豐雲豹,7,新北國王,home,https://api.tpbl.basketball/api/games/1426/stats,10860,麥卡洛,166315,20.0,8.0,12.0,7.0,8.0,1.0,4.0,3.0,4.0,1.0,6.0,7.0,1.0,0.0,1.0,1.0,2.0,0.0,0.6666666666666666,0.875,0.25,0.75,0.667,0.875,0.25,0.75,25.866666666666667,1552.0,False,4.0,1.0,3.0,1.0,2.0,0.0,2.0,10.0,0.0,2.0,23.0,70.8,72.7,21.0,5.0,1.0,6.0,1.0,0.0,1.0,0.0,0.0,0.0,0.0,0.0,0.0,0.0,0.0,0.0,0.0,1.0,0.0,0.0,0.0,0.0,0.0,0.0,0.0,2.0,2.0,1.0,3.0,0.0,2.0,2.0,1.0,0.0,1.0,0.0,0.0,0.0,2.0,0.0,2.0,0.0,0.0,0.0,0.0,0.0,0.0,0.0,0.0,0.0,0.0,0.0,0.0,0.0,0.0,0.0,1.0,0.0,1.0,0.0,1.0,1.0,0.0,0.0,0.0,0.0,0.0,0.0,1.0,0.0,1.0,0.0,0.0,0.0,0.0,0.0,0.0,1.0,0.0,1.0,0.0,0.0,0.0,0.0,0.0,0.0,W,True,played,0.7083333333333334,0.7267441860465116,0.3333333333333333,0.3333333333333333,1.0,Chris McCullough,chris mccullough
2025-26,2,9,regular_season,1426,2026-01-09,4,5,桃園台啤永豐雲豹,7,新北國王,home,https://api.tpbl.basketball/api/games/1426/stats,10861,迪亞洛,166320,20.0,10.0,14.0,10.0,14.0,0.0,0.0,0.0,2.0,2.0,10.0,12.0,1.0,1.0,1.0,3.0,4.0,31.0,0.7142857142857143,0.7142857142857143,,0.0,0.7140000000000001,0.7140000000000001,0.0,0.0,29.8,1788.0,True,4.0,4.0,0.0,2.0,3.0,1.0,2.0,14.0,2.0,4.0,26.0,71.4,67.2,22.0,7.0,2.0,9.0,2.0,0.0,2.0,1.0,0.0,1.0,1.0,1.0,0.0,0.0,1.0,0.0,1.0,0.0,0.0,0.0,0.0,0.0,0.0,1.0,0.0,2.0,1.0,1.0,2.0,0.0,0.0,0.0,3.0,0.0,3.0,1.0,0.0,1.0,0.0,0.0,0.0,0.0,0.0,0.0,0.0,0.0,0.0,0.0,0.0,0.0,1.0,0.0,1.0,0.0,0.0,0.0,4.0,2.0,6.0,0.0,0.0,0.0,0.0,0.0,0.0,0.0,0.0,0.0,0.0,1.0,1.0,0.0,0.0,0.0,0.0,0.0,0.0,0.0,0.0,0.0,0.0,0.0,0.0,0.0,0.0,0.0,W,True,played,0.7142857142857143,0.6720430107526881,0.0,0.14285714285714285,0.3333333333333333,Cheick Diallo,cheick diallo
2025-26,2,9,regular_season,1426,2026-01-09,4,5,桃園台啤永豐雲豹,7,新北國王,home,https://api.tpbl.basketball/api/games/1426/stats,68,克羅馬,166319,24.0,10.0,18.0,10.0,18.0,0.0,0.0,4.0,8.0,2.0,4.0,6.0,6.0,2.0,0.0,3.0,4.0,24.0,0.5555555555555556,0.5555555555555556,,0.5,0.556,0.556,0.0,0.5,34.1,2046.0,True,8.0,8.0,0.0,4.0,4.0,0.0,3.0,14.0,4.0,4.0,23.0,55.6,55.8,19.0,7.0,2.0,9.0,2.0,0.0,2.0,2.0,0.0,2.0,1.0,0.0,0.0,2.0,1.0,0.0,0.0,0.0,0.0,0.0,0.0,0.0,0.0,0.0,0.0,0.0,0.0,1.0,1.0,0.0,0.0,0.0,2.0,0.0,2.0,4.0,2.0,6.0,0.0,0.0,0.0,0.0,0.0,0.0,1.0,0.0,1.0,0.0,0.0,0.0,0.0,0.0,0.0,0.0,0.0,0.0,0.0,0.0,0.0,0.0,0.0,0.0,1.0,0.0,1.0,0.0,0.0,0.0,1.0,2.0,3.0,0.0,0.0,0.0,0.0,1.0,1.0,0.0,0.0,0.0,1.0,2.0,3.0,0.0,0.0,0.0,W,True,played,0.5555555555555556,0.5576208178438662,0.0,0.4444444444444444,2.0,Lasannah Kromah,lasannah kromah
2025-26,2,9,regular_season,1430,2026-01-11,4,5,桃園台啤永豐雲豹,8,臺北台新戰神,away,https://api.tpbl.basketball/api/games/1430/stats,10860,麥卡洛,166315,12.0,4.0,10.0,4.0,9.0,0.0,1.0,4.0,4.0,6.0,4.0,10.0,1.0,2.0,0.0,0.0,2.0,-1.0,0.4,0.4444444444444444,0.0,1.0,0.4,0.444,0.0,1.0,25.45,1527.0,False,6.0,5.0,1.0,0.0,2.0,0.0,1.0,8.0,4.0,2.0,19.0,40.0,51.0,17.0,4.0,4.0,8.0,0.0,0.0,0.0,2.0,0.0,2.0,0.0,1.0,0.0,0.0,0.0,0.0,0.0,0.0,0.0,0.0,0.0,0.0,0.0,0.0,0.0,2.0,0.0,2.0,2.0,0.0,1.0,1.0,2.0,2.0,4.0,0.0,0.0,0.0,0.0,0.0,0.0,0.0,0.0,0.0,1.0,0.0,1.0,1.0,0.0,1.0,0.0,0.0,0.0,0.0,0.0,0.0,0.0,0.0,0.0,0.0,0.0,0.0,0.0,0.0,0.0,0.0,0.0,0.0,0.0,1.0,1.0,0.0,0.0,0.0,0.0,0.0,0.0,0.0,0.0,0.0,0.0,0.0,0.0,0.0,0.0,0.0,L,True,played,0.4,0.5102040816326531,0.1,0.4,,Chris McCullough,chris mccullough
2025-26,2,9,regular_season,1430,2026-01-11,4,5,桃園台啤永豐雲豹,8,臺北台新戰神,away,https://api.tpbl.basketball/api/games/1430/stats,10861,迪亞洛,166320,26.0,11.0,22.0,11.0,22.0,0.0,0.0,4.0,5.0,11.0,4.0,15.0,0.0,1.0,1.0,0.0,1.0,-4.0,0.5,0.5,,0.8,0.5,0.5,0.0,0.8,26.133333333333333,1568.0,True,11.0,11.0,0.0,1.0,1.0,0.0,1.0,22.0,17.0,0.0,31.0,50.0,53.7,30.0,11.0,11.0,22.0,0.0,0.0,0.0,8.0,0.0,8.0,0.0,0.0,0.0,0.0,0.0,0.0,0.0,0.0,0.0,0.0,0.0,0.0,0.0,0.0,0.0,0.0,3.0,2.0,5.0,0.0,0.0,0.0,3.0,3.0,6.0,1.0,2.0,3.0,0.0,0.0,0.0,0.0,0.0,0.0,2.0,2.0,4.0,0.0,0.0,0.0,1.0,0.0,1.0,0.0,0.0,0.0,0.0,2.0,2.0,0.0,0.0,0.0,0.0,0.0,0.0,0.0,0.0,0.0,1.0,0.0,1.0,0.0,0.0,0.0,0.0,0.0,0.0,0.0,0.0,0.0,0.0,0.0,0.0,0.0,0.0,0.0,L,True,played,0.5,0.5371900826446281,0.0,0.22727272727272727,,Cheick Diallo,cheick diallo
2025-26,2,9,regular_season,1430,2026-01-11,4,5,桃園台啤永豐雲豹,8,臺北台新戰神,away,https://api.tpbl.basketball/api/games/1430/stats,68,克羅馬,166319,31.0,12.0,25.0,11.0,22.0,1.0,3.0,6.0,9.0,0.0,5.0,5.0,5.0,3.0,1.0,4.0,2.0,-7.0,0.48,0.5,0.3333333333333333,0.6666666666666666,0.48,0.5,0.33299999999999996,0.667,44.416666666666664,2665.0,True,13.0,11.0,2.0,3.0,2.0,0.0,2.0,16.0,2.0,4.0,25.0,50.0,53.5,23.0,8.0,7.0,15.0,2.0,0.0,2.0,1.0,0.0,1.0,0.0,0.0,0.0,2.0,2.0,0.0,0.0,0.0,0.0,0.0,0.0,0.0,0.0,0.0,0.0,4.0,1.0,0.0,1.0,1.0,1.0,2.0,2.0,0.0,2.0,5.0,4.0,9.0,0.0,0.0,0.0,0.0,0.0,0.0,0.0,0.0,0.0,0.0,0.0,0.0,0.0,0.0,0.0,0.0,0.0,0.0,0.0,0.0,0.0,0.0,0.0,0.0,0.0,1.0,1.0,0.0,0.0,0.0,0.0,1.0,1.0,0.0,0.0,0.0,0.0,0.0,0.0,0.0,0.0,0.0,3.0,5.0,8.0,0.0,1.0,1.0,L,True,played,0.5,0.5352209944751382,0.12,0.36,1.25,Lasannah Kromah,lasannah kromah
2025-26,2,9,regular_season,1433,2026-01-18,4,5,桃園台啤永豐雲豹,3,福爾摩沙夢想家,away,https://api.tpbl.basketball/api/games/1433/stats,10860,麥卡洛,166315,14.0,5.0,12.0,3.0,10.0,2.0,2.0,2.0,4.0,4.0,4.0,8.0,1.0,0.0,0.0,0.0,3.0,3.0,0.4166666666666667,0.3,1.0,0.5,0.41700000000000004,0.3,1.0,0.5,16.6,996.0,False,7.0,7.0,0.0,2.0,3.0,0.0,3.0,4.0,3.0,0.0,14.0,50.0,50.9,11.0,2.0,5.0,7.0,0.0,0.0,0.0,1.0,0.0,1.0,0.0,0.0,0.0,0.0,0.0,0.0,0.0,0.0,0.0,0.0,0.0,0.0,0.0,0.0,0.0,0.0,1.0,3.0,4.0,0.0,0.0,0.0,0.0,1.0,1.0,0.0,0.0,0.0,1.0,1.0,2.0,0.0,0.0,0.0,0.0,0.0,0.0,0.0,0.0,0.0,0.0,0.0,0.0,0.0,0.0,0.0,1.0,1.0,2.0,2.0,0.0,2.0,0.0,1.0,1.0,0.0,0.0,0.0,0.0,0.0,0.0,0.0,0.0,0.0,0.0,0.0,0.0,0.0,0.0,0.0,0.0,0.0,0.0,0.0,0.0,0.0,W,True,played,0.5,0.5087209302325582,0.16666666666666666,0.3333333333333333,,Chris McCullough,chris mccullough
2025-26,2,9,regular_season,1433,2026-01-18,4,5,桃園台啤永豐雲豹,3,福爾摩沙夢想家,away,https://api.tpbl.basketball/api/games/1433/stats,16,米勒,166317,17.0,7.0,18.0,7.0,16.0,0.0,2.0,3.0,3.0,5.0,4.0,9.0,3.0,2.0,1.0,0.0,5.0,11.0,0.3888888888888889,0.4375,0.0,1.0,0.389,0.43799999999999994,0.0,1.0,38.78333333333333,2327.0,True,11.0,9.0,2.0,0.0,5.0,0.0,5.0,14.0,0.0,4.0,21.0,38.9,44.0,16.0,7.0,9.0,16.0,1.0,0.0,1.0,0.0,0.0,0.0,0.0,0.0,0.0,0.0,0.0,0.0,0.0,0.0,0.0,0.0,0.0,0.0,0.0,0.0,0.0,4.0,0.0,1.0,1.0,0.0,1.0,1.0,1.0,1.0,2.0,2.0,3.0,5.0,1.0,0.0,1.0,0.0,0.0,0.0,0.0,1.0,1.0,1.0,0.0,1.0,0.0,2.0,2.0,0.0,0.0,0.0,1.0,1.0,2.0,0.0,1.0,1.0,0.0,0.0,0.0,0.0,0.0,0.0,1.0,0.0,1.0,0.0,0.0,0.0,0.0,0.0,0.0,0.0,0.0,0.0,0.0,0.0,0.0,0.0,0.0,0.0,W,True,played,0.3888888888888889,0.43995859213250516,0.1111111111111111,0.16666666666666666,,Malcolm Miller,malcolm miller
2025-26,2,9,regular_season,1433,2026-01-18,4,5,桃園台啤永豐雲豹,3,福爾摩沙夢想家,away,https://api.tpbl.basketball/api/games/1433/stats,68,克羅馬,166319,22.0,9.0,24.0,8.0,19.0,1.0,5.0,3.0,4.0,2.0,9.0,11.0,3.0,6.0,0.0,1.0,3.0,0.0,0.375,0.42105263157894735,0.2,0.75,0.375,0.42100000000000004,0.2,0.75,40.61666666666667,2437.0,True,15.0,11.0,4.0,1.0,3.0,0.0,3.0,4.0,2.0,4.0,25.0,39.6,42.7,22.0,2.0,7.0,9.0,1.0,0.0,1.0,1.0,0.0,1.0,0.0,0.0,0.0,0.0,1.0,0.0,0.0,0.0,0.0,0.0,0.0,0.0,0.0,0.0,0.0,6.0,2.0,2.0,4.0,0.0,4.0,4.0,2.0,1.0,3.0,0.0,4.0,4.0,0.0,0.0,0.0,0.0,0.0,0.0,0.0,0.0,0.0,0.0,0.0,0.0,0.0,0.0,0.0,0.0,0.0,0.0,1.0,1.0,2.0,1.0,0.0,1.0,2.0,2.0,4.0,0.0,0.0,0.0,0.0,0.0,0.0,0.0,0.0,0.0,0.0,0.0,0.0,0.0,0.0,0.0,1.0,1.0,2.0,0.0,0.0,0.0,W,True,played,0.3958333333333333,0.42701863354037267,0.20833333333333334,0.16666666666666666,3.0,Lasannah Kromah,lasannah kromah
2025-26,2,9,regular_season,1440,2026-01-31,4,5,桃園台啤永豐雲豹,4,新竹御嵿攻城獅,home,https://api.tpbl.basketball/api/games/1440/stats,10861,迪亞洛,166320,16.0,7.0,12.0,7.0,12.0,0.0,0.0,2.0,4.0,4.0,3.0,7.0,3.0,0.0,0.0,3.0,1.0,10.0,0.5833333333333334,0.5833333333333334,,0.5,0.583,0.583,0.0,0.5,25.983333333333334,1559.0,False,5.0,5.0,0.0,2.0,1.0,0.0,1.0,12.0,2.0,4.0,16.0,58.3,58.1,15.0,6.0,3.0,9.0,2.0,0.0,2.0,1.0,0.0,1.0,0.0,0.0,0.0,1.0,1.0,0.0,1.0,0.0,0.0,0.0,0.0,0.0,0.0,0.0,0.0,2.0,1.0,0.0,1.0,0.0,0.0,0.0,3.0,2.0,5.0,0.0,0.0,0.0,1.0,0.0,1.0,0.0,0.0,0.0,0.0,0.0,0.0,0.0,0.0,0.0,0.0,0.0,0.0,0.0,0.0,0.0,2.0,1.0,3.0,0.0,0.0,0.0,0.0,0.0,0.0,0.0,0.0,0.0,0.0,2.0,2.0,0.0,0.0,0.0,0.0,0.0,0.0,0.0,0.0,0.0,0.0,0.0,0.0,0.0,0.0,0.0,W,True,played,0.5833333333333334,0.5813953488372093,0.0,0.3333333333333333,1.0,Cheick Diallo,cheick diallo
2025-26,2,9,regular_season,1440,2026-01-31,4,5,桃園台啤永豐雲豹,4,新竹御嵿攻城獅,home,https://api.tpbl.basketball/api/games/1440/stats,16,米勒,166317,10.0,5.0,10.0,5.0,8.0,0.0,2.0,0.0,1.0,2.0,7.0,9.0,1.0,2.0,3.0,3.0,3.0,-12.0,0.5,0.625,0.0,0.0,0.5,0.625,0.0,0.0,31.933333333333334,1916.0,True,5.0,3.0,2.0,1.0,3.0,0.0,3.0,6.0,2.0,2.0,16.0,50.0,47.9,13.0,3.0,2.0,5.0,1.0,0.0,1.0,1.0,0.0,1.0,0.0,0.0,0.0,0.0,2.0,0.0,1.0,0.0,0.0,0.0,0.0,0.0,0.0,0.0,0.0,2.0,1.0,0.0,1.0,0.0,2.0,2.0,1.0,1.0,2.0,1.0,0.0,1.0,0.0,0.0,0.0,0.0,0.0,0.0,0.0,0.0,0.0,1.0,0.0,1.0,0.0,0.0,0.0,0.0,0.0,0.0,0.0,0.0,0.0,0.0,0.0,0.0,0.0,1.0,1.0,0.0,0.0,0.0,0.0,0.0,0.0,0.0,0.0,0.0,1.0,0.0,1.0,0.0,0.0,0.0,0.0,1.0,1.0,0.0,0.0,0.0,W,True,played,0.5,0.47892720306513414,0.2,0.1,0.3333333333333333,Malcolm Miller,malcolm miller
2025-26,2,9,regular_season,1440,2026-01-31,4,5,桃園台啤永豐雲豹,4,新竹御嵿攻城獅,home,https://api.tpbl.basketball/api/games/1440/stats,68,克羅馬,166319,26.0,10.0,25.0,9.0,21.0,1.0,4.0,5.0,5.0,2.0,11.0,13.0,6.0,9.0,0.0,3.0,3.0,10.0,0.4,0.42857142857142855,0.25,1.0,0.4,0.429,0.25,1.0,38.083333333333336,2285.0,True,15.0,12.0,3.0,0.0,3.0,0.0,3.0,14.0,2.0,0.0,36.0,42.0,47.8,33.0,7.0,9.0,16.0,0.0,0.0,0.0,0.0,0.0,0.0,0.0,0.0,0.0,1.0,2.0,0.0,0.0,0.0,0.0,0.0,0.0,0.0,0.0,0.0,0.0,2.0,0.0,1.0,1.0,1.0,3.0,4.0,0.0,2.0,2.0,4.0,5.0,9.0,1.0,0.0,1.0,0.0,0.0,0.0,0.0,0.0,0.0,0.0,0.0,0.0,0.0,0.0,0.0,0.0,0.0,0.0,0.0,0.0,0.0,0.0,0.0,0.0,0.0,1.0,1.0,0.0,0.0,0.0,1.0,1.0,2.0,0.0,0.0,0.0,1.0,0.0,1.0,0.0,0.0,0.0,2.0,2.0,4.0,0.0,0.0,0.0,W,True,played,0.42,0.47794117647058826,0.16,0.2,2.0,Lasannah Kromah,lasannah kromah
2025-26,2,9,regular_season,1442,2026-02-01,4,5,桃園台啤永豐雲豹,8,臺北台新戰神,home,https://api.tpbl.basketball/api/games/1442/stats,10860,麥卡洛,166315,26.0,12.0,21.0,11.0,17.0,1.0,4.0,1.0,2.0,5.0,10.0,15.0,1.0,2.0,2.0,1.0,2.0,15.0,0.5714285714285714,0.6470588235294118,0.25,0.5,0.5710000000000001,0.647,0.25,0.5,40.0,2400.0,True,9.0,6.0,3.0,1.0,2.0,0.0,2.0,20.0,7.0,6.0,35.0,59.5,59.4,33.0,10.0,4.0,14.0,3.0,0.0,3.0,3.0,0.0,3.0,0.0,0.0,0.0,0.0,0.0,0.0,0.0,1.0,0.0,0.0,0.0,0.0,0.0,0.0,0.0,7.0,1.0,2.0,3.0,1.0,3.0,4.0,6.0,0.0,6.0,1.0,0.0,1.0,1.0,0.0,1.0,1.0,0.0,1.0,0.0,0.0,0.0,1.0,2.0,3.0,0.0,0.0,0.0,0.0,0.0,0.0,0.0,2.0,2.0,0.0,0.0,0.0,0.0,0.0,0.0,0.0,0.0,0.0,0.0,0.0,0.0,0.0,0.0,0.0,0.0,0.0,0.0,0.0,0.0,0.0,0.0,0.0,0.0,0.0,0.0,0.0,W,True,played,0.5952380952380952,0.5941499085923218,0.19047619047619047,0.09523809523809523,1.0,Chris McCullough,chris mccullough
2025-26,2,9,regular_season,1442,2026-02-01,4,5,桃園台啤永豐雲豹,8,臺北台新戰神,home,https://api.tpbl.basketball/api/games/1442/stats,16,米勒,166317,13.0,4.0,9.0,2.0,5.0,2.0,4.0,3.0,4.0,3.0,2.0,5.0,0.0,0.0,0.0,1.0,4.0,5.0,0.4444444444444444,0.4,0.5,0.75,0.444,0.4,0.5,0.75,23.083333333333332,1385.0,False,5.0,3.0,2.0,1.0,4.0,0.0,4.0,2.0,3.0,2.0,11.0,55.6,60.4,7.0,1.0,2.0,3.0,0.0,0.0,0.0,1.0,0.0,1.0,0.0,0.0,0.0,0.0,1.0,0.0,0.0,0.0,0.0,0.0,0.0,0.0,0.0,0.0,0.0,0.0,0.0,1.0,1.0,2.0,1.0,3.0,1.0,1.0,2.0,0.0,0.0,0.0,0.0,0.0,0.0,0.0,0.0,0.0,0.0,0.0,0.0,0.0,0.0,0.0,0.0,0.0,0.0,0.0,0.0,0.0,0.0,0.0,0.0,0.0,0.0,0.0,0.0,1.0,1.0,0.0,0.0,0.0,0.0,0.0,0.0,0.0,1.0,1.0,1.0,0.0,1.0,0.0,0.0,0.0,0.0,0.0,0.0,0.0,0.0,0.0,W,True,played,0.5555555555555556,0.604089219330855,0.4444444444444444,0.4444444444444444,0.0,Malcolm Miller,malcolm miller
2025-26,2,9,regular_season,1442,2026-02-01,4,5,桃園台啤永豐雲豹,8,臺北台新戰神,home,https://api.tpbl.basketball/api/games/1442/stats,68,克羅馬,166319,22.0,9.0,19.0,8.0,16.0,1.0,3.0,3.0,6.0,0.0,7.0,7.0,5.0,3.0,1.0,7.0,4.0,2.0,0.47368421052631576,0.5,0.3333333333333333,0.5,0.474,0.5,0.33299999999999996,0.5,32.916666666666664,1975.0,True,10.0,8.0,2.0,3.0,4.0,0.0,3.0,8.0,2.0,2.0,18.0,50.0,50.8,14.0,4.0,3.0,7.0,1.0,0.0,1.0,1.0,0.0,1.0,0.0,1.0,0.0,1.0,3.0,0.0,2.0,0.0,0.0,0.0,0.0,0.0,1.0,0.0,0.0,3.0,0.0,2.0,2.0,1.0,2.0,3.0,0.0,2.0,2.0,3.0,1.0,4.0,1.0,0.0,1.0,0.0,0.0,0.0,0.0,0.0,0.0,0.0,0.0,0.0,0.0,0.0,0.0,0.0,0.0,0.0,0.0,0.0,0.0,0.0,0.0,0.0,0.0,1.0,1.0,0.0,0.0,0.0,1.0,0.0,1.0,0.0,0.0,0.0,0.0,0.0,0.0,0.0,0.0,0.0,3.0,2.0,5.0,0.0,0.0,0.0,W,True,played,0.5,0.5083179297597042,0.15789473684210525,0.3157894736842105,0.7142857142857143,Lasannah Kromah,lasannah kromah
2025-26,2,9,regular_season,1443,2026-02-07,4,5,桃園台啤永豐雲豹,2,高雄全家海神,away,https://api.tpbl.basketball/api/games/1443/stats,10860,麥卡洛,166315,15.0,7.0,11.0,7.0,10.0,0.0,1.0,1.0,2.0,2.0,2.0,4.0,0.0,1.0,0.0,3.0,3.0,15.0,0.6363636363636364,0.7,0.0,0.5,0.636,0.7,0.0,0.5,22.95,1377.0,False,4.0,3.0,1.0,1.0,1.0,2.0,3.0,12.0,4.0,6.0,12.0,63.6,63.1,9.0,6.0,1.0,7.0,3.0,0.0,3.0,2.0,0.0,2.0,0.0,0.0,0.0,1.0,0.0,0.0,0.0,0.0,0.0,0.0,0.0,0.0,0.0,2.0,0.0,4.0,1.0,0.0,1.0,0.0,1.0,1.0,4.0,2.0,6.0,0.0,0.0,0.0,2.0,0.0,2.0,0.0,0.0,0.0,0.0,0.0,0.0,0.0,0.0,0.0,0.0,0.0,0.0,0.0,0.0,0.0,0.0,1.0,1.0,0.0,0.0,0.0,0.0,0.0,0.0,0.0,0.0,0.0,0.0,0.0,0.0,0.0,0.0,0.0,0.0,0.0,0.0,0.0,0.0,0.0,0.0,0.0,0.0,0.0,0.0,0.0,W,True,played,0.6363636363636364,0.6313131313131313,0.09090909090909091,0.18181818181818182,0.0,Chris McCullough,chris mccullough
2025-26,2,9,regular_season,1443,2026-02-07,4,5,桃園台啤永豐雲豹,2,高雄全家海神,away,https://api.tpbl.basketball/api/games/1443/stats,10861,迪亞洛,166320,24.0,11.0,15.0,11.0,15.0,0.0,0.0,2.0,3.0,0.0,12.0,12.0,6.0,1.0,2.0,3.0,1.0,27.0,0.7333333333333333,0.7333333333333333,,0.6666666666666666,0.733,0.733,0.0,0.667,31.683333333333334,1901.0,True,4.0,4.0,0.0,1.0,1.0,0.0,1.0,22.0,0.0,4.0,37.0,73.3,73.5,36.0,11.0,3.0,14.0,2.0,0.0,2.0,0.0,0.0,0.0,0.0,0.0,0.0,1.0,1.0,0.0,1.0,0.0,0.0,0.0,0.0,0.0,0.0,0.0,0.0,8.0,0.0,0.0,0.0,0.0,0.0,0.0,7.0,2.0,9.0,0.0,0.0,0.0,2.0,0.0,2.0,0.0,0.0,0.0,0.0,0.0,0.0,0.0,1.0,1.0,0.0,0.0,0.0,0.0,0.0,0.0,2.0,0.0,2.0,0.0,0.0,0.0,0.0,0.0,0.0,0.0,0.0,0.0,0.0,0.0,0.0,0.0,0.0,0.0,0.0,0.0,0.0,0.0,0.0,0.0,0.0,1.0,1.0,0.0,0.0,0.0,W,True,played,0.7333333333333333,0.7352941176470588,0.0,0.2,2.0,Cheick Diallo,cheick diallo
2025-26,2,9,regular_season,1443,2026-02-07,4,5,桃園台啤永豐雲豹,2,高雄全家海神,away,https://api.tpbl.basketball/api/games/1443/stats,68,克羅馬,166319,13.0,6.0,13.0,6.0,10.0,0.0,3.0,1.0,5.0,1.0,3.0,4.0,8.0,4.0,2.0,3.0,0.0,20.0,0.46153846153846156,0.6,0.0,0.2,0.462,0.6,0.0,0.2,27.466666666666665,1648.0,True,7.0,4.0,3.0,4.0,0.0,0.0,0.0,10.0,0.0,2.0,17.0,46.2,42.8,17.0,5.0,3.0,8.0,1.0,0.0,1.0,0.0,0.0,0.0,0.0,0.0,0.0,1.0,1.0,1.0,0.0,0.0,0.0,0.0,0.0,0.0,0.0,0.0,0.0,2.0,1.0,2.0,3.0,0.0,3.0,3.0,3.0,1.0,4.0,1.0,1.0,2.0,0.0,0.0,0.0,0.0,0.0,0.0,0.0,0.0,0.0,0.0,0.0,0.0,0.0,0.0,0.0,0.0,0.0,0.0,0.0,0.0,0.0,0.0,0.0,0.0,0.0,0.0,0.0,0.0,0.0,0.0,0.0,0.0,0.0,0.0,0.0,0.0,0.0,0.0,0.0,0.0,0.0,0.0,1.0,0.0,1.0,0.0,0.0,0.0,W,True,played,0.46153846153846156,0.4276315789473684,0.23076923076923078,0.38461538461538464,2.6666666666666665,Lasannah Kromah,lasannah kromah
2025-26,2,9,regular_season,1449,2026-02-14,4,5,桃園台啤永豐雲豹,3,福爾摩沙夢想家,home,https://api.tpbl.basketball/api/games/1449/stats,10861,迪亞洛,166320,18.0,7.0,15.0,7.0,15.0,0.0,0.0,4.0,8.0,11.0,7.0,18.0,3.0,1.0,0.0,4.0,3.0,-5.0,0.4666666666666667,0.4666666666666667,,0.5,0.467,0.467,0.0,0.5,28.633333333333333,1718.0,True,8.0,8.0,0.0,4.0,1.0,2.0,3.0,12.0,14.0,2.0,24.0,46.7,48.6,21.0,6.0,5.0,11.0,1.0,0.0,1.0,6.0,0.0,6.0,0.0,0.0,0.0,0.0,1.0,0.0,0.0,1.0,0.0,0.0,0.0,0.0,0.0,2.0,0.0,2.0,0.0,1.0,1.0,0.0,0.0,0.0,1.0,3.0,4.0,0.0,1.0,1.0,1.0,0.0,1.0,0.0,0.0,0.0,3.0,0.0,3.0,0.0,0.0,0.0,0.0,0.0,0.0,0.0,0.0,0.0,1.0,3.0,4.0,0.0,0.0,0.0,0.0,0.0,0.0,0.0,0.0,0.0,1.0,0.0,1.0,0.0,0.0,0.0,0.0,0.0,0.0,0.0,0.0,0.0,0.0,0.0,0.0,0.0,0.0,0.0,L,True,played,0.4666666666666667,0.4859611231101512,0.0,0.5333333333333333,0.75,Cheick Diallo,cheick diallo
2025-26,2,9,regular_season,1449,2026-02-14,4,5,桃園台啤永豐雲豹,3,福爾摩沙夢想家,home,https://api.tpbl.basketball/api/games/1449/stats,16,米勒,166317,23.0,8.0,18.0,4.0,9.0,4.0,9.0,3.0,4.0,5.0,3.0,8.0,1.0,0.0,1.0,1.0,2.0,7.0,0.4444444444444444,0.4444444444444444,0.4444444444444444,0.75,0.444,0.444,0.444,0.75,27.9,1674.0,False,10.0,5.0,5.0,1.0,2.0,0.0,2.0,8.0,7.0,0.0,21.0,55.6,58.2,19.0,4.0,3.0,7.0,0.0,0.0,0.0,3.0,0.0,3.0,0.0,0.0,0.0,1.0,0.0,0.0,0.0,0.0,0.0,0.0,0.0,0.0,0.0,0.0,0.0,4.0,0.0,2.0,2.0,3.0,5.0,8.0,2.0,0.0,2.0,0.0,2.0,2.0,1.0,0.0,1.0,0.0,1.0,1.0,0.0,0.0,0.0,0.0,0.0,0.0,0.0,0.0,0.0,0.0,0.0,0.0,0.0,0.0,0.0,0.0,0.0,0.0,1.0,0.0,1.0,0.0,0.0,0.0,0.0,0.0,0.0,0.0,0.0,0.0,0.0,0.0,0.0,1.0,0.0,1.0,0.0,0.0,0.0,0.0,0.0,0.0,L,True,played,0.5555555555555556,0.5819838056680161,0.5,0.2222222222222222,1.0,Malcolm Miller,malcolm miller
2025-26,2,9,regular_season,1449,2026-02-14,4,5,桃園台啤永豐雲豹,3,福爾摩沙夢想家,home,https://api.tpbl.basketball/api/games/1449/stats,68,克羅馬,166319,22.0,10.0,23.0,9.0,18.0,1.0,5.0,1.0,2.0,2.0,5.0,7.0,6.0,3.0,1.0,4.0,6.0,-6.0,0.43478260869565216,0.5,0.2,0.5,0.435,0.5,0.2,0.5,39.46666666666667,2368.0,True,13.0,9.0,4.0,1.0,6.0,0.0,6.0,6.0,0.0,6.0,21.0,45.7,46.1,15.0,3.0,4.0,7.0,3.0,0.0,3.0,0.0,0.0,0.0,0.0,0.0,0.0,3.0,1.0,0.0,0.0,0.0,0.0,0.0,0.0,0.0,0.0,0.0,0.0,6.0,2.0,2.0,4.0,0.0,2.0,2.0,0.0,2.0,2.0,2.0,2.0,4.0,0.0,0.0,0.0,0.0,0.0,0.0,0.0,0.0,0.0,0.0,0.0,0.0,0.0,0.0,0.0,0.0,0.0,0.0,0.0,0.0,0.0,0.0,0.0,0.0,2.0,2.0,4.0,0.0,0.0,0.0,1.0,0.0,1.0,0.0,0.0,0.0,1.0,1.0,2.0,0.0,2.0,2.0,1.0,0.0,1.0,1.0,0.0,1.0,L,True,played,0.45652173913043476,0.46063651591289784,0.21739130434782608,0.08695652173913043,1.5,Lasannah Kromah,lasannah kromah
2025-26,2,9,regular_season,1451,2026-02-15,4,5,桃園台啤永豐雲豹,6,新北中信特攻,home,https://api.tpbl.basketball/api/games/1451/stats,10860,麥卡洛,166315,14.0,5.0,12.0,5.0,8.0,0.0,4.0,4.0,5.0,1.0,8.0,9.0,7.0,2.0,3.0,4.0,3.0,0.0,0.4166666666666667,0.625,0.0,0.8,0.41700000000000004,0.625,0.0,0.8,30.05,1803.0,True,7.0,3.0,4.0,1.0,3.0,0.0,3.0,10.0,0.0,2.0,23.0,41.7,49.3,20.0,5.0,2.0,7.0,1.0,0.0,1.0,0.0,0.0,0.0,0.0,0.0,0.0,2.0,1.0,0.0,1.0,0.0,0.0,0.0,0.0,0.0,0.0,0.0,0.0,2.0,0.0,0.0,0.0,0.0,2.0,2.0,3.0,1.0,4.0,1.0,0.0,1.0,0.0,1.0,1.0,0.0,0.0,0.0,0.0,0.0,0.0,0.0,0.0,0.0,0.0,0.0,0.0,0.0,0.0,0.0,1.0,1.0,2.0,0.0,0.0,0.0,0.0,0.0,0.0,0.0,0.0,0.0,0.0,0.0,0.0,0.0,0.0,0.0,0.0,0.0,0.0,0.0,1.0,1.0,0.0,0.0,0.0,0.0,1.0,1.0,W,True,played,0.4166666666666667,0.49295774647887325,0.3333333333333333,0.4166666666666667,1.75,Chris McCullough,chris mccullough
2025-26,2,9,regular_season,1451,2026-02-15,4,5,桃園台啤永豐雲豹,6,新北中信特攻,home,https://api.tpbl.basketball/api/games/1451/stats,10861,迪亞洛,166320,17.0,6.0,14.0,6.0,14.0,0.0,0.0,5.0,6.0,6.0,9.0,15.0,1.0,1.0,0.0,1.0,0.0,-1.0,0.42857142857142855,0.42857142857142855,,0.8333333333333334,0.429,0.429,0.0,0.833,32.983333333333334,1979.0,False,8.0,8.0,0.0,1.0,0.0,0.0,0.0,10.0,6.0,2.0,24.0,42.9,51.1,24.0,5.0,7.0,12.0,1.0,0.0,1.0,3.0,0.0,3.0,0.0,0.0,0.0,0.0,1.0,0.0,0.0,0.0,0.0,0.0,0.0,0.0,0.0,0.0,0.0,4.0,0.0,1.0,1.0,0.0,0.0,0.0,2.0,4.0,6.0,1.0,0.0,1.0,0.0,0.0,0.0,0.0,0.0,0.0,1.0,0.0,1.0,0.0,0.0,0.0,0.0,0.0,0.0,0.0,0.0,0.0,1.0,1.0,2.0,0.0,0.0,0.0,1.0,2.0,3.0,0.0,0.0,0.0,0.0,0.0,0.0,0.0,0.0,0.0,0.0,0.0,0.0,0.0,0.0,0.0,0.0,0.0,0.0,0.0,0.0,0.0,W,True,played,0.42857142857142855,0.5108173076923077,0.0,0.42857142857142855,1.0,Cheick Diallo,cheick diallo
2025-26,2,9,regular_season,1451,2026-02-15,4,5,桃園台啤永豐雲豹,6,新北中信特攻,home,https://api.tpbl.basketball/api/games/1451/stats,16,米勒,166317,11.0,4.0,9.0,2.0,4.0,2.0,5.0,1.0,2.0,1.0,6.0,7.0,2.0,2.0,2.0,5.0,3.0,7.0,0.4444444444444444,0.5,0.4,0.5,0.444,0.5,0.4,0.5,32.96666666666667,1978.0,True,5.0,2.0,3.0,1.0,2.0,1.0,3.0,2.0,3.0,2.0,13.0,55.6,55.7,10.0,1.0,1.0,2.0,1.0,0.0,1.0,1.0,0.0,1.0,0.0,0.0,0.0,1.0,3.0,0.0,0.0,0.0,0.0,0.0,0.0,0.0,0.0,1.0,0.0,2.0,0.0,1.0,1.0,2.0,3.0,5.0,0.0,0.0,0.0,1.0,1.0,2.0,0.0,0.0,0.0,0.0,0.0,0.0,0.0,0.0,0.0,0.0,0.0,0.0,0.0,0.0,0.0,0.0,0.0,0.0,0.0,0.0,0.0,0.0,0.0,0.0,0.0,0.0,0.0,0.0,0.0,0.0,1.0,0.0,1.0,0.0,0.0,0.0,0.0,0.0,0.0,0.0,0.0,0.0,0.0,0.0,0.0,0.0,0.0,0.0,W,True,played,0.5555555555555556,0.5566801619433198,0.5555555555555556,0.2222222222222222,0.4,Malcolm Miller,malcolm miller
2025-26,2,9,regular_season,1452,2026-03-04,4,5,桃園台啤永豐雲豹,7,新北國王,away,https://api.tpbl.basketball/api/games/1452/stats,10860,麥卡洛,166315,22.0,9.0,16.0,9.0,15.0,0.0,1.0,4.0,7.0,6.0,12.0,18.0,1.0,2.0,1.0,2.0,2.0,13.0,0.5625,0.6,0.0,0.5714285714285714,0.563,0.6,0.0,0.5710000000000001,31.7,1902.0,False,7.0,6.0,1.0,3.0,2.0,0.0,2.0,16.0,4.0,2.0,32.0,56.3,57.7,30.0,8.0,5.0,13.0,1.0,0.0,1.0,2.0,0.0,2.0,0.0,0.0,0.0,1.0,0.0,0.0,1.0,0.0,0.0,0.0,0.0,0.0,0.0,0.0,0.0,2.0,2.0,0.0,2.0,0.0,1.0,1.0,0.0,2.0,2.0,1.0,3.0,4.0,1.0,0.0,1.0,1.0,0.0,1.0,1.0,0.0,1.0,1.0,0.0,1.0,0.0,0.0,0.0,0.0,0.0,0.0,1.0,0.0,1.0,0.0,0.0,0.0,0.0,0.0,0.0,0.0,0.0,0.0,0.0,0.0,0.0,0.0,0.0,0.0,0.0,0.0,0.0,0.0,0.0,0.0,1.0,1.0,2.0,0.0,0.0,0.0,W,True,played,0.5625,0.5765199161425577,0.0625,0.4375,0.5,Chris McCullough,chris mccullough
2025-26,2,9,regular_season,1452,2026-03-04,4,5,桃園台啤永豐雲豹,7,新北國王,away,https://api.tpbl.basketball/api/games/1452/stats,10861,迪亞洛,166320,26.0,12.0,15.0,12.0,15.0,0.0,0.0,2.0,4.0,3.0,6.0,9.0,1.0,0.0,0.0,3.0,4.0,11.0,0.8,0.8,,0.5,0.8,0.8,0.0,0.5,26.933333333333334,1616.0,True,3.0,3.0,0.0,2.0,3.0,1.0,4.0,22.0,7.0,4.0,28.0,80.0,77.6,24.0,11.0,3.0,14.0,2.0,0.0,2.0,3.0,0.0,3.0,0.0,0.0,0.0,2.0,0.0,0.0,0.0,0.0,0.0,0.0,0.0,0.0,0.0,1.0,0.0,0.0,1.0,1.0,2.0,0.0,0.0,0.0,6.0,0.0,6.0,2.0,1.0,3.0,1.0,0.0,1.0,0.0,0.0,0.0,0.0,0.0,0.0,0.0,0.0,0.0,0.0,0.0,0.0,0.0,0.0,0.0,2.0,1.0,3.0,0.0,0.0,0.0,0.0,0.0,0.0,0.0,0.0,0.0,0.0,0.0,0.0,0.0,0.0,0.0,0.0,0.0,0.0,0.0,0.0,0.0,0.0,0.0,0.0,0.0,0.0,0.0,W,True,played,0.8,0.7756563245823388,0.0,0.26666666666666666,0.3333333333333333,Cheick Diallo,cheick diallo
2025-26,2,9,regular_season,1452,2026-03-04,4,5,桃園台啤永豐雲豹,7,新北國王,away,https://api.tpbl.basketball/api/games/1452/stats,68,克羅馬,166319,30.0,9.0,18.0,9.0,16.0,0.0,2.0,12.0,13.0,1.0,4.0,5.0,9.0,3.0,1.0,2.0,2.0,11.0,0.5,0.5625,0.0,0.9230769230769231,0.5,0.563,0.0,0.9229999999999999,35.666666666666664,2140.0,True,9.0,7.0,2.0,1.0,2.0,0.0,2.0,14.0,2.0,0.0,36.0,50.0,63.2,34.0,7.0,4.0,11.0,0.0,0.0,0.0,1.0,0.0,1.0,0.0,0.0,0.0,2.0,0.0,0.0,0.0,0.0,0.0,0.0,0.0,0.0,0.0,0.0,0.0,4.0,0.0,0.0,0.0,0.0,2.0,2.0,0.0,2.0,2.0,4.0,1.0,5.0,0.0,0.0,0.0,0.0,0.0,0.0,0.0,0.0,0.0,0.0,0.0,0.0,0.0,0.0,0.0,0.0,0.0,0.0,0.0,1.0,1.0,0.0,0.0,0.0,4.0,0.0,4.0,0.0,0.0,0.0,1.0,1.0,2.0,0.0,0.0,0.0,0.0,1.0,1.0,0.0,0.0,0.0,0.0,1.0,1.0,0.0,0.0,0.0,W,True,played,0.5,0.6323777403035413,0.1111111111111111,0.7222222222222222,4.5,Lasannah Kromah,lasannah kromah
2025-26,2,9,regular_season,1455,2026-03-07,4,5,桃園台啤永豐雲豹,4,新竹御嵿攻城獅,home,https://api.tpbl.basketball/api/games/1455/stats,10861,迪亞洛,166320,13.0,5.0,9.0,5.0,9.0,0.0,0.0,3.0,5.0,1.0,7.0,8.0,0.0,1.0,1.0,2.0,5.0,-14.0,0.5555555555555556,0.5555555555555556,,0.6,0.556,0.556,0.0,0.6,22.45,1347.0,True,4.0,4.0,0.0,2.0,5.0,0.0,5.0,8.0,2.0,4.0,15.0,55.6,58.0,10.0,4.0,4.0,8.0,1.0,0.0,1.0,1.0,0.0,1.0,0.0,0.0,0.0,1.0,1.0,0.0,0.0,0.0,0.0,0.0,0.0,0.0,0.0,0.0,0.0,0.0,0.0,1.0,1.0,0.0,0.0,0.0,3.0,2.0,5.0,0.0,0.0,0.0,0.0,0.0,0.0,0.0,0.0,0.0,0.0,0.0,0.0,0.0,0.0,0.0,0.0,0.0,0.0,0.0,0.0,0.0,2.0,1.0,3.0,0.0,0.0,0.0,0.0,0.0,0.0,0.0,0.0,0.0,0.0,0.0,0.0,0.0,0.0,0.0,0.0,0.0,0.0,0.0,0.0,0.0,0.0,0.0,0.0,0.0,0.0,0.0,L,True,played,0.5555555555555556,0.5803571428571429,0.0,0.5555555555555556,0.0,Cheick Diallo,cheick diallo
2025-26,2,9,regular_season,1455,2026-03-07,4,5,桃園台啤永豐雲豹,4,新竹御嵿攻城獅,home,https://api.tpbl.basketball/api/games/1455/stats,16,米勒,166317,11.0,4.0,10.0,3.0,6.0,1.0,4.0,2.0,2.0,2.0,6.0,8.0,2.0,2.0,1.0,2.0,2.0,2.0,0.4,0.5,0.25,1.0,0.4,0.5,0.25,1.0,35.0,2100.0,False,6.0,3.0,3.0,0.0,2.0,0.0,2.0,6.0,0.0,2.0,16.0,45.0,50.6,14.0,3.0,1.0,4.0,1.0,0.0,1.0,0.0,0.0,0.0,0.0,0.0,0.0,1.0,0.0,1.0,0.0,0.0,0.0,0.0,0.0,0.0,0.0,0.0,0.0,3.0,0.0,2.0,2.0,1.0,2.0,3.0,2.0,1.0,3.0,0.0,0.0,0.0,1.0,0.0,1.0,0.0,0.0,0.0,0.0,0.0,0.0,0.0,0.0,0.0,0.0,0.0,0.0,0.0,0.0,0.0,0.0,0.0,0.0,0.0,0.0,0.0,0.0,0.0,0.0,0.0,0.0,0.0,0.0,0.0,0.0,0.0,0.0,0.0,0.0,0.0,0.0,0.0,1.0,1.0,0.0,0.0,0.0,0.0,0.0,0.0,L,True,played,0.45,0.5055147058823529,0.4,0.2,1.0,Malcolm Miller,malcolm miller
2025-26,2,9,regular_season,1455,2026-03-07,4,5,桃園台啤永豐雲豹,4,新竹御嵿攻城獅,home,https://api.tpbl.basketball/api/games/1455/stats,68,克羅馬,166319,42.0,15.0,28.0,14.0,25.0,1.0,3.0,11.0,11.0,1.0,3.0,4.0,4.0,0.0,1.0,3.0,3.0,6.0,0.5357142857142857,0.56,0.3333333333333333,1.0,0.536,0.56,0.33299999999999996,1.0,38.55,2313.0,True,13.0,11.0,2.0,0.0,3.0,0.0,3.0,14.0,0.0,3.0,35.0,55.4,63.9,32.0,7.0,4.0,11.0,1.0,0.0,1.0,0.0,0.0,0.0,0.0,0.0,0.0,2.0,1.0,0.0,0.0,0.0,0.0,0.0,0.0,0.0,0.0,0.0,0.0,2.0,1.0,0.0,1.0,0.0,2.0,2.0,0.0,0.0,0.0,6.0,4.0,10.0,0.0,0.0,0.0,0.0,0.0,0.0,0.0,0.0,0.0,0.0,0.0,0.0,0.0,0.0,0.0,0.0,0.0,0.0,0.0,0.0,0.0,0.0,0.0,0.0,5.0,1.0,6.0,0.0,0.0,0.0,0.0,0.0,0.0,0.0,0.0,0.0,1.0,2.0,3.0,1.0,0.0,1.0,1.0,4.0,5.0,0.0,0.0,0.0,L,True,played,0.5535714285714286,0.6394640682095005,0.10714285714285714,0.39285714285714285,1.3333333333333333,Lasannah Kromah,lasannah kromah
2025-26,2,9,regular_season,1457,2026-03-08,4,5,桃園台啤永豐雲豹,7,新北國王,home,https://api.tpbl.basketball/api/games/1457/stats,10860,麥卡洛,166315,29.0,12.0,23.0,11.0,20.0,1.0,3.0,4.0,8.0,3.0,10.0,13.0,2.0,3.0,0.0,5.0,5.0,-16.0,0.5217391304347826,0.55,0.3333333333333333,0.5,0.522,0.55,0.33299999999999996,0.5,38.166666666666664,2290.0,True,11.0,9.0,2.0,4.0,2.0,3.0,4.0,18.0,2.0,2.0,27.0,54.3,54.7,22.0,9.0,6.0,15.0,1.0,0.0,1.0,1.0,0.0,1.0,1.0,0.0,0.0,1.0,0.0,0.0,1.0,0.0,0.0,0.0,0.0,0.0,0.0,3.0,0.0,3.0,2.0,4.0,6.0,1.0,2.0,3.0,5.0,2.0,7.0,0.0,2.0,2.0,3.0,0.0,3.0,0.0,0.0,0.0,0.0,1.0,1.0,1.0,0.0,1.0,0.0,0.0,0.0,0.0,0.0,0.0,0.0,0.0,0.0,0.0,0.0,0.0,0.0,0.0,0.0,0.0,0.0,0.0,0.0,0.0,0.0,0.0,0.0,0.0,0.0,0.0,0.0,0.0,0.0,0.0,0.0,0.0,0.0,0.0,0.0,0.0,L,True,played,0.5434782608695652,0.5467571644042233,0.13043478260869565,0.34782608695652173,0.4,Chris McCullough,chris mccullough
2025-26,2,9,regular_season,1457,2026-03-08,4,5,桃園台啤永豐雲豹,7,新北國王,home,https://api.tpbl.basketball/api/games/1457/stats,16,米勒,166317,12.0,4.0,11.0,2.0,6.0,2.0,5.0,2.0,2.0,0.0,1.0,1.0,3.0,0.0,0.0,1.0,4.0,-15.0,0.36363636363636365,0.3333333333333333,0.4,1.0,0.364,0.33299999999999996,0.4,1.0,22.516666666666666,1351.0,False,7.0,4.0,3.0,0.0,4.0,0.0,4.0,4.0,0.0,0.0,8.0,45.5,50.5,4.0,2.0,4.0,6.0,0.0,0.0,0.0,0.0,0.0,0.0,0.0,0.0,0.0,0.0,0.0,0.0,0.0,0.0,0.0,0.0,0.0,0.0,0.0,0.0,1.0,0.0,0.0,1.0,1.0,2.0,3.0,5.0,1.0,0.0,1.0,0.0,2.0,2.0,0.0,0.0,0.0,0.0,0.0,0.0,0.0,0.0,0.0,0.0,0.0,0.0,0.0,0.0,0.0,0.0,0.0,0.0,1.0,1.0,2.0,0.0,0.0,0.0,0.0,0.0,0.0,0.0,0.0,0.0,0.0,0.0,0.0,0.0,0.0,0.0,0.0,0.0,0.0,0.0,0.0,0.0,0.0,0.0,0.0,0.0,0.0,0.0,L,True,played,0.45454545454545453,0.505050505050505,0.45454545454545453,0.18181818181818182,3.0,Malcolm Miller,malcolm miller
2025-26,2,9,regular_season,1457,2026-03-08,4,5,桃園台啤永豐雲豹,7,新北國王,home,https://api.tpbl.basketball/api/games/1457/stats,68,克羅馬,166319,21.0,7.0,16.0,4.0,9.0,3.0,7.0,4.0,6.0,0.0,1.0,1.0,5.0,1.0,0.0,2.0,2.0,-7.0,0.4375,0.4444444444444444,0.42857142857142855,0.6666666666666666,0.43799999999999994,0.444,0.429,0.667,32.85,1971.0,True,9.0,5.0,4.0,2.0,2.0,0.0,2.0,4.0,4.0,2.0,15.0,53.1,56.3,13.0,2.0,2.0,4.0,1.0,0.0,1.0,1.0,0.0,1.0,0.0,0.0,0.0,2.0,0.0,0.0,0.0,0.0,0.0,0.0,0.0,0.0,0.0,0.0,0.0,5.0,0.0,1.0,1.0,1.0,2.0,3.0,1.0,0.0,1.0,0.0,1.0,1.0,0.0,0.0,0.0,0.0,0.0,0.0,0.0,0.0,0.0,0.0,0.0,0.0,0.0,0.0,0.0,0.0,0.0,0.0,0.0,0.0,0.0,0.0,0.0,0.0,1.0,1.0,2.0,0.0,0.0,0.0,0.0,0.0,0.0,0.0,0.0,0.0,0.0,1.0,1.0,2.0,2.0,4.0,2.0,1.0,3.0,0.0,0.0,0.0,L,True,played,0.53125,0.5633047210300429,0.4375,0.375,2.5,Lasannah Kromah,lasannah kromah
2025-26,2,9,regular_season,1461,2026-03-15,4,5,桃園台啤永豐雲豹,3,福爾摩沙夢想家,away,https://api.tpbl.basketball/api/games/1461/stats,10860,麥卡洛,166315,10.0,4.0,12.0,4.0,11.0,0.0,1.0,2.0,4.0,1.0,5.0,6.0,2.0,2.0,2.0,2.0,0.0,-22.0,0.3333333333333333,0.36363636363636365,0.0,0.5,0.33299999999999996,0.364,0.0,0.5,28.283333333333335,1697.0,False,8.0,7.0,1.0,2.0,0.0,0.0,0.0,8.0,0.0,7.0,10.0,33.3,36.3,10.0,4.0,5.0,9.0,3.0,0.0,3.0,0.0,0.0,0.0,0.0,0.0,0.0,2.0,0.0,0.0,0.0,0.0,0.0,0.0,0.0,0.0,0.0,0.0,0.0,2.0,0.0,1.0,1.0,0.0,1.0,1.0,0.0,1.0,1.0,2.0,4.0,6.0,1.0,0.0,1.0,0.0,0.0,0.0,0.0,0.0,0.0,1.0,0.0,1.0,0.0,0.0,0.0,0.0,0.0,0.0,0.0,1.0,1.0,0.0,0.0,0.0,0.0,0.0,0.0,0.0,0.0,0.0,0.0,0.0,0.0,0.0,0.0,0.0,0.0,0.0,0.0,0.0,0.0,0.0,0.0,0.0,0.0,0.0,0.0,0.0,L,True,played,0.3333333333333333,0.3633720930232558,0.08333333333333333,0.3333333333333333,1.0,Chris McCullough,chris mccullough
2025-26,2,9,regular_season,1461,2026-03-15,4,5,桃園台啤永豐雲豹,3,福爾摩沙夢想家,away,https://api.tpbl.basketball/api/games/1461/stats,10861,迪亞洛,166320,27.0,8.0,14.0,8.0,14.0,0.0,0.0,11.0,12.0,3.0,5.0,8.0,1.0,0.0,0.0,0.0,2.0,-12.0,0.5714285714285714,0.5714285714285714,,0.9166666666666666,0.5710000000000001,0.5710000000000001,0.0,0.917,33.916666666666664,2035.0,True,6.0,6.0,0.0,1.0,2.0,0.0,2.0,16.0,5.0,4.0,29.0,57.1,70.0,27.0,8.0,5.0,13.0,1.0,0.0,1.0,1.0,0.0,1.0,0.0,0.0,0.0,0.0,0.0,0.0,0.0,0.0,0.0,0.0,0.0,0.0,0.0,0.0,0.0,2.0,0.0,0.0,0.0,0.0,0.0,0.0,6.0,0.0,6.0,0.0,0.0,0.0,0.0,0.0,0.0,0.0,0.0,0.0,0.0,0.0,0.0,0.0,0.0,0.0,0.0,0.0,0.0,0.0,0.0,0.0,1.0,6.0,7.0,0.0,0.0,0.0,0.0,0.0,0.0,0.0,0.0,0.0,1.0,0.0,1.0,0.0,0.0,0.0,0.0,0.0,0.0,0.0,0.0,0.0,0.0,0.0,0.0,0.0,0.0,0.0,L,True,played,0.5714285714285714,0.700207468879668,0.0,0.8571428571428571,,Cheick Diallo,cheick diallo
2025-26,2,9,regular_season,1461,2026-03-15,4,5,桃園台啤永豐雲豹,3,福爾摩沙夢想家,away,https://api.tpbl.basketball/api/games/1461/stats,68,克羅馬,166319,20.0,8.0,17.0,8.0,16.0,0.0,1.0,4.0,6.0,0.0,3.0,3.0,7.0,2.0,0.0,4.0,4.0,-8.0,0.47058823529411764,0.5,0.0,0.6666666666666666,0.47100000000000003,0.5,0.0,0.667,29.833333333333332,1790.0,True,9.0,8.0,1.0,2.0,4.0,0.0,4.0,14.0,2.0,6.0,17.0,47.1,50.9,13.0,7.0,4.0,11.0,3.0,0.0,3.0,1.0,0.0,1.0,0.0,0.0,0.0,3.0,1.0,0.0,0.0,0.0,0.0,0.0,0.0,0.0,0.0,0.0,0.0,4.0,0.0,3.0,3.0,0.0,0.0,0.0,1.0,2.0,3.0,5.0,1.0,6.0,0.0,0.0,0.0,0.0,0.0,0.0,0.0,0.0,0.0,0.0,0.0,0.0,0.0,0.0,0.0,0.0,0.0,0.0,0.0,0.0,0.0,0.0,0.0,0.0,1.0,1.0,2.0,0.0,1.0,1.0,1.0,0.0,1.0,0.0,0.0,0.0,0.0,0.0,0.0,0.0,0.0,0.0,0.0,1.0,1.0,0.0,0.0,0.0,L,True,played,0.47058823529411764,0.5091649694501018,0.058823529411764705,0.35294117647058826,1.75,Lasannah Kromah,lasannah kromah
2025-26,2,9,regular_season,1464,2026-03-21,4,5,桃園台啤永豐雲豹,8,臺北台新戰神,away,https://api.tpbl.basketball/api/games/1464/stats,10861,迪亞洛,166320,21.0,7.0,12.0,7.0,12.0,0.0,0.0,7.0,8.0,2.0,10.0,12.0,3.0,0.0,2.0,2.0,2.0,16.0,0.5833333333333334,0.5833333333333334,,0.875,0.583,0.583,0.0,0.875,30.583333333333332,1835.0,True,5.0,5.0,0.0,1.0,2.0,0.0,2.0,14.0,2.0,3.0,30.0,58.3,67.7,28.0,7.0,4.0,11.0,1.0,0.0,1.0,1.0,0.0,1.0,0.0,0.0,0.0,0.0,1.0,0.0,1.0,0.0,0.0,0.0,0.0,0.0,0.0,0.0,0.0,4.0,3.0,0.0,3.0,0.0,0.0,0.0,2.0,1.0,3.0,0.0,0.0,0.0,0.0,0.0,0.0,0.0,0.0,0.0,0.0,0.0,0.0,0.0,0.0,0.0,0.0,0.0,0.0,0.0,0.0,0.0,1.0,4.0,5.0,0.0,0.0,0.0,0.0,0.0,0.0,0.0,0.0,0.0,1.0,0.0,1.0,0.0,0.0,0.0,0.0,0.0,0.0,0.0,0.0,0.0,0.0,0.0,0.0,0.0,0.0,0.0,W,True,played,0.5833333333333334,0.6765463917525774,0.0,0.6666666666666666,1.5,Cheick Diallo,cheick diallo
2025-26,2,9,regular_season,1464,2026-03-21,4,5,桃園台啤永豐雲豹,8,臺北台新戰神,away,https://api.tpbl.basketball/api/games/1464/stats,16,米勒,166317,6.0,2.0,13.0,2.0,9.0,0.0,4.0,2.0,2.0,2.0,5.0,7.0,1.0,1.0,0.0,0.0,1.0,3.0,0.15384615384615385,0.2222222222222222,0.0,1.0,0.154,0.222,0.0,1.0,24.333333333333332,1460.0,False,11.0,7.0,4.0,0.0,1.0,0.0,1.0,4.0,4.0,0.0,4.0,15.4,21.6,3.0,2.0,4.0,6.0,0.0,0.0,0.0,2.0,0.0,2.0,0.0,0.0,0.0,0.0,0.0,0.0,0.0,0.0,0.0,0.0,0.0,0.0,0.0,0.0,0.0,0.0,0.0,5.0,5.0,0.0,4.0,4.0,0.0,1.0,1.0,0.0,0.0,0.0,1.0,0.0,1.0,0.0,0.0,0.0,1.0,0.0,1.0,0.0,0.0,0.0,0.0,0.0,0.0,0.0,0.0,0.0,0.0,0.0,0.0,0.0,0.0,0.0,0.0,0.0,0.0,0.0,0.0,0.0,0.0,1.0,1.0,0.0,0.0,0.0,0.0,0.0,0.0,0.0,0.0,0.0,0.0,0.0,0.0,0.0,0.0,0.0,W,True,played,0.15384615384615385,0.21613832853025935,0.3076923076923077,0.15384615384615385,,Malcolm Miller,malcolm miller
2025-26,2,9,regular_season,1464,2026-03-21,4,5,桃園台啤永豐雲豹,8,臺北台新戰神,away,https://api.tpbl.basketball/api/games/1464/stats,68,克羅馬,166319,22.0,8.0,21.0,6.0,14.0,2.0,7.0,4.0,6.0,2.0,8.0,10.0,10.0,6.0,0.0,1.0,2.0,28.0,0.38095238095238093,0.42857142857142855,0.2857142857142857,0.6666666666666666,0.381,0.429,0.28600000000000003,0.667,36.36666666666667,2182.0,True,13.0,8.0,5.0,2.0,2.0,0.0,2.0,10.0,2.0,7.0,32.0,42.9,46.5,30.0,5.0,6.0,11.0,3.0,0.0,3.0,1.0,0.0,1.0,0.0,0.0,0.0,0.0,1.0,0.0,0.0,0.0,0.0,0.0,0.0,0.0,0.0,0.0,0.0,2.0,0.0,1.0,1.0,2.0,4.0,6.0,2.0,0.0,2.0,1.0,3.0,4.0,0.0,0.0,0.0,0.0,0.0,0.0,0.0,0.0,0.0,0.0,0.0,0.0,1.0,0.0,1.0,0.0,0.0,0.0,0.0,0.0,0.0,0.0,0.0,0.0,0.0,2.0,2.0,0.0,0.0,0.0,1.0,0.0,1.0,0.0,0.0,0.0,0.0,1.0,1.0,0.0,0.0,0.0,1.0,1.0,2.0,0.0,1.0,1.0,W,True,played,0.42857142857142855,0.4653130287648054,0.3333333333333333,0.2857142857142857,10.0,Lasannah Kromah,lasannah kromah
2025-26,2,9,regular_season,1471,2026-03-29,4,5,桃園台啤永豐雲豹,4,新竹御嵿攻城獅,away,https://api.tpbl.basketball/api/games/1471/stats,10861,迪亞洛,166320,11.0,5.0,8.0,5.0,8.0,0.0,0.0,1.0,5.0,0.0,9.0,9.0,0.0,1.0,0.0,3.0,4.0,1.0,0.625,0.625,,0.2,0.625,0.625,0.0,0.2,22.183333333333334,1331.0,True,3.0,3.0,0.0,4.0,3.0,1.0,3.0,10.0,0.0,2.0,11.0,62.5,53.9,7.0,5.0,3.0,8.0,1.0,0.0,1.0,0.0,0.0,0.0,1.0,0.0,0.0,1.0,1.0,0.0,0.0,0.0,0.0,0.0,0.0,0.0,0.0,1.0,0.0,0.0,0.0,0.0,0.0,0.0,0.0,0.0,2.0,2.0,4.0,1.0,0.0,1.0,2.0,0.0,2.0,0.0,0.0,0.0,0.0,0.0,0.0,0.0,0.0,0.0,0.0,0.0,0.0,0.0,0.0,0.0,0.0,1.0,1.0,0.0,0.0,0.0,0.0,0.0,0.0,0.0,0.0,0.0,0.0,0.0,0.0,0.0,0.0,0.0,0.0,0.0,0.0,0.0,0.0,0.0,0.0,0.0,0.0,0.0,0.0,0.0,L,True,played,0.625,0.5392156862745099,0.0,0.625,0.0,Cheick Diallo,cheick diallo
2025-26,2,9,regular_season,1471,2026-03-29,4,5,桃園台啤永豐雲豹,4,新竹御嵿攻城獅,away,https://api.tpbl.basketball/api/games/1471/stats,16,米勒,166317,20.0,8.0,14.0,7.0,10.0,1.0,4.0,3.0,3.0,1.0,11.0,12.0,0.0,2.0,0.0,3.0,1.0,-4.0,0.5714285714285714,0.7,0.25,1.0,0.5710000000000001,0.7,0.25,1.0,37.583333333333336,2255.0,False,6.0,3.0,3.0,0.0,0.0,1.0,1.0,14.0,7.0,2.0,25.0,60.7,65.3,24.0,7.0,3.0,10.0,1.0,0.0,1.0,3.0,0.0,3.0,0.0,0.0,0.0,0.0,1.0,0.0,1.0,0.0,0.0,0.0,0.0,0.0,0.0,1.0,0.0,0.0,1.0,0.0,1.0,1.0,3.0,4.0,1.0,2.0,3.0,1.0,0.0,1.0,3.0,0.0,3.0,0.0,0.0,0.0,0.0,0.0,0.0,0.0,0.0,0.0,0.0,0.0,0.0,0.0,0.0,0.0,0.0,0.0,0.0,0.0,0.0,0.0,1.0,1.0,2.0,0.0,0.0,0.0,0.0,0.0,0.0,0.0,0.0,0.0,0.0,0.0,0.0,0.0,0.0,0.0,0.0,0.0,0.0,0.0,0.0,0.0,L,True,played,0.6071428571428571,0.6527415143603134,0.2857142857142857,0.21428571428571427,0.0,Malcolm Miller,malcolm miller
2025-26,2,9,regular_season,1471,2026-03-29,4,5,桃園台啤永豐雲豹,4,新竹御嵿攻城獅,away,https://api.tpbl.basketball/api/games/1471/stats,68,克羅馬,166319,31.0,12.0,23.0,10.0,18.0,2.0,5.0,5.0,7.0,1.0,4.0,5.0,6.0,2.0,2.0,5.0,3.0,-19.0,0.5217391304347826,0.5555555555555556,0.4,0.7142857142857143,0.522,0.556,0.4,0.7140000000000001,36.233333333333334,2174.0,True,11.0,8.0,3.0,2.0,3.0,0.0,3.0,20.0,2.0,5.0,28.0,56.5,59.4,25.0,10.0,6.0,16.0,2.0,0.0,2.0,1.0,0.0,1.0,0.0,0.0,0.0,2.0,3.0,0.0,0.0,0.0,0.0,0.0,0.0,0.0,0.0,0.0,0.0,4.0,0.0,0.0,0.0,1.0,3.0,4.0,2.0,0.0,2.0,6.0,5.0,11.0,0.0,0.0,0.0,0.0,0.0,0.0,1.0,0.0,1.0,0.0,0.0,0.0,0.0,0.0,0.0,0.0,0.0,0.0,0.0,0.0,0.0,0.0,0.0,0.0,1.0,2.0,3.0,0.0,0.0,0.0,0.0,0.0,0.0,0.0,0.0,0.0,0.0,1.0,1.0,1.0,0.0,1.0,0.0,0.0,0.0,0.0,0.0,0.0,L,True,played,0.5652173913043478,0.5943251533742332,0.21739130434782608,0.30434782608695654,1.2,Lasannah Kromah,lasannah kromah
2025-26,2,9,regular_season,1475,2026-04-04,4,5,桃園台啤永豐雲豹,2,高雄全家海神,home,https://api.tpbl.basketball/api/games/1475/stats,10861,迪亞洛,166320,10.0,5.0,10.0,5.0,10.0,0.0,0.0,0.0,0.0,5.0,10.0,15.0,1.0,1.0,3.0,0.0,2.0,19.0,0.5,0.5,,,0.5,0.5,0.0,0.0,27.283333333333335,1637.0,False,5.0,5.0,0.0,0.0,2.0,0.0,2.0,10.0,4.0,2.0,25.0,50.0,50.0,23.0,5.0,5.0,10.0,1.0,0.0,1.0,2.0,0.0,2.0,0.0,0.0,0.0,0.0,0.0,0.0,0.0,0.0,0.0,0.0,0.0,0.0,0.0,0.0,0.0,4.0,1.0,0.0,1.0,0.0,0.0,0.0,2.0,0.0,2.0,0.0,1.0,1.0,1.0,0.0,1.0,0.0,0.0,0.0,0.0,0.0,0.0,0.0,0.0,0.0,1.0,0.0,1.0,0.0,0.0,0.0,0.0,3.0,3.0,0.0,0.0,0.0,0.0,0.0,0.0,0.0,0.0,0.0,0.0,1.0,1.0,0.0,0.0,0.0,0.0,0.0,0.0,0.0,0.0,0.0,0.0,0.0,0.0,0.0,0.0,0.0,W,True,played,0.5,0.5,0.0,0.0,,Cheick Diallo,cheick diallo
2025-26,2,9,regular_season,1475,2026-04-04,4,5,桃園台啤永豐雲豹,2,高雄全家海神,home,https://api.tpbl.basketball/api/games/1475/stats,16,米勒,166317,12.0,3.0,5.0,2.0,4.0,1.0,1.0,5.0,9.0,2.0,6.0,8.0,1.0,1.0,3.0,2.0,2.0,10.0,0.6,0.5,1.0,0.5555555555555556,0.6,0.5,1.0,0.556,31.866666666666667,1912.0,True,2.0,2.0,0.0,4.0,2.0,0.0,2.0,2.0,1.0,6.0,17.0,70.0,67.0,15.0,1.0,2.0,3.0,2.0,0.0,2.0,0.0,0.0,0.0,0.0,0.0,0.0,2.0,0.0,0.0,0.0,0.0,0.0,0.0,0.0,0.0,0.0,0.0,0.0,3.0,1.0,0.0,1.0,1.0,0.0,1.0,0.0,0.0,0.0,1.0,1.0,2.0,0.0,0.0,0.0,0.0,0.0,0.0,0.0,0.0,0.0,0.0,0.0,0.0,0.0,0.0,0.0,0.0,0.0,0.0,0.0,0.0,0.0,0.0,0.0,0.0,0.0,0.0,0.0,0.0,0.0,0.0,0.0,1.0,1.0,0.0,0.0,0.0,0.0,0.0,0.0,0.0,0.0,0.0,0.0,0.0,0.0,0.0,0.0,0.0,W,True,played,0.7,0.6696428571428571,0.2,1.8,0.5,Malcolm Miller,malcolm miller
2025-26,2,9,regular_season,1475,2026-04-04,4,5,桃園台啤永豐雲豹,2,高雄全家海神,home,https://api.tpbl.basketball/api/games/1475/stats,68,克羅馬,166319,21.0,7.0,13.0,5.0,9.0,2.0,4.0,5.0,6.0,0.0,2.0,2.0,6.0,3.0,1.0,2.0,0.0,23.0,0.5384615384615384,0.5555555555555556,0.5,0.8333333333333334,0.5379999999999999,0.556,0.5,0.833,29.9,1794.0,True,6.0,4.0,2.0,1.0,0.0,0.0,0.0,2.0,0.0,4.0,24.0,61.5,67.1,24.0,1.0,1.0,2.0,0.0,0.0,0.0,0.0,0.0,0.0,0.0,0.0,0.0,0.0,2.0,0.0,0.0,0.0,0.0,0.0,0.0,0.0,0.0,0.0,0.0,9.0,0.0,0.0,0.0,1.0,1.0,2.0,0.0,1.0,1.0,1.0,0.0,1.0,0.0,0.0,0.0,0.0,0.0,0.0,0.0,0.0,0.0,0.0,0.0,0.0,0.0,0.0,0.0,0.0,0.0,0.0,0.0,0.0,0.0,0.0,0.0,0.0,0.0,0.0,0.0,0.0,0.0,0.0,1.0,2.0,3.0,0.0,0.0,0.0,2.0,1.0,3.0,1.0,1.0,2.0,1.0,0.0,1.0,0.0,0.0,0.0,W,True,played,0.6153846153846154,0.6713554987212276,0.3076923076923077,0.46153846153846156,3.0,Lasannah Kromah,lasannah kromah
2025-26,2,9,regular_season,1477,2026-04-05,4,5,桃園台啤永豐雲豹,8,臺北台新戰神,home,https://api.tpbl.basketball/api/games/1477/stats,10860,麥卡洛,166315,22.0,10.0,16.0,9.0,13.0,1.0,3.0,1.0,2.0,3.0,7.0,10.0,1.0,3.0,1.0,1.0,2.0,18.0,0.625,0.6923076923076923,0.3333333333333333,0.5,0.625,0.6920000000000001,0.33299999999999996,0.5,30.033333333333335,1802.0,False,6.0,4.0,2.0,1.0,2.0,0.0,2.0,10.0,6.0,4.0,29.0,65.6,65.2,27.0,5.0,2.0,7.0,2.0,0.0,2.0,3.0,0.0,3.0,0.0,0.0,0.0,1.0,0.0,0.0,0.0,0.0,0.0,0.0,0.0,0.0,0.0,0.0,0.0,4.0,3.0,1.0,4.0,1.0,1.0,2.0,1.0,2.0,3.0,0.0,0.0,0.0,1.0,0.0,1.0,1.0,0.0,1.0,2.0,0.0,2.0,0.0,0.0,0.0,0.0,0.0,0.0,0.0,0.0,0.0,0.0,0.0,0.0,0.0,0.0,0.0,0.0,0.0,0.0,0.0,0.0,0.0,1.0,0.0,1.0,0.0,0.0,0.0,0.0,1.0,1.0,0.0,1.0,1.0,0.0,0.0,0.0,0.0,0.0,0.0,W,True,played,0.65625,0.6516587677725119,0.1875,0.125,1.0,Chris McCullough,chris mccullough
2025-26,2,9,regular_season,1477,2026-04-05,4,5,桃園台啤永豐雲豹,8,臺北台新戰神,home,https://api.tpbl.basketball/api/games/1477/stats,16,米勒,166317,21.0,9.0,15.0,8.0,9.0,1.0,6.0,2.0,3.0,3.0,6.0,9.0,6.0,0.0,2.0,0.0,3.0,2.0,0.6,0.8888888888888888,0.16666666666666666,0.6666666666666666,0.6,0.889,0.16699999999999998,0.667,31.016666666666666,1861.0,True,6.0,1.0,5.0,1.0,3.0,0.0,2.0,16.0,6.0,2.0,31.0,63.3,64.3,28.0,8.0,1.0,9.0,1.0,0.0,1.0,3.0,0.0,3.0,0.0,1.0,0.0,0.0,0.0,0.0,0.0,0.0,0.0,0.0,0.0,0.0,0.0,0.0,0.0,4.0,0.0,0.0,0.0,1.0,4.0,5.0,4.0,1.0,5.0,0.0,0.0,0.0,1.0,0.0,1.0,1.0,0.0,1.0,2.0,0.0,2.0,0.0,0.0,0.0,0.0,0.0,0.0,0.0,0.0,0.0,0.0,0.0,0.0,0.0,0.0,0.0,0.0,0.0,0.0,0.0,0.0,0.0,0.0,0.0,0.0,0.0,0.0,0.0,0.0,0.0,0.0,0.0,1.0,1.0,0.0,0.0,0.0,0.0,0.0,0.0,W,True,played,0.6333333333333333,0.6433823529411764,0.4,0.2,,Malcolm Miller,malcolm miller
2025-26,2,9,regular_season,1477,2026-04-05,4,5,桃園台啤永豐雲豹,8,臺北台新戰神,home,https://api.tpbl.basketball/api/games/1477/stats,68,克羅馬,166319,26.0,10.0,23.0,9.0,18.0,1.0,5.0,5.0,7.0,0.0,7.0,7.0,7.0,2.0,2.0,3.0,3.0,2.0,0.43478260869565216,0.5,0.2,0.7142857142857143,0.435,0.5,0.2,0.7140000000000001,34.95,2097.0,True,13.0,9.0,4.0,2.0,3.0,0.0,3.0,14.0,1.0,4.0,26.0,45.7,49.8,23.0,7.0,4.0,11.0,2.0,0.0,2.0,0.0,0.0,0.0,0.0,0.0,0.0,2.0,1.0,0.0,0.0,0.0,0.0,0.0,0.0,0.0,0.0,0.0,0.0,7.0,0.0,0.0,0.0,0.0,2.0,2.0,0.0,0.0,0.0,5.0,4.0,9.0,1.0,0.0,1.0,0.0,0.0,0.0,0.0,0.0,0.0,0.0,0.0,0.0,0.0,0.0,0.0,0.0,0.0,0.0,0.0,0.0,0.0,0.0,0.0,0.0,0.0,0.0,0.0,0.0,0.0,0.0,1.0,0.0,1.0,0.0,0.0,0.0,2.0,5.0,7.0,1.0,2.0,3.0,0.0,0.0,0.0,0.0,0.0,0.0,W,True,played,0.45652173913043476,0.49846625766871167,0.21739130434782608,0.30434782608695654,2.3333333333333335,Lasannah Kromah,lasannah kromah
2025-26,2,9,regular_season,1480,2026-04-11,4,5,桃園台啤永豐雲豹,4,新竹御嵿攻城獅,away,https://api.tpbl.basketball/api/games/1480/stats,10860,麥卡洛,166315,15.0,7.0,17.0,6.0,14.0,1.0,3.0,0.0,2.0,8.0,10.0,18.0,0.0,1.0,1.0,5.0,1.0,-3.0,0.4117647058823529,0.42857142857142855,0.3333333333333333,0.0,0.41200000000000003,0.429,0.33299999999999996,0.0,21.833333333333332,1310.0,False,10.0,8.0,2.0,2.0,1.0,0.0,1.0,10.0,8.0,0.0,18.0,44.1,41.9,17.0,5.0,5.0,10.0,0.0,0.0,0.0,4.0,0.0,4.0,0.0,0.0,0.0,0.0,3.0,0.0,1.0,1.0,0.0,0.0,0.0,0.0,0.0,0.0,0.0,2.0,0.0,2.0,2.0,1.0,2.0,3.0,4.0,2.0,6.0,1.0,2.0,3.0,0.0,0.0,0.0,0.0,0.0,0.0,1.0,0.0,1.0,0.0,0.0,0.0,0.0,0.0,0.0,0.0,0.0,0.0,0.0,1.0,1.0,0.0,0.0,0.0,0.0,0.0,0.0,0.0,0.0,0.0,0.0,0.0,0.0,0.0,0.0,0.0,0.0,1.0,1.0,0.0,0.0,0.0,0.0,0.0,0.0,0.0,0.0,0.0,L,True,played,0.4411764705882353,0.41946308724832215,0.17647058823529413,0.11764705882352941,0.0,Chris McCullough,chris mccullough
2025-26,2,9,regular_season,1480,2026-04-11,4,5,桃園台啤永豐雲豹,4,新竹御嵿攻城獅,away,https://api.tpbl.basketball/api/games/1480/stats,16,米勒,166317,28.0,9.0,16.0,5.0,10.0,4.0,6.0,6.0,6.0,3.0,6.0,9.0,2.0,1.0,1.0,3.0,5.0,-7.0,0.5625,0.5,0.6666666666666666,1.0,0.563,0.5,0.667,1.0,36.483333333333334,2189.0,True,7.0,5.0,2.0,0.0,5.0,0.0,5.0,8.0,0.0,0.0,31.0,68.8,75.1,26.0,4.0,3.0,7.0,0.0,0.0,0.0,0.0,0.0,0.0,0.0,0.0,0.0,1.0,1.0,0.0,1.0,0.0,0.0,0.0,0.0,0.0,0.0,0.0,0.0,3.0,0.0,1.0,1.0,3.0,2.0,5.0,3.0,1.0,4.0,0.0,1.0,1.0,0.0,0.0,0.0,0.0,0.0,0.0,0.0,0.0,0.0,0.0,0.0,0.0,0.0,0.0,0.0,0.0,0.0,0.0,1.0,1.0,2.0,0.0,0.0,0.0,0.0,0.0,0.0,0.0,0.0,0.0,0.0,1.0,1.0,1.0,0.0,1.0,1.0,0.0,1.0,0.0,0.0,0.0,0.0,0.0,0.0,0.0,0.0,0.0,L,True,played,0.6875,0.7510729613733905,0.375,0.375,0.6666666666666666,Malcolm Miller,malcolm miller
2025-26,2,9,regular_season,1480,2026-04-11,4,5,桃園台啤永豐雲豹,4,新竹御嵿攻城獅,away,https://api.tpbl.basketball/api/games/1480/stats,68,克羅馬,166319,16.0,5.0,18.0,4.0,11.0,1.0,7.0,5.0,5.0,2.0,9.0,11.0,6.0,0.0,0.0,5.0,2.0,4.0,0.2777777777777778,0.36363636363636365,0.14285714285714285,1.0,0.278,0.364,0.14300000000000002,1.0,37.68333333333333,2261.0,True,13.0,7.0,6.0,0.0,2.0,0.0,2.0,8.0,0.0,0.0,15.0,30.6,39.6,13.0,4.0,2.0,6.0,0.0,0.0,0.0,0.0,0.0,0.0,0.0,0.0,0.0,2.0,2.0,0.0,1.0,0.0,0.0,0.0,0.0,0.0,0.0,0.0,0.0,4.0,0.0,1.0,1.0,0.0,6.0,6.0,0.0,1.0,1.0,3.0,1.0,4.0,0.0,0.0,0.0,0.0,0.0,0.0,0.0,0.0,0.0,0.0,0.0,0.0,0.0,0.0,0.0,0.0,0.0,0.0,0.0,0.0,0.0,0.0,0.0,0.0,0.0,0.0,0.0,0.0,0.0,0.0,0.0,0.0,0.0,0.0,0.0,0.0,0.0,0.0,0.0,1.0,0.0,1.0,1.0,4.0,5.0,0.0,0.0,0.0,L,True,played,0.3055555555555556,0.39603960396039606,0.3888888888888889,0.2777777777777778,1.2,Lasannah Kromah,lasannah kromah
2025-26,2,9,regular_season,1484,2026-04-18,4,5,桃園台啤永豐雲豹,6,新北中信特攻,away,https://api.tpbl.basketball/api/games/1484/stats,10861,迪亞洛,166320,10.0,4.0,8.0,4.0,8.0,0.0,0.0,2.0,2.0,2.0,5.0,7.0,1.0,1.0,0.0,4.0,3.0,-9.0,0.5,0.5,,1.0,0.5,0.5,0.0,1.0,28.883333333333333,1733.0,True,4.0,4.0,0.0,0.0,3.0,0.0,3.0,8.0,2.0,0.0,11.0,50.0,56.3,8.0,4.0,3.0,7.0,0.0,0.0,0.0,1.0,0.0,1.0,0.0,0.0,0.0,2.0,2.0,0.0,0.0,0.0,0.0,0.0,0.0,0.0,0.0,0.0,0.0,0.0,0.0,2.0,2.0,0.0,0.0,0.0,2.0,0.0,2.0,0.0,1.0,1.0,1.0,0.0,1.0,0.0,0.0,0.0,1.0,0.0,1.0,0.0,0.0,0.0,0.0,0.0,0.0,0.0,0.0,0.0,0.0,1.0,1.0,0.0,0.0,0.0,0.0,0.0,0.0,0.0,0.0,0.0,0.0,0.0,0.0,0.0,0.0,0.0,0.0,0.0,0.0,0.0,0.0,0.0,0.0,0.0,0.0,0.0,0.0,0.0,L,True,played,0.5,0.563063063063063,0.0,0.25,0.25,Cheick Diallo,cheick diallo
2025-26,2,9,regular_season,1484,2026-04-18,4,5,桃園台啤永豐雲豹,6,新北中信特攻,away,https://api.tpbl.basketball/api/games/1484/stats,16,米勒,166317,11.0,2.0,5.0,1.0,1.0,1.0,4.0,6.0,10.0,3.0,4.0,7.0,2.0,3.0,0.0,1.0,2.0,-13.0,0.4,1.0,0.25,0.6,0.4,1.0,0.25,0.6,27.483333333333334,1649.0,False,3.0,0.0,3.0,4.0,2.0,0.0,2.0,2.0,2.0,0.0,15.0,50.0,58.5,13.0,1.0,0.0,1.0,0.0,0.0,0.0,0.0,0.0,0.0,0.0,0.0,0.0,0.0,1.0,0.0,0.0,0.0,0.0,0.0,0.0,0.0,0.0,0.0,0.0,3.0,0.0,0.0,0.0,1.0,2.0,3.0,0.0,0.0,0.0,0.0,0.0,0.0,0.0,0.0,0.0,0.0,0.0,0.0,0.0,0.0,0.0,0.0,0.0,0.0,0.0,0.0,0.0,0.0,0.0,0.0,1.0,0.0,1.0,0.0,0.0,0.0,0.0,0.0,0.0,0.0,0.0,0.0,0.0,0.0,0.0,0.0,0.0,0.0,0.0,0.0,0.0,0.0,1.0,1.0,0.0,0.0,0.0,0.0,0.0,0.0,L,True,played,0.5,0.5851063829787234,0.8,2.0,2.0,Malcolm Miller,malcolm miller
2025-26,2,9,regular_season,1484,2026-04-18,4,5,桃園台啤永豐雲豹,6,新北中信特攻,away,https://api.tpbl.basketball/api/games/1484/stats,68,克羅馬,166319,20.0,6.0,19.0,6.0,13.0,0.0,6.0,8.0,10.0,2.0,6.0,8.0,7.0,2.0,1.0,3.0,1.0,-6.0,0.3157894736842105,0.46153846153846156,0.0,0.8,0.316,0.462,0.0,0.8,39.63333333333333,2378.0,True,13.0,7.0,6.0,2.0,1.0,0.0,1.0,6.0,2.0,3.0,20.0,31.6,42.7,19.0,3.0,2.0,5.0,1.0,0.0,1.0,0.0,0.0,0.0,0.0,0.0,0.0,2.0,1.0,0.0,0.0,0.0,0.0,0.0,0.0,0.0,0.0,0.0,0.0,3.0,0.0,1.0,1.0,0.0,5.0,5.0,0.0,0.0,0.0,3.0,2.0,5.0,0.0,0.0,0.0,0.0,0.0,0.0,0.0,0.0,0.0,0.0,0.0,0.0,0.0,0.0,0.0,0.0,0.0,0.0,0.0,0.0,0.0,0.0,0.0,0.0,1.0,0.0,1.0,0.0,0.0,0.0,1.0,1.0,2.0,0.0,0.0,0.0,0.0,0.0,0.0,0.0,1.0,1.0,1.0,3.0,4.0,0.0,0.0,0.0,L,True,played,0.3157894736842105,0.4273504273504274,0.3157894736842105,0.5263157894736842,2.3333333333333335,Lasannah Kromah,lasannah kromah
2025-26,2,9,regular_season,1503,2026-04-25,4,5,桃園台啤永豐雲豹,2,高雄全家海神,home,https://api.tpbl.basketball/api/games/1503/stats,10860,麥卡洛,166315,12.0,4.0,12.0,4.0,10.0,0.0,2.0,4.0,5.0,3.0,8.0,11.0,1.0,0.0,2.0,2.0,4.0,1.0,0.3333333333333333,0.4,0.0,0.8,0.33299999999999996,0.4,0.0,0.8,25.55,1533.0,False,8.0,6.0,2.0,1.0,4.0,0.0,4.0,8.0,6.0,4.0,15.0,33.3,42.3,11.0,4.0,2.0,6.0,2.0,0.0,2.0,2.0,0.0,2.0,0.0,0.0,0.0,1.0,0.0,0.0,1.0,0.0,0.0,0.0,0.0,0.0,0.0,0.0,0.0,4.0,0.0,4.0,4.0,0.0,1.0,1.0,1.0,0.0,1.0,0.0,1.0,1.0,2.0,0.0,2.0,0.0,0.0,0.0,0.0,0.0,0.0,1.0,1.0,2.0,0.0,0.0,0.0,0.0,0.0,0.0,0.0,0.0,0.0,0.0,0.0,0.0,0.0,0.0,0.0,0.0,0.0,0.0,0.0,0.0,0.0,0.0,0.0,0.0,0.0,0.0,0.0,0.0,1.0,1.0,0.0,0.0,0.0,0.0,0.0,0.0,W,True,played,0.3333333333333333,0.4225352112676057,0.16666666666666666,0.4166666666666667,0.5,Chris McCullough,chris mccullough
2025-26,2,9,regular_season,1503,2026-04-25,4,5,桃園台啤永豐雲豹,2,高雄全家海神,home,https://api.tpbl.basketball/api/games/1503/stats,10861,迪亞洛,166320,31.0,13.0,16.0,13.0,15.0,0.0,1.0,5.0,8.0,8.0,10.0,18.0,3.0,1.0,2.0,2.0,5.0,23.0,0.8125,0.8666666666666667,0.0,0.625,0.813,0.867,0.0,0.625,29.116666666666667,1747.0,True,3.0,2.0,1.0,3.0,5.0,0.0,5.0,24.0,10.0,0.0,47.0,81.3,79.4,42.0,12.0,2.0,14.0,0.0,0.0,0.0,4.0,0.0,4.0,0.0,0.0,0.0,2.0,0.0,0.0,0.0,0.0,0.0,0.0,0.0,0.0,0.0,0.0,0.0,2.0,0.0,0.0,0.0,0.0,1.0,1.0,9.0,1.0,10.0,1.0,1.0,2.0,2.0,0.0,2.0,0.0,0.0,0.0,0.0,0.0,0.0,0.0,0.0,0.0,0.0,0.0,0.0,0.0,0.0,0.0,1.0,0.0,1.0,0.0,0.0,0.0,0.0,0.0,0.0,0.0,0.0,0.0,0.0,0.0,0.0,0.0,0.0,0.0,0.0,0.0,0.0,0.0,0.0,0.0,0.0,0.0,0.0,0.0,0.0,0.0,W,True,played,0.8125,0.7940573770491803,0.0625,0.5,1.5,Cheick Diallo,cheick diallo
2025-26,2,9,regular_season,1503,2026-04-25,4,5,桃園台啤永豐雲豹,2,高雄全家海神,home,https://api.tpbl.basketball/api/games/1503/stats,16,米勒,166317,29.0,13.0,24.0,11.0,18.0,2.0,6.0,1.0,1.0,1.0,9.0,10.0,1.0,0.0,2.0,3.0,2.0,6.0,0.5416666666666666,0.6111111111111112,0.3333333333333333,1.0,0.542,0.611,0.33299999999999996,1.0,41.75,2505.0,True,11.0,7.0,4.0,0.0,2.0,0.0,2.0,14.0,0.0,0.0,28.0,58.3,59.3,26.0,7.0,6.0,13.0,0.0,0.0,0.0,0.0,0.0,0.0,0.0,0.0,0.0,1.0,1.0,0.0,1.0,0.0,0.0,0.0,0.0,0.0,0.0,0.0,0.0,0.0,0.0,1.0,1.0,1.0,4.0,5.0,0.0,1.0,1.0,5.0,3.0,8.0,2.0,0.0,2.0,0.0,0.0,0.0,0.0,0.0,0.0,0.0,0.0,0.0,0.0,0.0,0.0,0.0,0.0,0.0,0.0,1.0,1.0,0.0,0.0,0.0,2.0,1.0,3.0,0.0,0.0,0.0,1.0,0.0,1.0,0.0,0.0,0.0,0.0,0.0,0.0,1.0,0.0,1.0,1.0,0.0,1.0,0.0,0.0,0.0,W,True,played,0.5833333333333334,0.5932896890343698,0.25,0.041666666666666664,0.3333333333333333,Malcolm Miller,malcolm miller
2025-26,2,9,regular_season,1489,2026-04-26,4,5,桃園台啤永豐雲豹,3,福爾摩沙夢想家,home,https://api.tpbl.basketball/api/games/1489/stats,10861,迪亞洛,166320,23.0,11.0,16.0,11.0,16.0,0.0,0.0,1.0,3.0,4.0,7.0,11.0,2.0,0.0,0.0,1.0,2.0,0.0,0.6875,0.6875,,0.3333333333333333,0.688,0.688,0.0,0.33299999999999996,33.38333333333333,2003.0,False,5.0,5.0,0.0,2.0,2.0,0.0,2.0,22.0,6.0,0.0,28.0,68.8,66.4,26.0,11.0,4.0,15.0,0.0,0.0,0.0,3.0,0.0,3.0,0.0,0.0,0.0,1.0,0.0,0.0,0.0,0.0,0.0,0.0,0.0,0.0,0.0,0.0,0.0,0.0,2.0,3.0,5.0,0.0,0.0,0.0,6.0,1.0,7.0,1.0,1.0,2.0,0.0,0.0,0.0,0.0,0.0,0.0,1.0,0.0,1.0,0.0,0.0,0.0,0.0,0.0,0.0,0.0,0.0,0.0,1.0,0.0,1.0,0.0,0.0,0.0,0.0,0.0,0.0,0.0,0.0,0.0,0.0,0.0,0.0,0.0,0.0,0.0,0.0,0.0,0.0,0.0,0.0,0.0,0.0,0.0,0.0,0.0,0.0,0.0,W,True,played,0.6875,0.663972286374134,0.0,0.1875,2.0,Cheick Diallo,cheick diallo
2025-26,2,9,regular_season,1489,2026-04-26,4,5,桃園台啤永豐雲豹,3,福爾摩沙夢想家,home,https://api.tpbl.basketball/api/games/1489/stats,16,米勒,166317,12.0,4.0,9.0,4.0,8.0,0.0,1.0,4.0,7.0,1.0,7.0,8.0,1.0,0.0,2.0,0.0,5.0,10.0,0.4444444444444444,0.5,0.0,0.5714285714285714,0.444,0.5,0.0,0.5710000000000001,24.166666666666668,1450.0,True,5.0,4.0,1.0,3.0,5.0,0.0,5.0,6.0,2.0,2.0,15.0,44.4,49.7,10.0,3.0,4.0,7.0,1.0,0.0,1.0,1.0,0.0,1.0,0.0,0.0,0.0,0.0,0.0,0.0,0.0,0.0,0.0,0.0,0.0,0.0,0.0,0.0,0.0,0.0,0.0,1.0,1.0,0.0,1.0,1.0,0.0,2.0,2.0,2.0,0.0,2.0,0.0,0.0,0.0,1.0,0.0,1.0,0.0,0.0,0.0,0.0,0.0,0.0,0.0,0.0,0.0,0.0,0.0,0.0,0.0,0.0,0.0,0.0,0.0,0.0,0.0,0.0,0.0,0.0,0.0,0.0,0.0,0.0,0.0,0.0,0.0,0.0,1.0,1.0,2.0,0.0,0.0,0.0,0.0,0.0,0.0,0.0,0.0,0.0,W,True,played,0.4444444444444444,0.4966887417218543,0.1111111111111111,0.7777777777777778,,Malcolm Miller,malcolm miller
2025-26,2,9,regular_season,1489,2026-04-26,4,5,桃園台啤永豐雲豹,3,福爾摩沙夢想家,home,https://api.tpbl.basketball/api/games/1489/stats,68,克羅馬,166319,35.0,11.0,20.0,9.0,16.0,2.0,4.0,11.0,13.0,0.0,4.0,4.0,3.0,3.0,0.0,4.0,3.0,-2.0,0.55,0.5625,0.5,0.8461538461538461,0.55,0.563,0.5,0.846,38.45,2307.0,True,9.0,7.0,2.0,2.0,3.0,0.0,3.0,8.0,0.0,0.0,30.0,60.0,68.0,27.0,4.0,4.0,8.0,0.0,0.0,0.0,0.0,0.0,0.0,0.0,0.0,0.0,4.0,0.0,0.0,0.0,0.0,0.0,0.0,0.0,0.0,0.0,0.0,0.0,0.0,1.0,2.0,3.0,2.0,2.0,4.0,0.0,1.0,1.0,4.0,1.0,5.0,0.0,0.0,0.0,0.0,0.0,0.0,0.0,0.0,0.0,0.0,0.0,0.0,0.0,1.0,1.0,0.0,0.0,0.0,0.0,0.0,0.0,0.0,0.0,0.0,0.0,0.0,0.0,0.0,0.0,0.0,0.0,0.0,0.0,0.0,0.0,0.0,1.0,0.0,1.0,0.0,0.0,0.0,3.0,2.0,5.0,0.0,0.0,0.0,W,True,played,0.6,0.6804043545878694,0.2,0.65,0.75,Lasannah Kromah,lasannah kromah
2025-26,2,9,regular_season,1493,2026-05-02,4,5,桃園台啤永豐雲豹,7,新北國王,away,https://api.tpbl.basketball/api/games/1493/stats,10860,麥卡洛,166315,21.0,8.0,15.0,7.0,9.0,1.0,6.0,4.0,6.0,1.0,17.0,18.0,3.0,3.0,0.0,1.0,4.0,9.0,0.5333333333333333,0.7777777777777778,0.16666666666666666,0.6666666666666666,0.5329999999999999,0.778,0.16699999999999998,0.667,34.266666666666666,2056.0,True,7.0,2.0,5.0,2.0,4.0,0.0,4.0,12.0,5.0,2.0,35.0,56.7,59.5,31.0,6.0,1.0,7.0,1.0,0.0,1.0,2.0,0.0,2.0,0.0,0.0,0.0,0.0,1.0,0.0,0.0,0.0,0.0,0.0,0.0,0.0,0.0,0.0,0.0,4.0,0.0,0.0,0.0,1.0,4.0,5.0,1.0,0.0,1.0,3.0,1.0,4.0,1.0,0.0,1.0,0.0,0.0,0.0,0.0,0.0,0.0,0.0,0.0,0.0,0.0,0.0,0.0,0.0,0.0,0.0,1.0,0.0,1.0,0.0,0.0,0.0,0.0,0.0,0.0,0.0,0.0,0.0,0.0,0.0,0.0,0.0,0.0,0.0,0.0,1.0,1.0,0.0,1.0,1.0,1.0,0.0,1.0,0.0,0.0,0.0,L,True,played,0.5666666666666667,0.5952380952380952,0.4,0.4,3.0,Chris McCullough,chris mccullough
2025-26,2,9,regular_season,1493,2026-05-02,4,5,桃園台啤永豐雲豹,7,新北國王,away,https://api.tpbl.basketball/api/games/1493/stats,10861,迪亞洛,166320,14.0,4.0,6.0,4.0,6.0,0.0,0.0,6.0,8.0,5.0,4.0,9.0,2.0,0.0,1.0,1.0,2.0,-6.0,0.6666666666666666,0.6666666666666666,,0.75,0.667,0.667,0.0,0.75,21.916666666666668,1315.0,False,2.0,2.0,0.0,2.0,2.0,0.0,1.0,8.0,3.0,0.0,21.0,66.7,73.5,19.0,4.0,2.0,6.0,0.0,0.0,0.0,1.0,0.0,1.0,0.0,1.0,0.0,0.0,1.0,0.0,0.0,0.0,0.0,0.0,0.0,0.0,0.0,0.0,0.0,0.0,0.0,0.0,0.0,0.0,0.0,0.0,1.0,0.0,1.0,1.0,1.0,2.0,1.0,0.0,1.0,0.0,0.0,0.0,1.0,0.0,1.0,0.0,0.0,0.0,0.0,0.0,0.0,0.0,0.0,0.0,0.0,1.0,1.0,0.0,0.0,0.0,0.0,0.0,0.0,0.0,0.0,0.0,0.0,0.0,0.0,0.0,0.0,0.0,0.0,0.0,0.0,0.0,0.0,0.0,0.0,0.0,0.0,0.0,0.0,0.0,L,True,played,0.6666666666666666,0.7352941176470589,0.0,1.3333333333333333,2.0,Cheick Diallo,cheick diallo
2025-26,2,9,regular_season,1493,2026-05-02,4,5,桃園台啤永豐雲豹,7,新北國王,away,https://api.tpbl.basketball/api/games/1493/stats,16,米勒,166317,24.0,11.0,17.0,10.0,13.0,1.0,4.0,1.0,1.0,2.0,4.0,6.0,3.0,1.0,5.0,1.0,4.0,-9.0,0.6470588235294118,0.7692307692307693,0.25,1.0,0.647,0.769,0.25,1.0,39.81666666666667,2389.0,True,6.0,3.0,3.0,0.0,4.0,0.0,4.0,14.0,0.0,9.0,32.0,67.6,68.8,28.0,7.0,2.0,9.0,4.0,0.0,4.0,0.0,0.0,0.0,0.0,0.0,0.0,1.0,0.0,0.0,0.0,0.0,0.0,0.0,0.0,0.0,0.0,0.0,0.0,4.0,1.0,0.0,1.0,1.0,2.0,3.0,1.0,0.0,1.0,3.0,1.0,4.0,1.0,0.0,1.0,0.0,0.0,0.0,0.0,0.0,0.0,0.0,0.0,0.0,0.0,0.0,0.0,0.0,0.0,0.0,1.0,0.0,1.0,0.0,0.0,0.0,2.0,1.0,3.0,0.0,0.0,0.0,0.0,0.0,0.0,0.0,0.0,0.0,1.0,1.0,2.0,0.0,1.0,1.0,0.0,0.0,0.0,0.0,0.0,0.0,L,True,played,0.6764705882352942,0.6880733944954128,0.23529411764705882,0.058823529411764705,3.0,Malcolm Miller,malcolm miller
2025-26,2,12,playoffs,6316,2026-05-10,4,5,桃園台啤永豐雲豹,7,新北國王,home,https://api.tpbl.basketball/api/games/6316/stats,10861,迪亞洛,166320,17.0,8.0,12.0,8.0,12.0,0.0,0.0,1.0,4.0,3.0,3.0,6.0,0.0,1.0,0.0,1.0,4.0,4.0,0.6666666666666666,0.6666666666666666,,0.25,0.667,0.667,0.0,0.25,22.75,1365.0,False,4.0,4.0,0.0,3.0,4.0,0.0,4.0,16.0,4.0,8.0,16.0,66.7,61.8,12.0,8.0,3.0,11.0,4.0,0.0,4.0,2.0,0.0,2.0,0.0,0.0,0.0,0.0,1.0,0.0,0.0,0.0,0.0,0.0,0.0,0.0,0.0,0.0,0.0,6.0,1.0,0.0,1.0,0.0,0.0,0.0,5.0,3.0,8.0,1.0,1.0,2.0,1.0,0.0,1.0,0.0,0.0,0.0,0.0,0.0,0.0,0.0,0.0,0.0,0.0,0.0,0.0,0.0,0.0,0.0,0.0,0.0,0.0,0.0,0.0,0.0,0.0,0.0,0.0,0.0,0.0,0.0,0.0,0.0,0.0,0.0,0.0,0.0,0.0,0.0,0.0,0.0,0.0,0.0,0.0,0.0,0.0,0.0,0.0,0.0,L,True,played,0.6666666666666666,0.6177325581395349,0.0,0.3333333333333333,0.0,Cheick Diallo,cheick diallo
2025-26,2,12,playoffs,6316,2026-05-10,4,5,桃園台啤永豐雲豹,7,新北國王,home,https://api.tpbl.basketball/api/games/6316/stats,16,米勒,166317,23.0,8.0,14.0,8.0,13.0,0.0,1.0,7.0,9.0,6.0,5.0,11.0,3.0,1.0,1.0,4.0,3.0,-4.0,0.5714285714285714,0.6153846153846154,0.0,0.7777777777777778,0.5710000000000001,0.615,0.0,0.778,32.7,1962.0,True,6.0,5.0,1.0,2.0,3.0,0.0,3.0,14.0,4.0,1.0,27.0,57.1,64.0,24.0,7.0,4.0,11.0,0.0,0.0,0.0,1.0,0.0,1.0,0.0,0.0,0.0,3.0,0.0,0.0,1.0,0.0,0.0,0.0,0.0,0.0,0.0,0.0,0.0,5.0,1.0,0.0,1.0,0.0,1.0,1.0,3.0,2.0,5.0,1.0,0.0,1.0,0.0,0.0,0.0,0.0,0.0,0.0,1.0,1.0,2.0,1.0,0.0,1.0,0.0,0.0,0.0,0.0,0.0,0.0,1.0,1.0,2.0,0.0,0.0,0.0,0.0,1.0,1.0,0.0,0.0,0.0,0.0,0.0,0.0,0.0,0.0,0.0,0.0,0.0,0.0,0.0,0.0,0.0,0.0,0.0,0.0,0.0,0.0,0.0,L,True,played,0.5714285714285714,0.6403118040089086,0.07142857142857142,0.6428571428571429,0.75,Malcolm Miller,malcolm miller
2025-26,2,12,playoffs,6316,2026-05-10,4,5,桃園台啤永豐雲豹,7,新北國王,home,https://api.tpbl.basketball/api/games/6316/stats,68,克羅馬,166319,29.0,12.0,24.0,12.0,21.0,0.0,3.0,5.0,8.0,0.0,11.0,11.0,12.0,3.0,0.0,6.0,3.0,-12.0,0.5,0.5714285714285714,0.0,0.625,0.5,0.5710000000000001,0.0,0.625,40.55,2433.0,True,12.0,9.0,3.0,3.0,3.0,0.0,3.0,22.0,2.0,2.0,34.0,50.0,52.7,31.0,11.0,7.0,18.0,1.0,0.0,1.0,1.0,0.0,1.0,0.0,0.0,0.0,4.0,2.0,0.0,0.0,0.0,0.0,0.0,0.0,0.0,0.0,0.0,0.0,5.0,1.0,0.0,1.0,0.0,2.0,2.0,3.0,0.0,3.0,5.0,6.0,11.0,0.0,0.0,0.0,0.0,0.0,0.0,0.0,0.0,0.0,0.0,0.0,0.0,0.0,0.0,0.0,0.0,0.0,0.0,0.0,0.0,0.0,0.0,0.0,0.0,0.0,1.0,1.0,0.0,0.0,0.0,0.0,1.0,1.0,0.0,0.0,0.0,0.0,0.0,0.0,0.0,1.0,1.0,3.0,1.0,4.0,0.0,0.0,0.0,L,True,played,0.5,0.5268895348837209,0.125,0.3333333333333333,2.0,Lasannah Kromah,lasannah kromah
2025-26,2,12,playoffs,6317,2026-05-13,4,5,桃園台啤永豐雲豹,7,新北國王,home,https://api.tpbl.basketball/api/games/6317/stats,10860,麥卡洛,166315,24.0,9.0,16.0,6.0,10.0,3.0,6.0,3.0,4.0,3.0,5.0,8.0,1.0,1.0,0.0,1.0,5.0,8.0,0.5625,0.6,0.5,0.75,0.563,0.6,0.5,0.75,23.433333333333334,1406.0,False,7.0,4.0,3.0,1.0,5.0,0.0,5.0,12.0,6.0,0.0,25.0,65.6,67.6,20.0,6.0,2.0,8.0,0.0,0.0,0.0,2.0,0.0,2.0,0.0,0.0,0.0,1.0,0.0,0.0,0.0,0.0,0.0,0.0,0.0,0.0,0.0,0.0,0.0,3.0,0.0,0.0,0.0,3.0,3.0,6.0,2.0,1.0,3.0,1.0,0.0,1.0,1.0,0.0,1.0,1.0,0.0,1.0,1.0,1.0,2.0,0.0,1.0,1.0,0.0,0.0,0.0,0.0,0.0,0.0,0.0,0.0,0.0,0.0,0.0,0.0,0.0,0.0,0.0,0.0,0.0,0.0,0.0,0.0,0.0,0.0,0.0,0.0,0.0,1.0,1.0,0.0,0.0,0.0,0.0,0.0,0.0,0.0,0.0,0.0,W,True,played,0.65625,0.6756756756756757,0.375,0.25,1.0,Chris McCullough,chris mccullough
2025-26,2,12,playoffs,6317,2026-05-13,4,5,桃園台啤永豐雲豹,7,新北國王,home,https://api.tpbl.basketball/api/games/6317/stats,16,米勒,166317,29.0,9.0,14.0,3.0,8.0,6.0,6.0,5.0,6.0,3.0,3.0,6.0,2.0,1.0,0.0,0.0,2.0,19.0,0.6428571428571429,0.375,1.0,0.8333333333333334,0.643,0.375,1.0,0.833,34.3,2058.0,True,5.0,5.0,0.0,1.0,2.0,0.0,2.0,6.0,6.0,4.0,32.0,85.7,87.1,30.0,3.0,2.0,5.0,2.0,0.0,2.0,2.0,0.0,2.0,0.0,0.0,0.0,0.0,0.0,0.0,0.0,0.0,0.0,0.0,0.0,0.0,0.0,0.0,0.0,6.0,0.0,1.0,1.0,6.0,0.0,6.0,0.0,1.0,1.0,1.0,2.0,3.0,1.0,0.0,1.0,0.0,0.0,0.0,1.0,0.0,1.0,0.0,0.0,0.0,0.0,0.0,0.0,0.0,0.0,0.0,0.0,0.0,0.0,0.0,0.0,0.0,0.0,1.0,1.0,0.0,0.0,0.0,0.0,0.0,0.0,0.0,0.0,0.0,0.0,0.0,0.0,0.0,0.0,0.0,0.0,0.0,0.0,0.0,0.0,0.0,W,True,played,0.8571428571428571,0.8713942307692307,0.42857142857142855,0.42857142857142855,,Malcolm Miller,malcolm miller
2025-26,2,12,playoffs,6317,2026-05-13,4,5,桃園台啤永豐雲豹,7,新北國王,home,https://api.tpbl.basketball/api/games/6317/stats,68,克羅馬,166319,18.0,7.0,17.0,6.0,14.0,1.0,3.0,3.0,3.0,1.0,3.0,4.0,9.0,4.0,0.0,5.0,4.0,19.0,0.4117647058823529,0.42857142857142855,0.3333333333333333,1.0,0.41200000000000003,0.429,0.33299999999999996,1.0,34.083333333333336,2045.0,True,10.0,8.0,2.0,0.0,3.0,1.0,4.0,8.0,5.0,4.0,20.0,44.1,49.1,16.0,4.0,3.0,7.0,1.0,0.0,1.0,1.0,0.0,1.0,0.0,0.0,0.0,3.0,1.0,0.0,0.0,0.0,0.0,0.0,0.0,0.0,0.0,1.0,0.0,6.0,1.0,1.0,2.0,1.0,2.0,3.0,0.0,1.0,1.0,3.0,2.0,5.0,0.0,0.0,0.0,0.0,0.0,0.0,0.0,0.0,0.0,0.0,0.0,0.0,0.0,0.0,0.0,0.0,0.0,0.0,0.0,0.0,0.0,0.0,0.0,0.0,0.0,3.0,3.0,0.0,0.0,0.0,0.0,1.0,1.0,0.0,0.0,0.0,0.0,0.0,0.0,0.0,0.0,0.0,2.0,0.0,2.0,0.0,0.0,0.0,W,True,played,0.4411764705882353,0.4912663755458515,0.17647058823529413,0.17647058823529413,1.8,Lasannah Kromah,lasannah kromah
2025-26,2,12,playoffs,6318,2026-05-15,4,5,桃園台啤永豐雲豹,7,新北國王,away,https://api.tpbl.basketball/api/games/6318/stats,10860,麥卡洛,166315,24.0,8.0,17.0,5.0,8.0,3.0,9.0,5.0,6.0,4.0,4.0,8.0,1.0,1.0,1.0,3.0,3.0,0.0,0.47058823529411764,0.625,0.3333333333333333,0.8333333333333334,0.47100000000000003,0.625,0.33299999999999996,0.833,27.75,1665.0,False,9.0,3.0,6.0,1.0,3.0,0.0,3.0,6.0,4.0,2.0,22.0,55.9,61.1,19.0,3.0,3.0,6.0,1.0,0.0,1.0,0.0,0.0,0.0,0.0,0.0,0.0,2.0,0.0,0.0,1.0,0.0,0.0,0.0,0.0,0.0,0.0,0.0,0.0,5.0,1.0,0.0,1.0,2.0,6.0,8.0,1.0,3.0,4.0,0.0,0.0,0.0,1.0,0.0,1.0,0.0,0.0,0.0,0.0,0.0,0.0,1.0,0.0,1.0,0.0,0.0,0.0,0.0,0.0,0.0,0.0,0.0,0.0,0.0,0.0,0.0,0.0,0.0,0.0,0.0,0.0,0.0,0.0,0.0,0.0,0.0,0.0,0.0,0.0,0.0,0.0,1.0,0.0,1.0,1.0,0.0,1.0,0.0,0.0,0.0,L,True,played,0.5588235294117647,0.6109979633401221,0.5294117647058824,0.35294117647058826,0.3333333333333333,Chris McCullough,chris mccullough
2025-26,2,12,playoffs,6318,2026-05-15,4,5,桃園台啤永豐雲豹,7,新北國王,away,https://api.tpbl.basketball/api/games/6318/stats,16,米勒,166317,25.0,8.0,15.0,6.0,10.0,2.0,5.0,7.0,8.0,1.0,5.0,6.0,0.0,1.0,0.0,1.0,4.0,-4.0,0.5333333333333333,0.6,0.4,0.875,0.5329999999999999,0.6,0.4,0.875,29.316666666666666,1759.0,True,7.0,4.0,3.0,1.0,3.0,1.0,4.0,12.0,11.0,4.0,23.0,60.0,67.5,19.0,6.0,3.0,9.0,2.0,0.0,2.0,4.0,0.0,4.0,0.0,0.0,0.0,0.0,0.0,0.0,0.0,0.0,0.0,0.0,0.0,0.0,0.0,1.0,0.0,4.0,0.0,0.0,0.0,2.0,3.0,5.0,3.0,0.0,3.0,1.0,2.0,3.0,2.0,0.0,2.0,0.0,0.0,0.0,0.0,0.0,0.0,0.0,0.0,0.0,0.0,0.0,0.0,0.0,0.0,0.0,0.0,1.0,1.0,0.0,0.0,0.0,0.0,1.0,1.0,0.0,0.0,0.0,0.0,0.0,0.0,0.0,0.0,0.0,0.0,0.0,0.0,0.0,0.0,0.0,0.0,0.0,0.0,0.0,0.0,0.0,L,True,played,0.6,0.6749460043196545,0.3333333333333333,0.5333333333333333,0.0,Malcolm Miller,malcolm miller
2025-26,2,12,playoffs,6318,2026-05-15,4,5,桃園台啤永豐雲豹,7,新北國王,away,https://api.tpbl.basketball/api/games/6318/stats,68,克羅馬,166319,26.0,7.0,15.0,3.0,8.0,4.0,7.0,8.0,15.0,2.0,4.0,6.0,12.0,4.0,0.0,6.0,4.0,0.0,0.4666666666666667,0.375,0.5714285714285714,0.5333333333333333,0.467,0.375,0.5710000000000001,0.5329999999999999,38.93333333333333,2336.0,True,8.0,5.0,3.0,7.0,4.0,0.0,4.0,2.0,3.0,2.0,27.0,60.0,60.2,23.0,1.0,1.0,2.0,1.0,0.0,1.0,1.0,0.0,1.0,0.0,0.0,0.0,3.0,3.0,0.0,0.0,0.0,0.0,0.0,0.0,0.0,0.0,0.0,0.0,0.0,0.0,1.0,1.0,1.0,3.0,4.0,0.0,1.0,1.0,1.0,0.0,1.0,0.0,0.0,0.0,0.0,0.0,0.0,0.0,0.0,0.0,0.0,0.0,0.0,0.0,0.0,0.0,0.0,0.0,0.0,0.0,0.0,0.0,0.0,0.0,0.0,0.0,0.0,0.0,0.0,0.0,0.0,0.0,0.0,0.0,0.0,0.0,0.0,0.0,1.0,1.0,0.0,0.0,0.0,2.0,2.0,4.0,3.0,0.0,3.0,L,True,played,0.6,0.6018518518518519,0.4666666666666667,1.0,2.0,Lasannah Kromah,lasannah kromah
2025-26,2,12,playoffs,6319,2026-05-17,4,5,桃園台啤永豐雲豹,7,新北國王,away,https://api.tpbl.basketball/api/games/6319/stats,10861,迪亞洛,166320,11.0,5.0,7.0,5.0,7.0,0.0,0.0,1.0,2.0,2.0,0.0,2.0,0.0,0.0,1.0,2.0,2.0,-10.0,0.7142857142857143,0.7142857142857143,,0.5,0.7140000000000001,0.7140000000000001,0.0,0.5,18.5,1110.0,False,2.0,2.0,0.0,1.0,1.0,1.0,2.0,10.0,4.0,4.0,9.0,71.4,69.8,7.0,5.0,2.0,7.0,2.0,0.0,2.0,2.0,0.0,2.0,0.0,0.0,0.0,0.0,1.0,0.0,0.0,0.0,0.0,0.0,0.0,0.0,0.0,1.0,0.0,4.0,0.0,1.0,1.0,0.0,0.0,0.0,2.0,0.0,2.0,0.0,0.0,0.0,2.0,0.0,2.0,0.0,0.0,0.0,1.0,0.0,1.0,0.0,0.0,0.0,0.0,0.0,0.0,0.0,0.0,0.0,0.0,0.0,0.0,0.0,0.0,0.0,0.0,0.0,0.0,0.0,0.0,0.0,0.0,1.0,1.0,0.0,0.0,0.0,0.0,0.0,0.0,0.0,0.0,0.0,0.0,0.0,0.0,0.0,0.0,0.0,L,True,played,0.7142857142857143,0.6979695431472082,0.0,0.2857142857142857,0.0,Cheick Diallo,cheick diallo
2025-26,2,12,playoffs,6319,2026-05-17,4,5,桃園台啤永豐雲豹,7,新北國王,away,https://api.tpbl.basketball/api/games/6319/stats,16,米勒,166317,8.0,2.0,7.0,1.0,2.0,1.0,5.0,3.0,6.0,2.0,5.0,7.0,7.0,3.0,1.0,1.0,3.0,9.0,0.2857142857142857,0.5,0.2,0.5,0.28600000000000003,0.5,0.2,0.5,39.516666666666666,2371.0,True,5.0,1.0,4.0,3.0,3.0,0.0,3.0,2.0,1.0,0.0,17.0,35.7,41.5,14.0,1.0,0.0,1.0,0.0,0.0,0.0,0.0,0.0,0.0,0.0,0.0,0.0,1.0,0.0,0.0,0.0,0.0,0.0,0.0,0.0,0.0,0.0,0.0,0.0,0.0,0.0,0.0,0.0,1.0,3.0,4.0,0.0,0.0,0.0,1.0,0.0,1.0,0.0,0.0,0.0,0.0,0.0,0.0,0.0,0.0,0.0,0.0,0.0,0.0,0.0,0.0,0.0,0.0,0.0,0.0,0.0,1.0,1.0,0.0,0.0,0.0,0.0,0.0,0.0,0.0,0.0,0.0,0.0,0.0,0.0,0.0,0.0,0.0,0.0,0.0,0.0,0.0,1.0,1.0,0.0,0.0,0.0,0.0,0.0,0.0,L,True,played,0.35714285714285715,0.41493775933609955,0.7142857142857143,0.8571428571428571,7.0,Malcolm Miller,malcolm miller
2025-26,2,12,playoffs,6319,2026-05-17,4,5,桃園台啤永豐雲豹,7,新北國王,away,https://api.tpbl.basketball/api/games/6319/stats,68,克羅馬,166319,23.0,10.0,20.0,9.0,16.0,1.0,4.0,2.0,3.0,1.0,3.0,4.0,8.0,3.0,1.0,3.0,2.0,-3.0,0.5,0.5625,0.25,0.6666666666666666,0.5,0.563,0.25,0.667,37.983333333333334,2279.0,True,10.0,7.0,3.0,1.0,2.0,0.0,2.0,16.0,0.0,2.0,25.0,52.5,53.9,23.0,8.0,4.0,12.0,1.0,0.0,1.0,0.0,0.0,0.0,0.0,0.0,0.0,2.0,0.0,0.0,0.0,0.0,0.0,0.0,0.0,1.0,0.0,0.0,0.0,4.0,0.0,2.0,2.0,1.0,3.0,4.0,0.0,0.0,0.0,6.0,2.0,8.0,0.0,0.0,0.0,0.0,0.0,0.0,0.0,0.0,0.0,0.0,0.0,0.0,0.0,0.0,0.0,0.0,0.0,0.0,0.0,0.0,0.0,0.0,0.0,0.0,2.0,0.0,2.0,0.0,0.0,0.0,0.0,0.0,0.0,0.0,0.0,0.0,0.0,0.0,0.0,0.0,0.0,0.0,1.0,3.0,4.0,0.0,0.0,0.0,L,True,played,0.525,0.5393996247654784,0.2,0.15,2.6666666666666665,Lasannah Kromah,lasannah kromah
