game_id,team_id,player_id,source_seconds,rotation_seconds,residual_seconds,within_one_second
1371,7,29,2377.0,2377.0,0.0,True
1371,7,19,44.0,44.0,0.0,True
1371,7,10875,2228.0,2228.0,0.0,True
1371,7,21,2017.0,2017.0,0.0,True
1371,7,22,771.0,771.0,0.0,True
1371,7,10872,1292.0,1292.0,0.0,True
1371,7,28,219.0,219.0,0.0,True
1371,7,10876,1789.0,1789.0,0.0,True
1371,7,24,207.0,207.0,0.0,True
1371,7,25,603.0,603.0,0.0,True
1371,7,10874,1110.0,1110.0,0.0,True
1371,7,867,1743.0,1743.0,0.0,True
1371,2,10892,2405.0,2405.0,0.0,True
1371,2,109,1410.0,1410.0,0.0,True
1371,2,110,1744.0,1744.0,0.0,True
1371,2,116,1136.0,1136.0,0.0,True
1371,2,118,2224.0,2224.0,0.0,True
1371,2,121,1577.0,1577.0,0.0,True
1371,2,122,1024.0,1024.0,0.0,True
1371,2,123,828.0,828.0,0.0,True
1371,2,10894,2052.0,2052.0,0.0,True
1372,7,29,1927.0,1927.0,0.0,True
1372,7,19,273.0,273.0,0.0,True
1372,7,10875,2157.0,2157.0,0.0,True
1372,7,21,1696.0,1696.0,0.0,True
1372,7,22,1328.0,1328.0,0.0,True
1372,7,23,372.0,372.0,0.0,True
1372,7,10872,1708.0,1708.0,0.0,True
1372,7,28,258.0,258.0,0.0,True
1372,7,10876,1369.0,1369.0,0.0,True
1372,7,24,358.0,358.0,0.0,True
1372,7,25,196.0,196.0,0.0,True
1372,7,10874,1140.0,1140.0,0.0,True
1372,7,10873,196.0,196.0,0.0,True
1372,7,34,1422.0,1422.0,0.0,True
1372,3,79,1635.0,1635.0,0.0,True
1372,3,83,604.0,604.0,0.0,True
1372,3,86,913.0,913.0,0.0,True
1372,3,91,1073.0,1073.0,0.0,True
1372,3,103,1180.0,1180.0,0.0,True
1372,3,97,871.0,871.0,0.0,True
1372,3,99,1483.0,1483.0,0.0,True
1372,3,106,1651.0,1651.0,0.0,True
1372,3,107,2151.0,2151.0,0.0,True
1372,3,89,1791.0,1791.0,0.0,True
1372,3,101,1048.0,1048.0,0.0,True
1373,3,79,1638.0,1638.0,0.0,True
1373,3,86,1252.0,1252.0,0.0,True
1373,3,10889,1669.0,1669.0,0.0,True
1373,3,103,1818.0,1818.0,0.0,True
1373,3,95,170.0,170.0,0.0,True
1373,3,99,1645.0,1645.0,0.0,True
1373,3,106,1774.0,1774.0,0.0,True
1373,3,107,2317.0,2317.0,0.0,True
1373,3,89,1646.0,1646.0,0.0,True
1373,3,101,471.0,471.0,0.0,True
1373,2,109,1885.0,1885.0,0.0,True
1373,2,110,1650.0,1650.0,0.0,True
1373,2,45,1920.0,1920.0,0.0,True
1373,2,10893,1649.0,1649.0,0.0,True
1373,2,118,1787.0,1787.0,0.0,True
1373,2,119,803.0,803.0,0.0,True
1373,2,121,1129.0,1129.0,0.0,True
1373,2,122,1116.0,1116.0,0.0,True
1373,2,123,563.0,563.0,0.0,True
1373,2,10894,1898.0,1898.0,0.0,True
1374,7,29,2082.0,2082.0,0.0,True
1374,7,19,81.0,81.0,0.0,True
1374,7,10875,2055.0,2055.0,0.0,True
1374,7,10871,198.0,198.0,0.0,True
1374,7,21,1629.0,1629.0,0.0,True
1374,7,22,898.0,898.0,0.0,True
1374,7,23,338.0,338.0,0.0,True
1374,7,10872,1078.0,1078.0,0.0,True
1374,7,10876,1744.0,1744.0,0.0,True
1374,7,24,955.0,955.0,0.0,True
1374,7,25,161.0,161.0,0.0,True
1374,7,10874,1124.0,1124.0,0.0,True
1374,7,26,272.0,272.0,0.0,True
1374,7,34,1785.0,1785.0,0.0,True
1374,6,10877,2175.0,2175.0,0.0,True
1374,6,39,1607.0,1607.0,0.0,True
1374,6,40,2079.0,2079.0,0.0,True
1374,6,10880,1892.0,1892.0,0.0,True
1374,6,113,205.0,205.0,0.0,True
1374,6,10881,2411.0,2411.0,0.0,True
1374,6,44,685.0,685.0,0.0,True
1374,6,10879,1111.0,1111.0,0.0,True
1374,6,10882,947.0,947.0,0.0,True
1374,6,47,914.0,914.0,0.0,True
1374,6,48,374.0,374.0,0.0,True
1375,3,79,1501.0,1501.0,0.0,True
1375,3,83,475.0,475.0,0.0,True
1375,3,86,1064.0,1064.0,0.0,True
1375,3,91,394.0,394.0,0.0,True
1375,3,10889,1599.0,1599.0,0.0,True
1375,3,103,2258.0,2258.0,0.0,True
1375,3,95,126.0,126.0,0.0,True
1375,3,97,114.0,114.0,0.0,True
1375,3,99,728.0,728.0,0.0,True
1375,3,106,1694.0,1694.0,0.0,True
1375,3,107,1924.0,1924.0,0.0,True
1375,3,89,1656.0,1656.0,0.0,True
1375,3,101,867.0,867.0,0.0,True
1375,5,54,2047.0,2047.0,0.0,True
1375,5,10884,73.0,73.0,0.0,True
1375,5,10860,1918.0,1918.0,0.0,True
1375,5,55,73.0,73.0,0.0,True
1375,5,56,211.0,211.0,0.0,True
1375,5,57,2136.0,2136.0,0.0,True
1375,5,58,1367.0,1367.0,0.0,True
1375,5,16,1637.0,1637.0,0.0,True
1375,5,62,1907.0,1907.0,0.0,True
1375,5,68,2055.0,2055.0,0.0,True
1375,5,3129,73.0,73.0,0.0,True
1375,5,12,830.0,830.0,0.0,True
1375,5,64,73.0,73.0,0.0,True
1376,7,29,2529.0,2529.0,0.0,True
1376,7,10875,2073.0,2073.0,0.0,True
1376,7,21,2492.0,2492.0,0.0,True
1376,7,22,581.0,581.0,0.0,True
1376,7,10872,469.0,469.0,0.0,True
1376,7,24,1630.0,1630.0,0.0,True
1376,7,10874,535.0,535.0,0.0,True
1376,7,26,1304.0,1304.0,0.0,True
1376,7,867,2700.0,2700.0,0.0,True
1376,7,34,1587.0,1587.0,0.0,True
1376,8,10870,2554.0,2554.0,0.0,True
1376,8,1,1432.0,1432.0,0.0,True
1376,8,3,756.0,756.0,0.0,True
1376,8,4,1262.0,1262.0,0.0,True
1376,8,10869,1947.0,1947.0,0.0,True
1376,8,5,1408.0,1408.0,0.0,True
1376,8,7,63.0,63.0,0.0,True
1376,8,14,1338.0,1338.0,0.0,True
1376,8,10868,1859.0,1859.0,0.0,True
1376,8,10,2385.0,2385.0,0.0,True
1376,8,13,896.0,896.0,0.0,True
1377,2,10892,2008.0,2008.0,0.0,True
1377,2,109,1827.0,1827.0,0.0,True
1377,2,110,2139.0,2139.0,0.0,True
1377,2,45,885.0,885.0,0.0,True
1377,2,116,92.0,92.0,0.0,True
1377,2,10893,1705.0,1705.0,0.0,True
1377,2,118,2258.0,2258.0,0.0,True
1377,2,119,140.0,140.0,0.0,True
1377,2,121,313.0,313.0,0.0,True
1377,2,122,1209.0,1209.0,0.0,True
1377,2,10894,1824.0,1824.0,0.0,True
1377,7,10875,2155.0,2155.0,0.0,True
1377,7,10871,80.0,80.0,0.0,True
1377,7,21,2321.0,2321.0,0.0,True
1377,7,22,1609.0,1609.0,0.0,True
1377,7,23,10.0,10.0,0.0,True
1377,7,10872,1730.0,1730.0,0.0,True
1377,7,24,820.0,820.0,0.0,True
1377,7,10874,624.0,624.0,0.0,True
1377,7,26,1616.0,1616.0,0.0,True
1377,7,32,1557.0,1557.0,0.0,True
1377,7,10873,80.0,80.0,0.0,True
1377,7,34,1798.0,1798.0,0.0,True
1378,6,10877,2439.0,2439.0,0.0,True
1378,6,39,1841.0,1841.0,0.0,True
1378,6,40,1944.0,1944.0,0.0,True
1378,6,10880,2142.0,2142.0,0.0,True
1378,6,10881,2378.0,2378.0,0.0,True
1378,6,8889,1211.0,1211.0,0.0,True
1378,6,44,673.0,673.0,0.0,True
1378,6,10879,1089.0,1089.0,0.0,True
1378,6,48,683.0,683.0,0.0,True
1378,8,10870,2218.0,2218.0,0.0,True
1378,8,10863,197.0,197.0,0.0,True
1378,8,2,11.0,11.0,0.0,True
1378,8,3,334.0,334.0,0.0,True
1378,8,4,1196.0,1196.0,0.0,True
1378,8,10869,1717.0,1717.0,0.0,True
1378,8,5,788.0,788.0,0.0,True
1378,8,10865,1672.0,1672.0,0.0,True
1378,8,7,395.0,395.0,0.0,True
1378,8,14,1544.0,1544.0,0.0,True
1378,8,10868,1825.0,1825.0,0.0,True
1378,8,10,1950.0,1950.0,0.0,True
1378,8,13,553.0,553.0,0.0,True
1379,2,10892,2057.0,2057.0,0.0,True
1379,2,12668,1555.0,1555.0,0.0,True
1379,2,109,1472.0,1472.0,0.0,True
1379,2,110,1917.0,1917.0,0.0,True
1379,2,45,1130.0,1130.0,0.0,True
1379,2,118,2032.0,2032.0,0.0,True
1379,2,121,124.0,124.0,0.0,True
1379,2,122,1210.0,1210.0,0.0,True
1379,2,123,755.0,755.0,0.0,True
1379,2,10894,2148.0,2148.0,0.0,True
1379,4,71,846.0,846.0,0.0,True
1379,4,10887,2383.0,2383.0,0.0,True
1379,4,75,1298.0,1298.0,0.0,True
1379,4,76,2034.0,2034.0,0.0,True
1379,4,10885,1537.0,1537.0,0.0,True
1379,4,82,484.0,484.0,0.0,True
1379,4,87,1554.0,1554.0,0.0,True
1379,4,10888,1046.0,1046.0,0.0,True
1379,4,10862,2016.0,2016.0,0.0,True
1379,4,88,345.0,345.0,0.0,True
1379,4,90,857.0,857.0,0.0,True
1380,6,10877,1435.0,1435.0,0.0,True
1380,6,35,466.0,466.0,0.0,True
1380,6,10883,58.0,58.0,0.0,True
1380,6,39,1228.0,1228.0,0.0,True
1380,6,40,1727.0,1727.0,0.0,True
1380,6,10880,1753.0,1753.0,0.0,True
1380,6,113,644.0,644.0,0.0,True
1380,6,43,1133.0,1133.0,0.0,True
1380,6,10881,1710.0,1710.0,0.0,True
1380,6,44,472.0,472.0,0.0,True
1380,6,10879,174.0,174.0,0.0,True
1380,6,10882,1707.0,1707.0,0.0,True
1380,6,47,1588.0,1588.0,0.0,True
1380,6,48,305.0,305.0,0.0,True
1380,5,54,1937.0,1937.0,0.0,True
1380,5,10884,679.0,679.0,0.0,True
1380,5,10860,1587.0,1587.0,0.0,True
1380,5,55,66.0,66.0,0.0,True
1380,5,56,264.0,264.0,0.0,True
1380,5,57,1074.0,1074.0,0.0,True
1380,5,58,1910.0,1910.0,0.0,True
1380,5,16,2092.0,2092.0,0.0,True
1380,5,62,1554.0,1554.0,0.0,True
1380,5,68,1949.0,1949.0,0.0,True
1380,5,60,66.0,66.0,0.0,True
1380,5,12,1016.0,1016.0,0.0,True
1380,5,64,206.0,206.0,0.0,True
1381,2,12668,2246.0,2246.0,0.0,True
1381,2,109,1302.0,1302.0,0.0,True
1381,2,110,2197.0,2197.0,0.0,True
1381,2,45,1272.0,1272.0,0.0,True
1381,2,116,0.0,,,False
1381,2,10893,1967.0,1967.0,0.0,True
1381,2,118,1297.0,1297.0,0.0,True
1381,2,119,384.0,384.0,0.0,True
1381,2,121,575.0,575.0,0.0,True
1381,2,122,1764.0,1764.0,0.0,True
1381,2,10894,1396.0,1396.0,0.0,True
1381,3,77,1521.0,1521.0,0.0,True
1381,3,79,1587.0,1587.0,0.0,True
1381,3,86,1262.0,1262.0,0.0,True
1381,3,10889,2319.0,2319.0,0.0,True
1381,3,103,2037.0,2037.0,0.0,True
1381,3,95,344.0,344.0,0.0,True
1381,3,106,885.0,885.0,0.0,True
1381,3,107,2068.0,2068.0,0.0,True
1381,3,89,1618.0,1618.0,0.0,True
1381,3,101,759.0,759.0,0.0,True
1382,2,10892,1636.0,1636.0,0.0,True
1382,2,12668,1996.0,1996.0,0.0,True
1382,2,109,1589.0,1589.0,0.0,True
1382,2,110,2307.0,2307.0,0.0,True
1382,2,45,1161.0,1161.0,0.0,True
1382,2,118,1826.0,1826.0,0.0,True
1382,2,121,389.0,389.0,0.0,True
1382,2,122,795.0,795.0,0.0,True
1382,2,123,682.0,682.0,0.0,True
1382,2,10894,2019.0,2019.0,0.0,True
1382,8,10870,1937.0,1937.0,0.0,True
1382,8,10863,279.0,279.0,0.0,True
1382,8,4,1248.0,1248.0,0.0,True
1382,8,10869,1941.0,1941.0,0.0,True
1382,8,5,868.0,868.0,0.0,True
1382,8,10865,2224.0,2224.0,0.0,True
1382,8,14,1424.0,1424.0,0.0,True
1382,8,10868,1882.0,1882.0,0.0,True
1382,8,10,2403.0,2403.0,0.0,True
1382,8,13,194.0,194.0,0.0,True
1383,6,10877,2560.0,2560.0,0.0,True
1383,6,39,1098.0,1098.0,0.0,True
1383,6,40,2178.0,2178.0,0.0,True
1383,6,10880,1786.0,1786.0,0.0,True
1383,6,113,311.0,311.0,0.0,True
1383,6,43,677.0,677.0,0.0,True
1383,6,10881,2005.0,2005.0,0.0,True
1383,6,8889,1935.0,1935.0,0.0,True
1383,6,44,304.0,304.0,0.0,True
1383,6,10879,1346.0,1346.0,0.0,True
1383,6,47,60.0,60.0,0.0,True
1383,6,48,140.0,140.0,0.0,True
1383,3,77,1345.0,1345.0,0.0,True
1383,3,79,1905.0,1905.0,0.0,True
1383,3,86,951.0,951.0,0.0,True
1383,3,10889,1961.0,2113.0,152.0,False
1383,3,103,2148.0,2148.0,0.0,True
1383,3,95,247.0,247.0,0.0,True
1383,3,99,178.0,178.0,0.0,True
1383,3,106,1701.0,1701.0,0.0,True
1383,3,107,1591.0,1591.0,0.0,True
1383,3,89,1929.0,1929.0,0.0,True
1383,3,101,292.0,292.0,0.0,True
1384,2,108,600.0,600.0,0.0,True
1384,2,12668,1706.0,1706.0,0.0,True
1384,2,109,1284.0,1284.0,0.0,True
1384,2,110,2026.0,2026.0,0.0,True
1384,2,45,655.0,655.0,0.0,True
1384,2,118,1456.0,1456.0,0.0,True
1384,2,119,475.0,475.0,0.0,True
1384,2,10891,348.0,348.0,0.0,True
1384,2,121,1278.0,1278.0,0.0,True
1384,2,122,1218.0,1218.0,0.0,True
1384,2,123,1108.0,1108.0,0.0,True
1384,2,10894,2246.0,2246.0,0.0,True
1384,5,54,1454.0,1454.0,0.0,True
1384,5,10884,977.0,977.0,0.0,True
1384,5,10860,1948.0,1948.0,0.0,True
1384,5,55,323.0,323.0,0.0,True
1384,5,56,67.0,67.0,0.0,True
1384,5,57,728.0,728.0,0.0,True
1384,5,58,1946.0,1946.0,0.0,True
1384,5,16,2081.0,2081.0,0.0,True
1384,5,62,902.0,902.0,0.0,True
1384,5,60,403.0,403.0,0.0,True
1384,5,3129,638.0,638.0,0.0,True
1384,5,10861,1664.0,1664.0,0.0,True
1384,5,12,1269.0,1269.0,0.0,True
1385,6,10877,2404.0,2404.0,0.0,True
1385,6,39,724.0,724.0,0.0,True
1385,6,40,1582.0,1582.0,0.0,True
1385,6,10880,1870.0,1870.0,0.0,True
1385,6,113,579.0,579.0,0.0,True
1385,6,43,1357.0,1357.0,0.0,True
1385,6,10881,2012.0,2012.0,0.0,True
1385,6,8889,1878.0,1878.0,0.0,True
1385,6,44,9.0,9.0,0.0,True
1385,6,10879,1725.0,1725.0,0.0,True
1385,6,47,260.0,260.0,0.0,True
1385,4,71,832.0,832.0,0.0,True
1385,4,10887,2410.0,2410.0,0.0,True
1385,4,75,1473.0,1473.0,0.0,True
1385,4,76,1814.0,1814.0,0.0,True
1385,4,10885,1641.0,1641.0,0.0,True
1385,4,82,855.0,855.0,0.0,True
1385,4,87,197.0,197.0,0.0,True
1385,4,10888,2363.0,2363.0,0.0,True
1385,4,10862,967.0,967.0,0.0,True
1385,4,88,986.0,986.0,0.0,True
1385,4,90,862.0,862.0,0.0,True
1386,3,77,1561.0,1561.0,0.0,True
1386,3,79,1602.0,1602.0,0.0,True
1386,3,86,1480.0,1480.0,0.0,True
1386,3,10889,1589.0,1589.0,0.0,True
1386,3,103,1639.0,1639.0,0.0,True
1386,3,95,966.0,966.0,0.0,True
1386,3,10890,2050.0,2050.0,0.0,True
1386,3,107,2121.0,2121.0,0.0,True
1386,3,89,1392.0,1392.0,0.0,True
1386,4,71,772.0,772.0,0.0,True
1386,4,10887,2352.0,2352.0,0.0,True
1386,4,75,1238.0,1238.0,0.0,True
1386,4,76,1949.0,1949.0,0.0,True
1386,4,78,372.0,372.0,0.0,True
1386,4,10885,1129.0,1129.0,0.0,True
1386,4,82,247.0,247.0,0.0,True
1386,4,87,1288.0,1288.0,0.0,True
1386,4,10888,2071.0,2071.0,0.0,True
1386,4,10862,1295.0,1295.0,0.0,True
1386,4,88,1121.0,1121.0,0.0,True
1386,4,90,566.0,566.0,0.0,True
1387,3,77,1583.0,1583.0,0.0,True
1387,3,79,1349.0,1349.0,0.0,True
1387,3,83,232.0,232.0,0.0,True
1387,3,86,993.0,993.0,0.0,True
1387,3,103,1297.0,1297.0,0.0,True
1387,3,99,1559.0,1559.0,0.0,True
1387,3,10890,1872.0,1872.0,0.0,True
1387,3,106,2096.0,2096.0,0.0,True
1387,3,107,1782.0,1782.0,0.0,True
1387,3,89,1637.0,1637.0,0.0,True
1387,6,10877,2329.0,2329.0,0.0,True
1387,6,39,1168.0,1168.0,0.0,True
1387,6,40,1959.0,1959.0,0.0,True
1387,6,10880,1963.0,1963.0,0.0,True
1387,6,113,500.0,500.0,0.0,True
1387,6,43,1478.0,1478.0,0.0,True
1387,6,10881,1854.0,1854.0,0.0,True
1387,6,8889,1932.0,1932.0,0.0,True
1387,6,44,51.0,51.0,0.0,True
1387,6,10879,1166.0,1166.0,0.0,True
1388,7,10875,2503.0,2503.0,0.0,True
1388,7,10871,155.0,155.0,0.0,True
1388,7,21,2530.0,2530.0,0.0,True
1388,7,22,1110.0,1110.0,0.0,True
1388,7,10872,1747.0,1747.0,0.0,True
1388,7,28,456.0,456.0,0.0,True
1388,7,10876,1749.0,1749.0,0.0,True
1388,7,24,152.0,152.0,0.0,True
1388,7,25,1963.0,1963.0,0.0,True
1388,7,10874,487.0,487.0,0.0,True
1388,7,10873,155.0,155.0,0.0,True
1388,7,34,1393.0,1393.0,0.0,True
1388,4,71,674.0,674.0,0.0,True
1388,4,10887,2169.0,2169.0,0.0,True
1388,4,5948,1907.0,1907.0,0.0,True
1388,4,75,1811.0,1811.0,0.0,True
1388,4,76,861.0,861.0,0.0,True
1388,4,80,52.0,52.0,0.0,True
1388,4,10885,1777.0,1777.0,0.0,True
1388,4,82,1366.0,1366.0,0.0,True
1388,4,84,147.0,147.0,0.0,True
1388,4,87,603.0,603.0,0.0,True
1388,4,10862,1632.0,1632.0,0.0,True
1388,4,10886,68.0,68.0,0.0,True
1388,4,88,196.0,196.0,0.0,True
1388,4,90,1137.0,1137.0,0.0,True
1389,5,54,2090.0,2090.0,0.0,True
1389,5,10884,140.0,140.0,0.0,True
1389,5,55,39.0,39.0,0.0,True
1389,5,56,39.0,39.0,0.0,True
1389,5,57,1455.0,1455.0,0.0,True
1389,5,58,1712.0,1712.0,0.0,True
1389,5,16,2227.0,2227.0,0.0,True
1389,5,62,1668.0,1668.0,0.0,True
1389,5,68,2215.0,2215.0,0.0,True
1389,5,60,61.0,61.0,0.0,True
1389,5,3129,238.0,238.0,0.0,True
1389,5,10861,1218.0,1218.0,0.0,True
1389,5,12,1237.0,1237.0,0.0,True
1389,5,64,61.0,61.0,0.0,True
1389,8,10870,2086.0,2086.0,0.0,True
1389,8,10863,421.0,421.0,0.0,True
1389,8,2,183.0,183.0,0.0,True
1389,8,10864,39.0,39.0,0.0,True
1389,8,3,986.0,986.0,0.0,True
1389,8,4,827.0,827.0,0.0,True
1389,8,10869,1795.0,1795.0,0.0,True
1389,8,5,333.0,333.0,0.0,True
1389,8,10865,1090.0,1090.0,0.0,True
1389,8,7,127.0,127.0,0.0,True
1389,8,10867,1757.0,1757.0,0.0,True
1389,8,14,2109.0,2109.0,0.0,True
1389,8,10,2243.0,2243.0,0.0,True
1389,8,13,404.0,404.0,0.0,True
1390,7,10875,1950.0,1950.0,0.0,True
1390,7,21,2553.0,2553.0,0.0,True
1390,7,22,1448.0,1448.0,0.0,True
1390,7,10872,1613.0,1613.0,0.0,True
1390,7,10876,1414.0,1414.0,0.0,True
1390,7,24,964.0,964.0,0.0,True
1390,7,25,1279.0,1279.0,0.0,True
1390,7,10874,783.0,783.0,0.0,True
1390,7,867,2396.0,2396.0,0.0,True
1390,2,12668,1300.0,1300.0,0.0,True
1390,2,109,1314.0,1314.0,0.0,True
1390,2,110,1676.0,1676.0,0.0,True
1390,2,45,1732.0,1732.0,0.0,True
1390,2,116,321.0,321.0,0.0,True
1390,2,118,1899.0,1899.0,0.0,True
1390,2,10891,53.0,53.0,0.0,True
1390,2,121,2039.0,2039.0,0.0,True
1390,2,122,1186.0,1186.0,0.0,True
1390,2,123,90.0,90.0,0.0,True
1390,2,10894,2790.0,2790.0,0.0,True
1391,5,54,2191.0,2191.0,0.0,True
1391,5,10884,415.0,415.0,0.0,True
1391,5,10860,1876.0,1876.0,0.0,True
1391,5,57,2059.0,2059.0,0.0,True
1391,5,58,1714.0,1714.0,0.0,True
1391,5,16,1791.0,1791.0,0.0,True
1391,5,62,1258.0,1258.0,0.0,True
1391,5,68,2093.0,2093.0,0.0,True
1391,5,3129,205.0,205.0,0.0,True
1391,5,12,798.0,798.0,0.0,True
1391,6,10877,2300.0,2300.0,0.0,True
1391,6,39,845.0,845.0,0.0,True
1391,6,40,2224.0,2224.0,0.0,True
1391,6,10880,2168.0,2168.0,0.0,True
1391,6,113,1732.0,1732.0,0.0,True
1391,6,10881,2394.0,2394.0,0.0,True
1391,6,8889,1198.0,1198.0,0.0,True
1391,6,44,820.0,820.0,0.0,True
1391,6,10879,719.0,719.0,0.0,True
1392,7,29,2103.0,1921.0,-182.0,False
1392,7,10875,1695.0,1695.0,0.0,True
1392,7,21,2191.0,2373.0,182.0,False
1392,7,22,388.0,388.0,0.0,True
1392,7,23,176.0,176.0,0.0,True
1392,7,10872,1561.0,1561.0,0.0,True
1392,7,28,188.0,188.0,0.0,True
1392,7,10876,1574.0,1574.0,0.0,True
1392,7,24,1231.0,1231.0,0.0,True
1392,7,25,342.0,342.0,0.0,True
1392,7,10874,460.0,460.0,0.0,True
1392,7,867,2491.0,2491.0,0.0,True
1392,3,77,2194.0,2194.0,0.0,True
1392,3,86,958.0,958.0,0.0,True
1392,3,10889,1999.0,1999.0,0.0,True
1392,3,95,427.0,427.0,0.0,True
1392,3,99,1819.0,1819.0,0.0,True
1392,3,10890,2130.0,2130.0,0.0,True
1392,3,106,1631.0,1631.0,0.0,True
1392,3,89,2237.0,2237.0,0.0,True
1392,3,101,1005.0,1005.0,0.0,True
1393,4,10887,2236.0,2236.0,0.0,True
1393,4,5948,1318.0,1318.0,0.0,True
1393,4,75,1814.0,1814.0,0.0,True
1393,4,76,1985.0,1985.0,0.0,True
1393,4,80,59.0,59.0,0.0,True
1393,4,10885,1146.0,1146.0,0.0,True
1393,4,82,255.0,255.0,0.0,True
1393,4,87,1399.0,1399.0,0.0,True
1393,4,10862,2139.0,2139.0,0.0,True
1393,4,10886,59.0,59.0,0.0,True
1393,4,88,756.0,756.0,0.0,True
1393,4,90,1234.0,1234.0,0.0,True
1393,6,10877,2069.0,2069.0,0.0,True
1393,6,39,722.0,722.0,0.0,True
1393,6,40,2325.0,2325.0,0.0,True
1393,6,10880,1916.0,1916.0,0.0,True
1393,6,113,374.0,374.0,0.0,True
1393,6,43,1718.0,1718.0,0.0,True
1393,6,10881,1520.0,1405.0,-115.0,False
1393,6,8889,2296.0,2296.0,0.0,True
1393,6,44,514.0,514.0,0.0,True
1393,6,10879,910.0,910.0,0.0,True
1393,6,47,36.0,36.0,0.0,True
1394,8,10870,2140.0,2140.0,0.0,True
1394,8,10863,740.0,740.0,0.0,True
1394,8,2,439.0,439.0,0.0,True
1394,8,10864,45.0,45.0,0.0,True
1394,8,3,308.0,308.0,0.0,True
1394,8,4,1672.0,1672.0,0.0,True
1394,8,5,45.0,45.0,0.0,True
1394,8,10865,1569.0,1569.0,0.0,True
1394,8,7,45.0,45.0,0.0,True
1394,8,10867,1453.0,1453.0,0.0,True
1394,8,14,1640.0,1640.0,0.0,True
1394,8,10868,2057.0,2057.0,0.0,True
1394,8,10,2247.0,2247.0,0.0,True
1394,7,29,2286.0,2286.0,0.0,True
1394,7,22,1108.0,1108.0,0.0,True
1394,7,23,123.0,123.0,0.0,True
1394,7,10872,2094.0,2094.0,0.0,True
1394,7,28,161.0,161.0,0.0,True
1394,7,10876,1874.0,1874.0,0.0,True
1394,7,24,1422.0,1422.0,0.0,True
1394,7,25,1004.0,1004.0,0.0,True
1394,7,10874,603.0,603.0,0.0,True
1394,7,32,1767.0,1767.0,0.0,True
1394,7,34,1958.0,1958.0,0.0,True
1395,4,10887,2470.0,2470.0,0.0,True
1395,4,5948,1230.0,1230.0,0.0,True
1395,4,75,1569.0,1569.0,0.0,True
1395,4,76,2033.0,2033.0,0.0,True
1395,4,10885,1116.0,1116.0,0.0,True
1395,4,82,1283.0,1283.0,0.0,True
1395,4,87,388.0,388.0,0.0,True
1395,4,10888,2060.0,2060.0,0.0,True
1395,4,88,923.0,923.0,0.0,True
1395,4,90,1328.0,1328.0,0.0,True
1395,2,12668,1681.0,1681.0,0.0,True
1395,2,45,2270.0,2270.0,0.0,True
1395,2,10893,2126.0,2126.0,0.0,True
1395,2,118,1322.0,1322.0,0.0,True
1395,2,119,1178.0,1178.0,0.0,True
1395,2,10891,238.0,238.0,0.0,True
1395,2,12908,1953.0,1953.0,0.0,True
1395,2,121,1903.0,1903.0,0.0,True
1395,2,122,893.0,893.0,0.0,True
1395,2,123,836.0,836.0,0.0,True
1396,8,10870,2111.0,2111.0,0.0,True
1396,8,1,1088.0,1088.0,0.0,True
1396,8,10863,0.0,,,False
1396,8,4,1157.0,1157.0,0.0,True
1396,8,10869,1734.0,1734.0,0.0,True
1396,8,5,1265.0,1265.0,0.0,True
1396,8,10865,992.0,992.0,0.0,True
1396,8,14,2003.0,2003.0,0.0,True
1396,8,10868,1915.0,1915.0,0.0,True
1396,8,10,1838.0,1838.0,0.0,True
1396,8,11,297.0,297.0,0.0,True
1396,5,54,1789.0,1789.0,0.0,True
1396,5,10884,304.0,304.0,0.0,True
1396,5,10860,1293.0,1293.0,0.0,True
1396,5,57,1605.0,1605.0,0.0,True
1396,5,58,1383.0,1383.0,0.0,True
1396,5,62,1524.0,1524.0,0.0,True
1396,5,68,2062.0,2062.0,0.0,True
1396,5,3129,873.0,873.0,0.0,True
1396,5,10861,2342.0,2342.0,0.0,True
1396,5,12,1162.0,1162.0,0.0,True
1396,5,64,63.0,63.0,0.0,True
1397,5,54,1980.0,1980.0,0.0,True
1397,5,10884,876.0,876.0,0.0,True
1397,5,10860,1359.0,1359.0,0.0,True
1397,5,56,235.0,235.0,0.0,True
1397,5,57,868.0,868.0,0.0,True
1397,5,58,1995.0,1995.0,0.0,True
1397,5,16,2021.0,2021.0,0.0,True
1397,5,62,1157.0,1157.0,0.0,True
1397,5,68,1986.0,1986.0,0.0,True
1397,5,3129,246.0,246.0,0.0,True
1397,5,12,1529.0,1529.0,0.0,True
1397,5,64,148.0,148.0,0.0,True
1397,2,108,478.0,478.0,0.0,True
1397,2,12668,1379.0,1379.0,0.0,True
1397,2,110,1501.0,1501.0,0.0,True
1397,2,45,1676.0,1676.0,0.0,True
1397,2,116,226.0,226.0,0.0,True
1397,2,118,2529.0,2529.0,0.0,True
1397,2,119,218.0,218.0,0.0,True
1397,2,10891,148.0,148.0,0.0,True
1397,2,12908,2430.0,2430.0,0.0,True
1397,2,121,319.0,319.0,0.0,True
1397,2,122,859.0,859.0,0.0,True
1397,2,123,973.0,973.0,0.0,True
1397,2,10894,1664.0,1664.0,0.0,True
1398,3,73,1175.0,1175.0,0.0,True
1398,3,77,1692.0,1692.0,0.0,True
1398,3,86,1296.0,1296.0,0.0,True
1398,3,10889,1764.0,1764.0,0.0,True
1398,3,103,1356.0,1356.0,0.0,True
1398,3,99,1454.0,1454.0,0.0,True
1398,3,10890,2117.0,2117.0,0.0,True
1398,3,107,1879.0,1879.0,0.0,True
1398,3,89,1667.0,1667.0,0.0,True
1398,4,71,862.0,862.0,0.0,True
1398,4,10887,1845.0,1845.0,0.0,True
1398,4,5948,1836.0,1836.0,0.0,True
1398,4,75,1864.0,1864.0,0.0,True
1398,4,76,1414.0,1414.0,0.0,True
1398,4,10885,1799.0,1799.0,0.0,True
1398,4,82,1134.0,1134.0,0.0,True
1398,4,10862,2079.0,2079.0,0.0,True
1398,4,88,761.0,761.0,0.0,True
1398,4,90,806.0,806.0,0.0,True
1399,5,54,1787.0,1787.0,0.0,True
1399,5,10884,172.0,172.0,0.0,True
1399,5,57,2033.0,2033.0,0.0,True
1399,5,58,2213.0,2213.0,0.0,True
1399,5,16,2283.0,2283.0,0.0,True
1399,5,62,567.0,567.0,0.0,True
1399,5,68,2195.0,2195.0,0.0,True
1399,5,3129,611.0,611.0,0.0,True
1399,5,10861,1282.0,1282.0,0.0,True
1399,5,12,1257.0,1257.0,0.0,True
1399,7,19,18.0,18.0,0.0,True
1399,7,10875,1511.0,1511.0,0.0,True
1399,7,21,2401.0,2401.0,0.0,True
1399,7,22,941.0,941.0,0.0,True
1399,7,23,184.0,184.0,0.0,True
1399,7,10872,2176.0,2176.0,0.0,True
1399,7,28,653.0,653.0,0.0,True
1399,7,24,246.0,246.0,0.0,True
1399,7,25,1291.0,1291.0,0.0,True
1399,7,10874,920.0,920.0,0.0,True
1399,7,32,1677.0,1677.0,0.0,True
1399,7,867,2382.0,2382.0,0.0,True
1400,3,73,978.0,978.0,0.0,True
1400,3,77,2015.0,2015.0,0.0,True
1400,3,86,1277.0,1277.0,0.0,True
1400,3,91,180.0,180.0,0.0,True
1400,3,10889,1546.0,1546.0,0.0,True
1400,3,103,973.0,973.0,0.0,True
1400,3,95,74.0,74.0,0.0,True
1400,3,97,180.0,180.0,0.0,True
1400,3,99,1434.0,1434.0,0.0,True
1400,3,10890,1885.0,1885.0,0.0,True
1400,3,107,2145.0,2145.0,0.0,True
1400,3,89,1603.0,1603.0,0.0,True
1400,3,101,110.0,110.0,0.0,True
1400,8,10870,2402.0,2402.0,0.0,True
1400,8,1,1058.0,1058.0,0.0,True
1400,8,10863,34.0,34.0,0.0,True
1400,8,2,577.0,577.0,0.0,True
1400,8,3,754.0,754.0,0.0,True
1400,8,4,1412.0,1412.0,0.0,True
1400,8,5,617.0,617.0,0.0,True
1400,8,10865,1506.0,1506.0,0.0,True
1400,8,10867,1847.0,1847.0,0.0,True
1400,8,14,2176.0,2176.0,0.0,True
1400,8,10868,1477.0,1477.0,0.0,True
1400,8,11,180.0,180.0,0.0,True
1400,8,13,360.0,360.0,0.0,True
1401,5,54,1907.0,1907.0,0.0,True
1401,5,10884,361.0,361.0,0.0,True
1401,5,10860,1872.0,1872.0,0.0,True
1401,5,55,105.0,105.0,0.0,True
1401,5,56,105.0,105.0,0.0,True
1401,5,57,1464.0,1464.0,0.0,True
1401,5,58,1961.0,1961.0,0.0,True
1401,5,16,2080.0,2080.0,0.0,True
1401,5,62,454.0,454.0,0.0,True
1401,5,60,105.0,105.0,0.0,True
1401,5,3129,563.0,563.0,0.0,True
1401,5,10861,1598.0,1598.0,0.0,True
1401,5,12,1720.0,1720.0,0.0,True
1401,5,64,105.0,105.0,0.0,True
1401,6,35,215.0,215.0,0.0,True
1401,6,10883,105.0,105.0,0.0,True
1401,6,38,336.0,336.0,0.0,True
1401,6,39,619.0,619.0,0.0,True
1401,6,40,2474.0,2474.0,0.0,True
1401,6,10880,2132.0,2132.0,0.0,True
1401,6,113,665.0,665.0,0.0,True
1401,6,10878,305.0,305.0,0.0,True
1401,6,43,1851.0,1851.0,0.0,True
1401,6,10881,1827.0,1827.0,0.0,True
1401,6,44,459.0,459.0,0.0,True
1401,6,10879,798.0,798.0,0.0,True
1401,6,10882,1503.0,1503.0,0.0,True
1401,6,47,1111.0,1111.0,0.0,True
1402,8,10870,2186.0,2186.0,0.0,True
1402,8,1,1482.0,1482.0,0.0,True
1402,8,3,1444.0,1444.0,0.0,True
1402,8,4,883.0,883.0,0.0,True
1402,8,10869,1371.0,1371.0,0.0,True
1402,8,10865,1198.0,1198.0,0.0,True
1402,8,10867,2203.0,2203.0,0.0,True
1402,8,14,1857.0,1857.0,0.0,True
1402,8,10,1187.0,1187.0,0.0,True
1402,8,11,589.0,589.0,0.0,True
1402,4,71,351.0,351.0,0.0,True
1402,4,10887,2576.0,2576.0,0.0,True
1402,4,5948,1134.0,1134.0,0.0,True
1402,4,76,2237.0,2237.0,0.0,True
1402,4,80,292.0,292.0,0.0,True
1402,4,10885,1856.0,1856.0,0.0,True
1402,4,87,1132.0,1132.0,0.0,True
1402,4,10862,1560.0,1560.0,0.0,True
1402,4,88,1502.0,1502.0,0.0,True
1402,4,90,1760.0,1760.0,0.0,True
1403,5,54,1970.0,1970.0,0.0,True
1403,5,10884,383.0,383.0,0.0,True
1403,5,55,154.0,154.0,0.0,True
1403,5,57,1253.0,1253.0,0.0,True
1403,5,58,1661.0,1661.0,0.0,True
1403,5,16,1973.0,1973.0,0.0,True
1403,5,62,1396.0,1396.0,0.0,True
1403,5,68,2135.0,2135.0,0.0,True
1403,5,3129,405.0,405.0,0.0,True
1403,5,10861,1652.0,1652.0,0.0,True
1403,5,12,1418.0,1418.0,0.0,True
1403,4,10887,2320.0,2320.0,0.0,True
1403,4,76,1404.0,1404.0,0.0,True
1403,4,80,720.0,720.0,0.0,True
1403,4,10885,1999.0,1999.0,0.0,True
1403,4,82,1268.0,1268.0,0.0,True
1403,4,87,1286.0,1286.0,0.0,True
1403,4,10888,1140.0,1140.0,0.0,True
1403,4,10862,2030.0,2030.0,0.0,True
1403,4,88,1626.0,1626.0,0.0,True
1403,4,90,607.0,607.0,0.0,True
1404,8,1,2491.0,2491.0,0.0,True
1404,8,3,481.0,481.0,0.0,True
1404,8,10869,2061.0,2061.0,0.0,True
1404,8,5,773.0,773.0,0.0,True
1404,8,10865,856.0,856.0,0.0,True
1404,8,10867,2324.0,2324.0,0.0,True
1404,8,14,1562.0,1562.0,0.0,True
1404,8,10868,1354.0,1354.0,0.0,True
1404,8,10,2342.0,2342.0,0.0,True
1404,8,11,156.0,156.0,0.0,True
1404,6,10877,2273.0,2273.0,0.0,True
1404,6,10883,75.0,75.0,0.0,True
1404,6,39,1593.0,1593.0,0.0,True
1404,6,40,1995.0,1995.0,0.0,True
1404,6,10880,1807.0,1807.0,0.0,True
1404,6,113,20.0,20.0,0.0,True
1404,6,43,941.0,941.0,0.0,True
1404,6,10881,1762.0,1762.0,0.0,True
1404,6,8889,2191.0,2191.0,0.0,True
1404,6,44,757.0,757.0,0.0,True
1404,6,10879,845.0,845.0,0.0,True
1404,6,47,141.0,141.0,0.0,True
1405,5,54,2062.0,2062.0,0.0,True
1405,5,10884,397.0,397.0,0.0,True
1405,5,10860,1566.0,1566.0,0.0,True
1405,5,57,1281.0,1281.0,0.0,True
1405,5,58,1579.0,1579.0,0.0,True
1405,5,16,1783.0,1783.0,0.0,True
1405,5,62,927.0,927.0,0.0,True
1405,5,68,2411.0,2411.0,0.0,True
1405,5,3129,1126.0,1126.0,0.0,True
1405,5,12,1268.0,1268.0,0.0,True
1405,3,73,1505.0,1505.0,0.0,True
1405,3,77,1703.0,1703.0,0.0,True
1405,3,83,82.0,82.0,0.0,True
1405,3,86,1125.0,1125.0,0.0,True
1405,3,10889,1690.0,1690.0,0.0,True
1405,3,103,1177.0,1177.0,0.0,True
1405,3,99,1375.0,1375.0,0.0,True
1405,3,10890,2134.0,2134.0,0.0,True
1405,3,107,1936.0,1936.0,0.0,True
1405,3,89,1673.0,1673.0,0.0,True
1406,8,1,2781.0,2781.0,0.0,True
1406,8,10863,360.0,360.0,0.0,True
1406,8,3,12.0,12.0,0.0,True
1406,8,10869,2394.0,2394.0,0.0,True
1406,8,10865,1652.0,1652.0,0.0,True
1406,8,10867,2653.0,2653.0,0.0,True
1406,8,14,2352.0,2352.0,0.0,True
1406,8,10868,1227.0,1227.0,0.0,True
1406,8,10,1513.0,1513.0,0.0,True
1406,8,11,956.0,956.0,0.0,True
1406,2,108,0.0,,,False
1406,2,51,2203.0,2203.0,0.0,True
1406,2,110,2393.0,2393.0,0.0,True
1406,2,45,2175.0,2175.0,0.0,True
1406,2,116,422.0,422.0,0.0,True
1406,2,118,1780.0,1780.0,0.0,True
1406,2,10891,140.0,140.0,0.0,True
1406,2,12908,2974.0,2974.0,0.0,True
1406,2,121,1448.0,1448.0,0.0,True
1406,2,122,1182.0,1182.0,0.0,True
1406,2,123,20.0,20.0,0.0,True
1406,2,10894,1163.0,1163.0,0.0,True
1407,2,108,555.0,555.0,0.0,True
1407,2,51,2015.0,2015.0,0.0,True
1407,2,12668,1356.0,1356.0,0.0,True
1407,2,110,1484.0,1484.0,0.0,True
1407,2,13275,2029.0,2029.0,0.0,True
1407,2,118,2559.0,2559.0,0.0,True
1407,2,12908,2389.0,2389.0,0.0,True
1407,2,121,412.0,412.0,0.0,True
1407,2,122,736.0,736.0,0.0,True
1407,2,123,865.0,865.0,0.0,True
1407,4,10887,2072.0,2072.0,0.0,True
1407,4,76,2310.0,2310.0,0.0,True
1407,4,80,320.0,320.0,0.0,True
1407,4,10885,1515.0,1515.0,0.0,True
1407,4,82,1521.0,1521.0,0.0,True
1407,4,87,742.0,742.0,0.0,True
1407,4,10888,2057.0,2057.0,0.0,True
1407,4,10862,1631.0,1631.0,0.0,True
1407,4,88,1829.0,1829.0,0.0,True
1407,4,90,403.0,403.0,0.0,True
1408,6,10877,2484.0,2484.0,0.0,True
1408,6,39,522.0,522.0,0.0,True
1408,6,40,2137.0,2137.0,0.0,True
1408,6,10880,1974.0,1974.0,0.0,True
1408,6,113,642.0,642.0,0.0,True
1408,6,43,1371.0,1371.0,0.0,True
1408,6,10881,1449.0,1449.0,0.0,True
1408,6,8889,2243.0,2243.0,0.0,True
1408,6,44,1183.0,1183.0,0.0,True
1408,6,10879,394.0,394.0,0.0,True
1408,6,47,1.0,1.0,0.0,True
1408,5,54,2298.0,2298.0,0.0,True
1408,5,10860,1623.0,1623.0,0.0,True
1408,5,57,983.0,983.0,0.0,True
1408,5,58,1766.0,1766.0,0.0,True
1408,5,16,1902.0,1902.0,0.0,True
1408,5,62,899.0,899.0,0.0,True
1408,5,68,2235.0,2235.0,0.0,True
1408,5,3129,1418.0,1418.0,0.0,True
1408,5,12,1276.0,1276.0,0.0,True
1409,2,108,604.0,604.0,0.0,True
1409,2,51,1942.0,1942.0,0.0,True
1409,2,12668,1182.0,1182.0,0.0,True
1409,2,111,548.0,548.0,0.0,True
1409,2,110,1372.0,1372.0,0.0,True
1409,2,116,326.0,326.0,0.0,True
1409,2,13275,1708.0,1708.0,0.0,True
1409,2,118,2071.0,2071.0,0.0,True
1409,2,10891,524.0,524.0,0.0,True
1409,2,12908,1923.0,1923.0,0.0,True
1409,2,121,552.0,552.0,0.0,True
1409,2,122,710.0,710.0,0.0,True
1409,2,123,938.0,938.0,0.0,True
1409,3,79,1210.0,1210.0,0.0,True
1409,3,83,1013.0,1013.0,0.0,True
1409,3,91,1521.0,1521.0,0.0,True
1409,3,103,1460.0,1460.0,0.0,True
1409,3,95,185.0,185.0,0.0,True
1409,3,97,210.0,210.0,0.0,True
1409,3,99,1359.0,1359.0,0.0,True
1409,3,10890,1885.0,1885.0,0.0,True
1409,3,106,1890.0,1890.0,0.0,True
1409,3,107,1590.0,1590.0,0.0,True
1409,3,89,1867.0,1867.0,0.0,True
1409,3,101,210.0,210.0,0.0,True
1410,6,10877,2474.0,2474.0,0.0,True
1410,6,39,2127.0,2127.0,0.0,True
1410,6,40,2298.0,2298.0,0.0,True
1410,6,10880,1313.0,1313.0,0.0,True
1410,6,113,3.0,3.0,0.0,True
1410,6,43,630.0,630.0,0.0,True
1410,6,10881,1933.0,1933.0,0.0,True
1410,6,8889,2514.0,2514.0,0.0,True
1410,6,44,596.0,596.0,0.0,True
1410,6,10879,512.0,512.0,0.0,True
1410,7,13029,2114.0,2114.0,0.0,True
1410,7,29,2488.0,2488.0,0.0,True
1410,7,10875,1431.0,1431.0,0.0,True
1410,7,23,692.0,692.0,0.0,True
1410,7,10872,2094.0,2094.0,0.0,True
1410,7,28,545.0,545.0,0.0,True
1410,7,24,1448.0,1448.0,0.0,True
1410,7,10874,1493.0,1493.0,0.0,True
1410,7,34,2095.0,2095.0,0.0,True
1411,7,13029,1838.0,1838.0,0.0,True
1411,7,29,1804.0,1804.0,0.0,True
1411,7,19,170.0,170.0,0.0,True
1411,7,10875,1659.0,1659.0,0.0,True
1411,7,10871,155.0,155.0,0.0,True
1411,7,21,1930.0,1930.0,0.0,True
1411,7,23,170.0,170.0,0.0,True
1411,7,10872,1441.0,1441.0,0.0,True
1411,7,28,1233.0,1233.0,0.0,True
1411,7,24,1556.0,1556.0,0.0,True
1411,7,25,336.0,336.0,0.0,True
1411,7,10873,170.0,170.0,0.0,True
1411,7,34,1938.0,1938.0,0.0,True
1411,5,54,1823.0,1823.0,0.0,True
1411,5,10884,391.0,391.0,0.0,True
1411,5,10860,1559.0,1559.0,0.0,True
1411,5,55,170.0,170.0,0.0,True
1411,5,57,1437.0,1437.0,0.0,True
1411,5,58,1629.0,1629.0,0.0,True
1411,5,16,1949.0,1949.0,0.0,True
1411,5,62,1099.0,1099.0,0.0,True
1411,5,68,1929.0,1929.0,0.0,True
1411,5,3129,1187.0,1187.0,0.0,True
1411,5,12,1057.0,1057.0,0.0,True
1411,5,64,170.0,170.0,0.0,True
1412,4,10887,1389.0,1389.0,0.0,True
1412,4,75,1917.0,1917.0,0.0,True
1412,4,76,1843.0,1843.0,0.0,True
1412,4,78,234.0,234.0,0.0,True
1412,4,10885,1114.0,1114.0,0.0,True
1412,4,87,1087.0,1087.0,0.0,True
1412,4,10888,2304.0,2304.0,0.0,True
1412,4,10862,2067.0,2067.0,0.0,True
1412,4,88,1256.0,1256.0,0.0,True
1412,4,90,1189.0,1189.0,0.0,True
1412,3,79,1893.0,1893.0,0.0,True
1412,3,83,858.0,858.0,0.0,True
1412,3,91,790.0,790.0,0.0,True
1412,3,103,1808.0,1808.0,0.0,True
1412,3,99,1269.0,1269.0,0.0,True
1412,3,10890,2214.0,2214.0,0.0,True
1412,3,106,1729.0,1729.0,0.0,True
1412,3,107,1817.0,1817.0,0.0,True
1412,3,89,2022.0,2022.0,0.0,True
1413,7,29,2314.0,2315.0,1.0,True
1413,7,10875,1841.0,1841.0,0.0,True
1413,7,21,2317.0,2317.0,0.0,True
1413,7,23,61.0,61.0,0.0,True
1413,7,10872,1683.0,1683.0,0.0,True
1413,7,28,1947.0,1947.0,0.0,True
1413,7,24,142.0,142.0,0.0,True
1413,7,25,236.0,235.0,-1.0,True
1413,7,32,1409.0,1409.0,0.0,True
1413,7,34,2450.0,2450.0,0.0,True
1413,6,10877,2420.0,2420.0,0.0,True
1413,6,39,1058.0,1058.0,0.0,True
1413,6,40,2414.0,2414.0,0.0,True
1413,6,10880,1820.0,1820.0,0.0,True
1413,6,113,146.0,146.0,0.0,True
1413,6,43,1531.0,1531.0,0.0,True
1413,6,10881,1495.0,1495.0,0.0,True
1413,6,8889,2445.0,2445.0,0.0,True
1413,6,44,529.0,529.0,0.0,True
1413,6,10879,541.0,541.0,0.0,True
1413,6,47,1.0,1.0,0.0,True
1414,4,10887,2303.0,2303.0,0.0,True
1414,4,5948,1149.0,1149.0,0.0,True
1414,4,75,1718.0,1718.0,0.0,True
1414,4,76,1372.0,1372.0,0.0,True
1414,4,10885,1705.0,1705.0,0.0,True
1414,4,82,421.0,421.0,0.0,True
1414,4,87,1183.0,1183.0,0.0,True
1414,4,10862,2308.0,2308.0,0.0,True
1414,4,88,1166.0,1166.0,0.0,True
1414,4,90,1075.0,1075.0,0.0,True
1414,8,10870,870.0,870.0,0.0,True
1414,8,1,2127.0,2127.0,0.0,True
1414,8,10863,265.0,265.0,0.0,True
1414,8,3,489.0,489.0,0.0,True
1414,8,4,353.0,353.0,0.0,True
1414,8,10869,2082.0,2082.0,0.0,True
1414,8,10865,1288.0,1288.0,0.0,True
1414,8,10867,2376.0,2376.0,0.0,True
1414,8,14,1512.0,1512.0,0.0,True
1414,8,10,2289.0,2289.0,0.0,True
1414,8,11,749.0,749.0,0.0,True
1415,4,10887,2244.0,2244.0,0.0,True
1415,4,75,2219.0,2219.0,0.0,True
1415,4,76,2143.0,2143.0,0.0,True
1415,4,78,120.0,120.0,0.0,True
1415,4,80,52.0,52.0,0.0,True
1415,4,10885,1636.0,1636.0,0.0,True
1415,4,84,79.0,79.0,0.0,True
1415,4,87,496.0,496.0,0.0,True
1415,4,10888,1483.0,1483.0,0.0,True
1415,4,10862,1954.0,1954.0,0.0,True
1415,4,88,1596.0,1596.0,0.0,True
1415,4,90,378.0,378.0,0.0,True
1415,5,54,2300.0,2300.0,0.0,True
1415,5,10860,2101.0,2101.0,0.0,True
1415,5,55,79.0,79.0,0.0,True
1415,5,57,2137.0,2137.0,0.0,True
1415,5,58,1984.0,1984.0,0.0,True
1415,5,16,1812.0,1812.0,0.0,True
1415,5,62,538.0,538.0,0.0,True
1415,5,3129,857.0,857.0,0.0,True
1415,5,10861,1625.0,1625.0,0.0,True
1415,5,12,967.0,967.0,0.0,True
1416,3,73,410.0,410.0,0.0,True
1416,3,77,1939.0,1939.0,0.0,True
1416,3,79,1884.0,1884.0,0.0,True
1416,3,83,409.0,409.0,0.0,True
1416,3,103,690.0,690.0,0.0,True
1416,3,95,19.0,19.0,0.0,True
1416,3,97,19.0,19.0,0.0,True
1416,3,99,818.0,818.0,0.0,True
1416,3,106,2030.0,2030.0,0.0,True
1416,3,107,2239.0,2239.0,0.0,True
1416,3,89,2471.0,2471.0,0.0,True
1416,3,13777,1453.0,1453.0,0.0,True
1416,3,101,19.0,19.0,0.0,True
1416,8,1,2417.0,2417.0,0.0,True
1416,8,10863,463.0,463.0,0.0,True
1416,8,2,19.0,19.0,0.0,True
1416,8,3,780.0,780.0,0.0,True
1416,8,4,19.0,19.0,0.0,True
1416,8,10869,1449.0,1449.0,0.0,True
1416,8,10865,596.0,596.0,0.0,True
1416,8,10867,2611.0,2611.0,0.0,True
1416,8,14,1857.0,1857.0,0.0,True
1416,8,10,2111.0,2111.0,0.0,True
1416,8,13400,1662.0,1662.0,0.0,True
1416,8,11,397.0,397.0,0.0,True
1416,8,13,19.0,19.0,0.0,True
1417,7,13029,1758.0,1758.0,0.0,True
1417,7,29,2316.0,2316.0,0.0,True
1417,7,10875,1397.0,1397.0,0.0,True
1417,7,21,2367.0,2367.0,0.0,True
1417,7,22,83.0,83.0,0.0,True
1417,7,23,74.0,74.0,0.0,True
1417,7,10872,1327.0,1327.0,0.0,True
1417,7,28,461.0,461.0,0.0,True
1417,7,24,1042.0,1042.0,0.0,True
1417,7,25,24.0,24.0,0.0,True
1417,7,10874,971.0,971.0,0.0,True
1417,7,34,2580.0,2580.0,0.0,True
1417,4,10887,2060.0,2060.0,0.0,True
1417,4,75,2504.0,2504.0,0.0,True
1417,4,76,2400.0,2400.0,0.0,True
1417,4,10885,2332.0,2332.0,0.0,True
1417,4,87,553.0,553.0,0.0,True
1417,4,10888,2117.0,2117.0,0.0,True
1417,4,10862,1583.0,1583.0,0.0,True
1417,4,88,826.0,826.0,0.0,True
1417,4,90,25.0,25.0,0.0,True
1418,3,73,215.0,215.0,0.0,True
1418,3,77,1744.0,1744.0,0.0,True
1418,3,79,1341.0,1341.0,0.0,True
1418,3,83,622.0,622.0,0.0,True
1418,3,91,127.0,127.0,0.0,True
1418,3,103,1844.0,1844.0,0.0,True
1418,3,99,489.0,489.0,0.0,True
1418,3,106,2094.0,2094.0,0.0,True
1418,3,107,2286.0,2286.0,0.0,True
1418,3,89,2258.0,2258.0,0.0,True
1418,3,13777,1380.0,1380.0,0.0,True
1418,6,10877,2550.0,2550.0,0.0,True
1418,6,104,2394.0,2394.0,0.0,True
1418,6,39,313.0,313.0,0.0,True
1418,6,40,2178.0,2178.0,0.0,True
1418,6,113,18.0,18.0,0.0,True
1418,6,43,1735.0,1735.0,0.0,True
1418,6,10881,788.0,788.0,0.0,True
1418,6,8889,2579.0,2579.0,0.0,True
1418,6,44,311.0,311.0,0.0,True
1418,6,10879,1251.0,1251.0,0.0,True
1418,6,47,283.0,283.0,0.0,True
1419,7,13029,2081.0,2081.0,0.0,True
1419,7,29,1898.0,1898.0,0.0,True
1419,7,21,2045.0,2045.0,0.0,True
1419,7,10872,1476.0,1476.0,0.0,True
1419,7,24,2028.0,2028.0,0.0,True
1419,7,25,256.0,256.0,0.0,True
1419,7,10874,937.0,937.0,0.0,True
1419,7,32,1506.0,1506.0,0.0,True
1419,7,34,2173.0,2173.0,0.0,True
1419,2,108,0.0,,,False
1419,2,51,1591.0,1591.0,0.0,True
1419,2,110,2189.0,2189.0,0.0,True
1419,2,45,1553.0,1553.0,0.0,True
1419,2,116,691.0,691.0,0.0,True
1419,2,13275,1258.0,1258.0,0.0,True
1419,2,118,2343.0,2343.0,0.0,True
1419,2,119,273.0,273.0,0.0,True
1419,2,12908,2356.0,2356.0,0.0,True
1419,2,121,143.0,143.0,0.0,True
1419,2,122,714.0,714.0,0.0,True
1419,2,10894,1289.0,1289.0,0.0,True
1420,6,10877,2569.0,2569.0,0.0,True
1420,6,104,650.0,650.0,0.0,True
1420,6,10883,33.0,33.0,0.0,True
1420,6,38,33.0,33.0,0.0,True
1420,6,39,992.0,992.0,0.0,True
1420,6,40,2321.0,2321.0,0.0,True
1420,6,113,33.0,33.0,0.0,True
1420,6,43,1712.0,1712.0,0.0,True
1420,6,10881,2440.0,2440.0,0.0,True
1420,6,8889,2604.0,2604.0,0.0,True
1420,6,44,246.0,246.0,0.0,True
1420,6,10879,669.0,669.0,0.0,True
1420,6,47,98.0,98.0,0.0,True
1420,7,13029,1940.0,1940.0,0.0,True
1420,7,29,1972.0,1972.0,0.0,True
1420,7,19,33.0,33.0,0.0,True
1420,7,10875,1575.0,1575.0,0.0,True
1420,7,21,1577.0,1577.0,0.0,True
1420,7,22,512.0,512.0,0.0,True
1420,7,23,246.0,246.0,0.0,True
1420,7,10872,1237.0,1237.0,0.0,True
1420,7,28,957.0,957.0,0.0,True
1420,7,24,1444.0,1444.0,0.0,True
1420,7,25,49.0,49.0,0.0,True
1420,7,10874,613.0,613.0,0.0,True
1420,7,10873,33.0,33.0,0.0,True
1420,7,34,2212.0,2212.0,0.0,True
1421,2,51,1515.0,1515.0,0.0,True
1421,2,109,1923.0,1923.0,0.0,True
1421,2,111,9.0,9.0,0.0,True
1421,2,110,1436.0,1436.0,0.0,True
1421,2,45,1912.0,1912.0,0.0,True
1421,2,116,1206.0,1206.0,0.0,True
1421,2,13275,706.0,706.0,0.0,True
1421,2,13399,1917.0,1917.0,0.0,True
1421,2,119,62.0,62.0,0.0,True
1421,2,12908,2262.0,2262.0,0.0,True
1421,2,121,859.0,859.0,0.0,True
1421,2,122,470.0,470.0,0.0,True
1421,2,123,123.0,123.0,0.0,True
1421,5,54,2355.0,2355.0,0.0,True
1421,5,10884,227.0,227.0,0.0,True
1421,5,55,313.0,313.0,0.0,True
1421,5,57,1986.0,1986.0,0.0,True
1421,5,16,1848.0,1848.0,0.0,True
1421,5,62,1601.0,1601.0,0.0,True
1421,5,68,2148.0,2148.0,0.0,True
1421,5,3129,892.0,892.0,0.0,True
1421,5,10861,1764.0,1764.0,0.0,True
1421,5,12,1266.0,1266.0,0.0,True
1422,6,10877,2410.0,2410.0,0.0,True
1422,6,104,1577.0,1577.0,0.0,True
1422,6,38,479.0,479.0,0.0,True
1422,6,39,790.0,790.0,0.0,True
1422,6,113,14.0,14.0,0.0,True
1422,6,43,2090.0,2090.0,0.0,True
1422,6,10881,1954.0,1954.0,0.0,True
1422,6,8889,2229.0,2229.0,0.0,True
1422,6,44,335.0,335.0,0.0,True
1422,6,10879,1379.0,1379.0,0.0,True
1422,6,47,651.0,651.0,0.0,True
1422,6,48,492.0,492.0,0.0,True
1422,4,10887,2088.0,2088.0,0.0,True
1422,4,75,2027.0,2027.0,0.0,True
1422,4,76,2172.0,2172.0,0.0,True
1422,4,78,1516.0,1516.0,0.0,True
1422,4,10885,1949.0,1949.0,0.0,True
1422,4,84,0.0,,,False
1422,4,10888,2245.0,2245.0,0.0,True
1422,4,10862,1427.0,1427.0,0.0,True
1422,4,88,976.0,976.0,0.0,True
1423,2,109,905.0,905.0,0.0,True
1423,2,111,825.0,825.0,0.0,True
1423,2,110,1622.0,1622.0,0.0,True
1423,2,45,696.0,696.0,0.0,True
1423,2,116,1358.0,1358.0,0.0,True
1423,2,13275,1464.0,1464.0,0.0,True
1423,2,13399,801.0,801.0,0.0,True
1423,2,119,335.0,335.0,0.0,True
1423,2,10891,1108.0,1108.0,0.0,True
1423,2,12908,2444.0,2444.0,0.0,True
1423,2,121,1408.0,1408.0,0.0,True
1423,2,123,316.0,316.0,0.0,True
1423,2,10894,1118.0,1118.0,0.0,True
1423,7,13029,2152.0,2152.0,0.0,True
1423,7,29,2558.0,2558.0,0.0,True
1423,7,21,2097.0,2097.0,0.0,True
1423,7,22,70.0,70.0,0.0,True
1423,7,10872,622.0,622.0,0.0,True
1423,7,28,1036.0,1036.0,0.0,True
1423,7,24,1216.0,1216.0,0.0,True
1423,7,25,203.0,203.0,0.0,True
1423,7,10874,838.0,838.0,0.0,True
1423,7,32,1430.0,1430.0,0.0,True
1423,7,34,2178.0,2178.0,0.0,True
1424,6,10877,2310.0,2310.0,0.0,True
1424,6,104,1445.0,1445.0,0.0,True
1424,6,38,508.0,508.0,0.0,True
1424,6,39,479.0,479.0,0.0,True
1424,6,10880,2078.0,2078.0,0.0,True
1424,6,113,432.0,432.0,0.0,True
1424,6,43,1893.0,1893.0,0.0,True
1424,6,10881,2237.0,2237.0,0.0,True
1424,6,44,388.0,388.0,0.0,True
1424,6,10879,347.0,347.0,0.0,True
1424,6,47,1337.0,1337.0,0.0,True
1424,6,48,946.0,946.0,0.0,True
1424,3,73,430.0,430.0,0.0,True
1424,3,77,1670.0,1670.0,0.0,True
1424,3,79,2127.0,2127.0,0.0,True
1424,3,86,1196.0,1196.0,0.0,True
1424,3,103,1399.0,1399.0,0.0,True
1424,3,95,98.0,98.0,0.0,True
1424,3,99,134.0,134.0,0.0,True
1424,3,10890,1826.0,1826.0,0.0,True
1424,3,106,1965.0,1965.0,0.0,True
1424,3,107,1666.0,1666.0,0.0,True
1424,3,89,1684.0,1684.0,0.0,True
1424,3,101,205.0,205.0,0.0,True
1425,2,51,2420.0,2420.0,0.0,True
1425,2,109,1681.0,1681.0,0.0,True
1425,2,111,1047.0,1047.0,0.0,True
1425,2,110,1040.0,1040.0,0.0,True
1425,2,45,1735.0,1735.0,0.0,True
1425,2,116,1757.0,1757.0,0.0,True
1425,2,13275,918.0,918.0,0.0,True
1425,2,119,763.0,763.0,0.0,True
1425,2,12908,2524.0,2524.0,0.0,True
1425,2,121,397.0,397.0,0.0,True
1425,2,123,118.0,118.0,0.0,True
1425,8,1,1812.0,1812.0,0.0,True
1425,8,10863,127.0,127.0,0.0,True
1425,8,2,199.0,199.0,0.0,True
1425,8,3,324.0,324.0,0.0,True
1425,8,10869,1936.0,1936.0,0.0,True
1425,8,10865,1383.0,1383.0,0.0,True
1425,8,10867,2318.0,2318.0,0.0,True
1425,8,14,2392.0,2392.0,0.0,True
1425,8,10,2403.0,2403.0,0.0,True
1425,8,13400,1506.0,1506.0,0.0,True
1426,5,54,1728.0,1728.0,0.0,True
1426,5,10884,671.0,671.0,0.0,True
1426,5,10860,1552.0,1552.0,0.0,True
1426,5,55,387.0,387.0,0.0,True
1426,5,57,1943.0,1943.0,0.0,True
1426,5,58,1080.0,1080.0,0.0,True
1426,5,62,1158.0,1158.0,0.0,True
1426,5,68,2046.0,2046.0,0.0,True
1426,5,10861,1788.0,1788.0,0.0,True
1426,5,12,1860.0,1860.0,0.0,True
1426,5,64,187.0,187.0,0.0,True
1426,7,13029,2056.0,2056.0,0.0,True
1426,7,29,1816.0,1816.0,0.0,True
1426,7,19,231.0,231.0,0.0,True
1426,7,10875,1635.0,1635.0,0.0,True
1426,7,10871,231.0,231.0,0.0,True
1426,7,21,1405.0,1405.0,0.0,True
1426,7,22,504.0,504.0,0.0,True
1426,7,23,506.0,506.0,0.0,True
1426,7,10872,1632.0,1632.0,0.0,True
1426,7,28,206.0,206.0,0.0,True
1426,7,24,1335.0,1335.0,0.0,True
1426,7,10874,1104.0,1104.0,0.0,True
1426,7,10873,400.0,400.0,0.0,True
1426,7,34,1339.0,1339.0,0.0,True
1427,2,51,2425.0,2425.0,0.0,True
1427,2,12668,1038.0,1038.0,0.0,True
1427,2,109,1834.0,1834.0,0.0,True
1427,2,111,685.0,685.0,0.0,True
1427,2,110,1925.0,1925.0,0.0,True
1427,2,45,914.0,914.0,0.0,True
1427,2,116,833.0,833.0,0.0,True
1427,2,13275,1142.0,1142.0,0.0,True
1427,2,12908,2297.0,2297.0,0.0,True
1427,2,121,1307.0,1307.0,0.0,True
1427,6,10877,2202.0,2202.0,0.0,True
1427,6,39,101.0,101.0,0.0,True
1427,6,40,2169.0,2169.0,0.0,True
1427,6,10880,1975.0,1975.0,0.0,True
1427,6,113,178.0,178.0,0.0,True
1427,6,43,2083.0,2083.0,0.0,True
1427,6,10881,1603.0,1603.0,0.0,True
1427,6,8889,2182.0,2182.0,0.0,True
1427,6,44,705.0,705.0,0.0,True
1427,6,10879,276.0,276.0,0.0,True
1427,6,47,669.0,669.0,0.0,True
1427,6,48,257.0,257.0,0.0,True
1428,8,1,2156.0,2156.0,0.0,True
1428,8,10863,721.0,721.0,0.0,True
1428,8,3,392.0,392.0,0.0,True
1428,8,4,545.0,545.0,0.0,True
1428,8,10869,2145.0,2145.0,0.0,True
1428,8,5,1329.0,1329.0,0.0,True
1428,8,10865,1200.0,1200.0,0.0,True
1428,8,7,267.0,267.0,0.0,True
1428,8,10867,600.0,600.0,0.0,True
1428,8,14,1199.0,1199.0,0.0,True
1428,8,10,1833.0,1833.0,0.0,True
1428,8,13400,2013.0,2013.0,0.0,True
1428,3,77,2084.0,2084.0,0.0,True
1428,3,79,1375.0,1375.0,0.0,True
1428,3,83,145.0,145.0,0.0,True
1428,3,86,1209.0,1209.0,0.0,True
1428,3,91,145.0,145.0,0.0,True
1428,3,103,1246.0,1246.0,0.0,True
1428,3,97,64.0,64.0,0.0,True
1428,3,99,658.0,658.0,0.0,True
1428,3,10890,2210.0,2210.0,0.0,True
1428,3,106,1609.0,1609.0,0.0,True
1428,3,89,1815.0,1815.0,0.0,True
1428,3,13777,1751.0,1751.0,0.0,True
1428,3,101,89.0,89.0,0.0,True
1429,2,51,1911.0,1911.0,0.0,True
1429,2,12668,1719.0,1719.0,0.0,True
1429,2,109,1745.0,1745.0,0.0,True
1429,2,111,775.0,775.0,0.0,True
1429,2,110,1742.0,1742.0,0.0,True
1429,2,45,141.0,141.0,0.0,True
1429,2,116,1362.0,1362.0,0.0,True
1429,2,13275,1313.0,1313.0,0.0,True
1429,2,10891,141.0,141.0,0.0,True
1429,2,12908,1906.0,1906.0,0.0,True
1429,2,121,1645.0,1645.0,0.0,True
1429,4,10887,1747.0,1747.0,0.0,True
1429,4,75,1709.0,1709.0,0.0,True
1429,4,76,2432.0,2432.0,0.0,True
1429,4,78,474.0,474.0,0.0,True
1429,4,80,57.0,57.0,0.0,True
1429,4,10885,1944.0,1944.0,0.0,True
1429,4,84,57.0,57.0,0.0,True
1429,4,87,444.0,444.0,0.0,True
1429,4,10888,1915.0,1915.0,0.0,True
1429,4,10862,2041.0,2041.0,0.0,True
1429,4,10886,57.0,57.0,0.0,True
1429,4,88,1523.0,1523.0,0.0,True
1430,8,1,2400.0,2400.0,0.0,True
1430,8,4,92.0,92.0,0.0,True
1430,8,10869,2694.0,2694.0,0.0,True
1430,8,5,1758.0,1758.0,0.0,True
1430,8,10865,1564.0,1564.0,0.0,True
1430,8,7,37.0,37.0,0.0,True
1430,8,14,1816.0,1816.0,0.0,True
1430,8,10,2025.0,2025.0,0.0,True
1430,8,13400,1941.0,1941.0,0.0,True
1430,8,11,73.0,73.0,0.0,True
1430,5,54,2424.0,2424.0,0.0,True
1430,5,10884,149.0,149.0,0.0,True
1430,5,10860,1527.0,1527.0,0.0,True
1430,5,57,2104.0,2104.0,0.0,True
1430,5,58,2021.0,2021.0,0.0,True
1430,5,62,798.0,798.0,0.0,True
1430,5,68,2665.0,2665.0,0.0,True
1430,5,10861,1568.0,1568.0,0.0,True
1430,5,12,1144.0,1144.0,0.0,True
1431,3,77,1534.0,1534.0,0.0,True
1431,3,79,2168.0,2168.0,0.0,True
1431,3,83,14.0,14.0,0.0,True
1431,3,86,1137.0,1137.0,0.0,True
1431,3,91,29.0,29.0,0.0,True
1431,3,103,1262.0,1262.0,0.0,True
1431,3,95,111.0,111.0,0.0,True
1431,3,97,29.0,29.0,0.0,True
1431,3,99,381.0,381.0,0.0,True
1431,3,106,1837.0,1837.0,0.0,True
1431,3,89,2086.0,2086.0,0.0,True
1431,3,13777,1337.0,1337.0,0.0,True
1431,3,13906,2386.0,2386.0,0.0,True
1431,3,101,89.0,89.0,0.0,True
1431,7,13029,2014.0,2014.0,0.0,True
1431,7,29,2345.0,2345.0,0.0,True
1431,7,10875,1933.0,1933.0,0.0,True
1431,7,10871,89.0,89.0,0.0,True
1431,7,22,614.0,614.0,0.0,True
1431,7,23,482.0,482.0,0.0,True
1431,7,10872,1575.0,1575.0,0.0,True
1431,7,28,1038.0,1038.0,0.0,True
1431,7,24,1643.0,1643.0,0.0,True
1431,7,10874,878.0,878.0,0.0,True
1431,7,32,1613.0,1613.0,0.0,True
1431,7,10873,176.0,176.0,0.0,True
1432,8,1,2230.0,2230.0,0.0,True
1432,8,10863,643.0,643.0,0.0,True
1432,8,2,80.0,80.0,0.0,True
1432,8,10864,492.0,492.0,0.0,True
1432,8,4,806.0,806.0,0.0,True
1432,8,10869,2214.0,2214.0,0.0,True
1432,8,5,1416.0,1416.0,0.0,True
1432,8,10865,1079.0,1079.0,0.0,True
1432,8,14,1908.0,1908.0,0.0,True
1432,8,10,1646.0,1646.0,0.0,True
1432,8,13400,1886.0,1886.0,0.0,True
1432,8,11,0.0,,,False
1432,6,10877,2280.0,2280.0,0.0,True
1432,6,104,1478.0,1478.0,0.0,True
1432,6,38,0.0,,,False
1432,6,39,431.0,431.0,0.0,True
1432,6,40,2143.0,2143.0,0.0,True
1432,6,10880,2056.0,2056.0,0.0,True
1432,6,113,4.0,4.0,0.0,True
1432,6,43,2134.0,2134.0,0.0,True
1432,6,8889,2222.0,2222.0,0.0,True
1432,6,10879,890.0,890.0,0.0,True
1432,6,47,517.0,517.0,0.0,True
1432,6,48,245.0,245.0,0.0,True
1433,3,77,1483.0,1483.0,0.0,True
1433,3,79,1599.0,1599.0,0.0,True
1433,3,86,1252.0,1252.0,0.0,True
1433,3,103,1907.0,1907.0,0.0,True
1433,3,99,319.0,319.0,0.0,True
1433,3,106,2116.0,2116.0,0.0,True
1433,3,89,2080.0,2080.0,0.0,True
1433,3,13777,1724.0,1724.0,0.0,True
1433,3,13906,1920.0,1920.0,0.0,True
1433,5,54,2396.0,2396.0,0.0,True
1433,5,10884,175.0,175.0,0.0,True
1433,5,10860,996.0,996.0,0.0,True
1433,5,57,1993.0,1993.0,0.0,True
1433,5,58,2284.0,2284.0,0.0,True
1433,5,16,2327.0,2327.0,0.0,True
1433,5,62,712.0,712.0,0.0,True
1433,5,68,2437.0,2437.0,0.0,True
1433,5,12,1080.0,1080.0,0.0,True
1434,8,1,1771.0,1771.0,0.0,True
1434,8,13907,1997.0,1997.0,0.0,True
1434,8,10863,463.0,463.0,0.0,True
1434,8,3,462.0,462.0,0.0,True
1434,8,10869,2346.0,2346.0,0.0,True
1434,8,5,1277.0,1277.0,0.0,True
1434,8,10865,1417.0,1417.0,0.0,True
1434,8,14,1579.0,1579.0,0.0,True
1434,8,10,1770.0,1770.0,0.0,True
1434,8,13400,1318.0,1318.0,0.0,True
1434,8,11,0.0,,,False
1434,4,10887,2152.0,2152.0,0.0,True
1434,4,75,2543.0,2543.0,0.0,True
1434,4,76,2379.0,2379.0,0.0,True
1434,4,78,1007.0,1007.0,0.0,True
1434,4,10885,1370.0,1370.0,0.0,True
1434,4,87,526.0,526.0,0.0,True
1434,4,10888,1560.0,1560.0,0.0,True
1434,4,10862,2048.0,2048.0,0.0,True
1434,4,88,815.0,815.0,0.0,True
1435,6,10877,1584.0,1584.0,0.0,True
1435,6,35,231.0,231.0,0.0,True
1435,6,104,1869.0,1869.0,0.0,True
1435,6,38,295.0,295.0,0.0,True
1435,6,39,1066.0,1066.0,0.0,True
1435,6,40,1703.0,1703.0,0.0,True
1435,6,10880,1586.0,1586.0,0.0,True
1435,6,113,295.0,295.0,0.0,True
1435,6,43,1333.0,1333.0,0.0,True
1435,6,8889,1636.0,1636.0,0.0,True
1435,6,44,374.0,374.0,0.0,True
1435,6,10879,981.0,981.0,0.0,True
1435,6,47,896.0,896.0,0.0,True
1435,6,48,551.0,551.0,0.0,True
1435,2,108,575.0,575.0,0.0,True
1435,2,51,1477.0,1477.0,0.0,True
1435,2,12668,1739.0,1739.0,0.0,True
1435,2,109,1326.0,1326.0,0.0,True
1435,2,111,1628.0,1628.0,0.0,True
1435,2,110,922.0,922.0,0.0,True
1435,2,45,797.0,797.0,0.0,True
1435,2,116,720.0,720.0,0.0,True
1435,2,13275,642.0,642.0,0.0,True
1435,2,10891,385.0,385.0,0.0,True
1435,2,14037,2046.0,2046.0,0.0,True
1435,2,121,554.0,554.0,0.0,True
1435,2,122,1589.0,1589.0,0.0,True
1436,4,10887,2097.0,2097.0,0.0,True
1436,4,75,2330.0,2330.0,0.0,True
1436,4,76,1903.0,1903.0,0.0,True
1436,4,78,243.0,243.0,0.0,True
1436,4,10885,2067.0,2067.0,0.0,True
1436,4,87,1137.0,1137.0,0.0,True
1436,4,10888,2097.0,2097.0,0.0,True
1436,4,10862,1566.0,1566.0,0.0,True
1436,4,88,960.0,960.0,0.0,True
1436,3,77,2324.0,2324.0,0.0,True
1436,3,83,710.0,710.0,0.0,True
1436,3,86,1451.0,1451.0,0.0,True
1436,3,103,2189.0,2189.0,0.0,True
1436,3,99,404.0,404.0,0.0,True
1436,3,106,1573.0,1573.0,0.0,True
1436,3,89,1545.0,1545.0,0.0,True
1436,3,13777,2084.0,2084.0,0.0,True
1436,3,13906,2120.0,2120.0,0.0,True
1437,6,10877,2315.0,2315.0,0.0,True
1437,6,104,1516.0,1516.0,0.0,True
1437,6,38,446.0,446.0,0.0,True
1437,6,40,2607.0,2607.0,0.0,True
1437,6,43,1911.0,1911.0,0.0,True
1437,6,10881,2082.0,2082.0,0.0,True
1437,6,8889,2108.0,2108.0,0.0,True
1437,6,10879,244.0,244.0,0.0,True
1437,6,47,685.0,685.0,0.0,True
1437,6,48,486.0,486.0,0.0,True
1437,8,1,2583.0,2583.0,0.0,True
1437,8,13907,2484.0,2484.0,0.0,True
1437,8,10863,143.0,143.0,0.0,True
1437,8,10869,2616.0,2616.0,0.0,True
1437,8,5,1672.0,1672.0,0.0,True
1437,8,10865,448.0,448.0,0.0,True
1437,8,14,1541.0,1541.0,0.0,True
1437,8,10,2368.0,2368.0,0.0,True
1437,8,13400,545.0,545.0,0.0,True
1438,4,10887,2312.0,2312.0,0.0,True
1438,4,75,2351.0,2351.0,0.0,True
1438,4,76,2262.0,2262.0,0.0,True
1438,4,78,601.0,601.0,0.0,True
1438,4,80,98.0,98.0,0.0,True
1438,4,10885,1728.0,1728.0,0.0,True
1438,4,87,497.0,497.0,0.0,True
1438,4,10888,1710.0,1710.0,0.0,True
1438,4,10862,1738.0,1738.0,0.0,True
1438,4,88,1103.0,1103.0,0.0,True
1438,7,29,2538.0,2538.0,0.0,True
1438,7,10875,1798.0,1798.0,0.0,True
1438,7,22,1778.0,1778.0,0.0,True
1438,7,10872,2057.0,2057.0,0.0,True
1438,7,28,1061.0,1061.0,0.0,True
1438,7,14038,2442.0,2442.0,0.0,True
1438,7,10874,1206.0,1206.0,0.0,True
1438,7,32,1520.0,1520.0,0.0,True
1439,3,77,1585.0,1585.0,0.0,True
1439,3,79,1536.0,1536.0,0.0,True
1439,3,83,973.0,973.0,0.0,True
1439,3,103,2002.0,2002.0,0.0,True
1439,3,95,46.0,46.0,0.0,True
1439,3,97,46.0,46.0,0.0,True
1439,3,99,314.0,314.0,0.0,True
1439,3,106,1912.0,1912.0,0.0,True
1439,3,89,2184.0,2184.0,0.0,True
1439,3,13777,1685.0,1685.0,0.0,True
1439,3,13906,2071.0,2071.0,0.0,True
1439,3,101,46.0,46.0,0.0,True
1439,7,29,2455.0,2455.0,0.0,True
1439,7,22,1329.0,1329.0,0.0,True
1439,7,10872,2046.0,2046.0,0.0,True
1439,7,28,852.0,852.0,0.0,True
1439,7,14038,2199.0,2199.0,0.0,True
1439,7,10874,1402.0,1402.0,0.0,True
1439,7,32,873.0,873.0,0.0,True
1439,7,10873,573.0,573.0,0.0,True
1439,7,14303,2671.0,2671.0,0.0,True
1440,5,54,1932.0,1932.0,0.0,True
1440,5,57,2397.0,2397.0,0.0,True
1440,5,58,1828.0,1828.0,0.0,True
1440,5,16,1916.0,1916.0,0.0,True
1440,5,62,883.0,883.0,0.0,True
1440,5,68,2285.0,2285.0,0.0,True
1440,5,3129,652.0,652.0,0.0,True
1440,5,10861,1559.0,1559.0,0.0,True
1440,5,12,948.0,948.0,0.0,True
1440,4,10887,2193.0,2193.0,0.0,True
1440,4,75,2250.0,2250.0,0.0,True
1440,4,76,1810.0,1810.0,0.0,True
1440,4,80,301.0,301.0,0.0,True
1440,4,10885,1872.0,1872.0,0.0,True
1440,4,87,480.0,480.0,0.0,True
1440,4,10888,1744.0,1744.0,0.0,True
1440,4,10862,1823.0,1823.0,0.0,True
1440,4,88,873.0,873.0,0.0,True
1440,4,90,1054.0,1054.0,0.0,True
1441,3,77,1285.0,1285.0,0.0,True
1441,3,79,1529.0,1529.0,0.0,True
1441,3,83,578.0,578.0,0.0,True
1441,3,91,1049.0,1049.0,0.0,True
1441,3,103,1897.0,1897.0,0.0,True
1441,3,106,1715.0,1715.0,0.0,True
1441,3,89,2302.0,2302.0,0.0,True
1441,3,13777,1849.0,1849.0,0.0,True
1441,3,13906,2196.0,2196.0,0.0,True
1441,2,51,1562.0,1562.0,0.0,True
1441,2,109,2585.0,2585.0,0.0,True
1441,2,111,1788.0,1788.0,0.0,True
1441,2,110,1048.0,1048.0,0.0,True
1441,2,45,694.0,694.0,0.0,True
1441,2,116,1681.0,1681.0,0.0,True
1441,2,13275,63.0,63.0,0.0,True
1441,2,119,1143.0,1143.0,0.0,True
1441,2,14037,1624.0,1624.0,0.0,True
1441,2,121,2212.0,2212.0,0.0,True
1442,5,54,2218.0,2218.0,0.0,True
1442,5,10860,2400.0,2400.0,0.0,True
1442,5,55,702.0,702.0,0.0,True
1442,5,57,1666.0,1666.0,0.0,True
1442,5,58,1784.0,1784.0,0.0,True
1442,5,16,1385.0,1385.0,0.0,True
1442,5,62,1232.0,1232.0,0.0,True
1442,5,68,1975.0,1975.0,0.0,True
1442,5,12,1038.0,1038.0,0.0,True
1442,8,1,2275.0,2275.0,0.0,True
1442,8,13907,2387.0,2387.0,0.0,True
1442,8,10863,126.0,126.0,0.0,True
1442,8,3,663.0,663.0,0.0,True
1442,8,10869,2224.0,2224.0,0.0,True
1442,8,5,1226.0,1226.0,0.0,True
1442,8,10865,853.0,853.0,0.0,True
1442,8,14,1535.0,1535.0,0.0,True
1442,8,10,1962.0,1962.0,0.0,True
1442,8,13400,1149.0,1149.0,0.0,True
1443,2,108,1684.0,1684.0,0.0,True
1443,2,51,1238.0,1238.0,0.0,True
1443,2,109,875.0,875.0,0.0,True
1443,2,111,1189.0,1189.0,0.0,True
1443,2,110,1267.0,1267.0,0.0,True
1443,2,45,275.0,275.0,0.0,True
1443,2,116,577.0,577.0,0.0,True
1443,2,13275,455.0,455.0,0.0,True
1443,2,13399,1082.0,1082.0,0.0,True
1443,2,119,1176.0,1176.0,0.0,True
1443,2,10891,814.0,814.0,0.0,True
1443,2,14037,1531.0,1531.0,0.0,True
1443,2,121,1975.0,1975.0,0.0,True
1443,2,123,262.0,262.0,0.0,True
1443,5,54,1510.0,1510.0,0.0,True
1443,5,10884,878.0,878.0,0.0,True
1443,5,10860,1377.0,1377.0,0.0,True
1443,5,55,946.0,946.0,0.0,True
1443,5,56,232.0,232.0,0.0,True
1443,5,57,1438.0,1438.0,0.0,True
1443,5,58,1487.0,1487.0,0.0,True
1443,5,62,1173.0,1173.0,0.0,True
1443,5,68,1648.0,1648.0,0.0,True
1443,5,60,220.0,220.0,0.0,True
1443,5,10861,1901.0,1901.0,0.0,True
1443,5,12,1063.0,1063.0,0.0,True
1443,5,64,527.0,527.0,0.0,True
1444,8,1,2594.0,2594.0,0.0,True
1444,8,13907,2775.0,2775.0,0.0,True
1444,8,3,1491.0,1491.0,0.0,True
1444,8,5,1945.0,1945.0,0.0,True
1444,8,10865,746.0,746.0,0.0,True
1444,8,14,1380.0,1380.0,0.0,True
1444,8,10,1605.0,1605.0,0.0,True
1444,8,11,1669.0,1669.0,0.0,True
1444,8,13,195.0,195.0,0.0,True
1444,7,29,2582.0,2582.0,0.0,True
1444,7,19,0.0,,,False
1444,7,22,721.0,721.0,0.0,True
1444,7,10872,2330.0,2330.0,0.0,True
1444,7,28,782.0,782.0,0.0,True
1444,7,14038,2330.0,2330.0,0.0,True
1444,7,24,106.0,106.0,0.0,True
1444,7,25,124.0,124.0,0.0,True
1444,7,10874,1714.0,1714.0,0.0,True
1444,7,32,1506.0,1506.0,0.0,True
1444,7,10873,282.0,282.0,0.0,True
1444,7,14303,1923.0,1923.0,0.0,True
1445,2,108,781.0,781.0,0.0,True
1445,2,51,1464.0,1464.0,0.0,True
1445,2,111,600.0,600.0,0.0,True
1445,2,110,1565.0,1565.0,0.0,True
1445,2,116,1315.0,1315.0,0.0,True
1445,2,13275,148.0,148.0,0.0,True
1445,2,119,1599.0,1599.0,0.0,True
1445,2,10891,1606.0,1606.0,0.0,True
1445,2,14037,1317.0,1317.0,0.0,True
1445,2,121,1955.0,1955.0,0.0,True
1445,2,122,1951.0,1951.0,0.0,True
1445,2,123,99.0,99.0,0.0,True
1445,6,10877,1372.0,1372.0,0.0,True
1445,6,104,727.0,727.0,0.0,True
1445,6,38,935.0,935.0,0.0,True
1445,6,39,836.0,836.0,0.0,True
1445,6,40,1499.0,1499.0,0.0,True
1445,6,10880,1986.0,1986.0,0.0,True
1445,6,113,357.0,357.0,0.0,True
1445,6,10878,357.0,357.0,0.0,True
1445,6,43,1109.0,1109.0,0.0,True
1445,6,8889,1821.0,1821.0,0.0,True
1445,6,44,961.0,961.0,0.0,True
1445,6,10879,960.0,960.0,0.0,True
1445,6,47,896.0,896.0,0.0,True
1445,6,48,584.0,584.0,0.0,True
1446,8,1,2555.0,2555.0,0.0,True
1446,8,13907,2759.0,2759.0,0.0,True
1446,8,10863,24.0,24.0,0.0,True
1446,8,2,24.0,24.0,0.0,True
1446,8,10864,874.0,874.0,0.0,True
1446,8,3,1523.0,1523.0,0.0,True
1446,8,5,1706.0,1706.0,0.0,True
1446,8,10865,1536.0,1536.0,0.0,True
1446,8,10,1299.0,1299.0,0.0,True
1446,8,11,879.0,879.0,0.0,True
1446,8,13,1221.0,1221.0,0.0,True
1446,3,77,1732.0,1732.0,0.0,True
1446,3,79,1220.0,1220.0,0.0,True
1446,3,83,507.0,507.0,0.0,True
1446,3,91,1108.0,1108.0,0.0,True
1446,3,103,1652.0,1652.0,0.0,True
1446,3,95,24.0,24.0,0.0,True
1446,3,97,24.0,24.0,0.0,True
1446,3,99,24.0,24.0,0.0,True
1446,3,106,2049.0,2049.0,0.0,True
1446,3,107,1305.0,1305.0,0.0,True
1446,3,89,2373.0,2373.0,0.0,True
1446,3,13906,2358.0,2358.0,0.0,True
1446,3,101,24.0,24.0,0.0,True
1447,8,1,2022.0,2022.0,0.0,True
1447,8,10863,427.0,427.0,0.0,True
1447,8,2,632.0,632.0,0.0,True
1447,8,10864,1711.0,1711.0,0.0,True
1447,8,3,405.0,405.0,0.0,True
1447,8,4,1033.0,1033.0,0.0,True
1447,8,5,1604.0,1604.0,0.0,True
1447,8,10865,904.0,904.0,0.0,True
1447,8,14,665.0,665.0,0.0,True
1447,8,10,2210.0,2210.0,0.0,True
1447,8,11,1714.0,1714.0,0.0,True
1447,8,13,1073.0,1073.0,0.0,True
1447,2,108,780.0,780.0,0.0,True
1447,2,51,2279.0,2279.0,0.0,True
1447,2,110,1482.0,1482.0,0.0,True
1447,2,45,947.0,947.0,0.0,True
1447,2,116,732.0,732.0,0.0,True
1447,2,13275,122.0,122.0,0.0,True
1447,2,13399,2110.0,2110.0,0.0,True
1447,2,119,1249.0,1249.0,0.0,True
1447,2,10891,1211.0,1211.0,0.0,True
1447,2,14037,601.0,601.0,0.0,True
1447,2,121,1473.0,1473.0,0.0,True
1447,2,122,1414.0,1414.0,0.0,True
1447,2,123,0.0,,,False
1448,7,29,1660.0,1660.0,0.0,True
1448,7,19,1136.0,1136.0,0.0,True
1448,7,10871,371.0,371.0,0.0,True
1448,7,22,1038.0,1038.0,0.0,True
1448,7,23,853.0,853.0,0.0,True
1448,7,10872,1231.0,1231.0,0.0,True
1448,7,28,948.0,948.0,0.0,True
1448,7,14038,1224.0,1224.0,0.0,True
1448,7,24,1110.0,1110.0,0.0,True
1448,7,10874,911.0,911.0,0.0,True
1448,7,32,860.0,860.0,0.0,True
1448,7,10873,1345.0,1345.0,0.0,True
1448,7,14303,1713.0,1713.0,0.0,True
1448,8,10863,1676.0,1676.0,0.0,True
1448,8,2,1432.0,1432.0,0.0,True
1448,8,10864,1688.0,1688.0,0.0,True
1448,8,3,1177.0,1177.0,0.0,True
1448,8,4,1186.0,1186.0,0.0,True
1448,8,5,1737.0,1737.0,0.0,True
1448,8,10865,1291.0,1291.0,0.0,True
1448,8,10,2185.0,2185.0,0.0,True
1448,8,11,836.0,836.0,0.0,True
1448,8,13,1192.0,1192.0,0.0,True
1449,5,54,2244.0,2244.0,0.0,True
1449,5,55,203.0,203.0,0.0,True
1449,5,57,1732.0,1732.0,0.0,True
1449,5,58,1368.0,1368.0,0.0,True
1449,5,16,1674.0,1674.0,0.0,True
1449,5,62,831.0,831.0,0.0,True
1449,5,68,2368.0,2368.0,0.0,True
1449,5,3129,862.0,862.0,0.0,True
1449,5,10861,1718.0,1718.0,0.0,True
1449,5,12,1400.0,1400.0,0.0,True
1449,3,77,1815.0,1815.0,0.0,True
1449,3,79,1846.0,1846.0,0.0,True
1449,3,86,1301.0,1301.0,0.0,True
1449,3,91,364.0,364.0,0.0,True
1449,3,103,1345.0,1345.0,0.0,True
1449,3,107,1765.0,1765.0,0.0,True
1449,3,89,1969.0,1969.0,0.0,True
1449,3,13777,1550.0,1550.0,0.0,True
1449,3,13906,2445.0,2445.0,0.0,True
1450,7,29,2442.0,2442.0,0.0,True
1450,7,22,741.0,741.0,0.0,True
1450,7,10872,1962.0,1962.0,0.0,True
1450,7,28,1456.0,1456.0,0.0,True
1450,7,14038,2565.0,2565.0,0.0,True
1450,7,10874,1208.0,1208.0,0.0,True
1450,7,32,1249.0,1249.0,0.0,True
1450,7,10873,831.0,831.0,0.0,True
1450,7,34,1946.0,1946.0,0.0,True
1450,4,10887,2437.0,2437.0,0.0,True
1450,4,75,1853.0,1853.0,0.0,True
1450,4,76,1414.0,1414.0,0.0,True
1450,4,78,1335.0,1335.0,0.0,True
1450,4,80,936.0,936.0,0.0,True
1450,4,10885,1220.0,1220.0,0.0,True
1450,4,87,665.0,665.0,0.0,True
1450,4,10888,454.0,454.0,0.0,True
1450,4,10862,2470.0,2470.0,0.0,True
1450,4,88,1213.0,1213.0,0.0,True
1450,4,90,403.0,403.0,0.0,True
1451,5,54,2213.0,2213.0,0.0,True
1451,5,10884,182.0,182.0,0.0,True
1451,5,10860,1803.0,1803.0,0.0,True
1451,5,55,498.0,498.0,0.0,True
1451,5,57,2061.0,2061.0,0.0,True
1451,5,58,1587.0,1587.0,0.0,True
1451,5,16,1978.0,1978.0,0.0,True
1451,5,3129,854.0,854.0,0.0,True
1451,5,10861,1979.0,1979.0,0.0,True
1451,5,12,1245.0,1245.0,0.0,True
1451,6,39,270.0,270.0,0.0,True
1451,6,40,2062.0,2062.0,0.0,True
1451,6,10880,1651.0,1651.0,0.0,True
1451,6,113,193.0,193.0,0.0,True
1451,6,43,2146.0,2146.0,0.0,True
1451,6,8889,2133.0,2133.0,0.0,True
1451,6,44,599.0,599.0,0.0,True
1451,6,10879,1073.0,1073.0,0.0,True
1451,6,14707,1976.0,1976.0,0.0,True
1451,6,47,1588.0,1588.0,0.0,True
1451,6,48,709.0,709.0,0.0,True
1452,7,29,2405.0,2405.0,0.0,True
1452,7,19,51.0,51.0,0.0,True
1452,7,10875,1576.0,1576.0,0.0,True
1452,7,10871,51.0,51.0,0.0,True
1452,7,10872,1832.0,1832.0,0.0,True
1452,7,28,972.0,972.0,0.0,True
1452,7,14038,1682.0,1682.0,0.0,True
1452,7,24,243.0,243.0,0.0,True
1452,7,25,306.0,306.0,0.0,True
1452,7,10874,1297.0,1297.0,0.0,True
1452,7,10873,1534.0,1534.0,0.0,True
1452,7,14303,2451.0,2451.0,0.0,True
1452,5,54,1906.0,1906.0,0.0,True
1452,5,10884,51.0,51.0,0.0,True
1452,5,10860,1902.0,1902.0,0.0,True
1452,5,55,51.0,51.0,0.0,True
1452,5,56,26.0,26.0,0.0,True
1452,5,57,1627.0,1627.0,0.0,True
1452,5,58,1064.0,1064.0,0.0,True
1452,5,62,1593.0,1593.0,0.0,True
1452,5,68,2140.0,2140.0,0.0,True
1452,5,60,26.0,26.0,0.0,True
1452,5,3129,1057.0,1057.0,0.0,True
1452,5,10861,1616.0,1616.0,0.0,True
1452,5,12,1290.0,1290.0,0.0,True
1452,5,64,51.0,51.0,0.0,True
1453,7,29,2343.0,2343.0,0.0,True
1453,7,10872,2135.0,2135.0,0.0,True
1453,7,28,1266.0,1266.0,0.0,True
1453,7,14038,2098.0,2098.0,0.0,True
1453,7,25,825.0,825.0,0.0,True
1453,7,10874,1655.0,1655.0,0.0,True
1453,7,10873,416.0,416.0,0.0,True
1453,7,14303,1524.0,1524.0,0.0,True
1453,7,34,2138.0,2138.0,0.0,True
1453,8,1,2107.0,2107.0,0.0,True
1453,8,10864,629.0,629.0,0.0,True
1453,8,5,1511.0,1511.0,0.0,True
1453,8,14437,2240.0,2240.0,0.0,True
1453,8,10865,67.0,67.0,0.0,True
1453,8,10867,1355.0,1355.0,0.0,True
1453,8,14,1595.0,1595.0,0.0,True
1453,8,10,1515.0,1515.0,0.0,True
1453,8,14845,2097.0,2097.0,0.0,True
1453,8,11,1197.0,1197.0,0.0,True
1453,8,13,87.0,87.0,0.0,True
1454,2,51,1748.0,1748.0,0.0,True
1454,2,109,1721.0,1995.0,274.0,False
1454,2,110,2106.0,2106.0,0.0,True
1454,2,14844,2486.0,2486.0,0.0,True
1454,2,116,431.0,431.0,0.0,True
1454,2,118,2047.0,2047.0,0.0,True
1454,2,13399,1526.0,1526.0,0.0,True
1454,2,119,246.0,246.0,0.0,True
1454,2,121,1389.0,1389.0,0.0,True
1454,2,122,426.0,426.0,0.0,True
1454,3,79,1237.0,1237.0,0.0,True
1454,3,86,1353.0,1353.0,0.0,True
1454,3,91,945.0,945.0,0.0,True
1454,3,103,2214.0,2214.0,0.0,True
1454,3,99,1171.0,1171.0,0.0,True
1454,3,10890,2039.0,2039.0,0.0,True
1454,3,107,1641.0,1641.0,0.0,True
1454,3,89,1720.0,1720.0,0.0,True
1454,3,13906,2080.0,2080.0,0.0,True
1455,5,54,2302.0,2302.0,0.0,True
1455,5,10884,11.0,11.0,0.0,True
1455,5,55,180.0,180.0,0.0,True
1455,5,57,1671.0,1671.0,0.0,True
1455,5,58,1865.0,1865.0,0.0,True
1455,5,16,2100.0,2100.0,0.0,True
1455,5,62,740.0,740.0,0.0,True
1455,5,68,2313.0,2313.0,0.0,True
1455,5,3129,971.0,971.0,0.0,True
1455,5,10861,1347.0,1347.0,0.0,True
1455,5,12,900.0,900.0,0.0,True
1455,4,14982,902.0,902.0,0.0,True
1455,4,10887,2199.0,2199.0,0.0,True
1455,4,75,2206.0,2206.0,0.0,True
1455,4,76,1645.0,1645.0,0.0,True
1455,4,80,333.0,333.0,0.0,True
1455,4,10885,1444.0,1444.0,0.0,True
1455,4,87,1381.0,1381.0,0.0,True
1455,4,14843,1695.0,1695.0,0.0,True
1455,4,13778,1706.0,1706.0,0.0,True
1455,4,88,610.0,610.0,0.0,True
1455,4,90,279.0,279.0,0.0,True
1456,2,4181,1821.0,1821.0,0.0,True
1456,2,51,1777.0,1777.0,0.0,True
1456,2,109,2038.0,2038.0,0.0,True
1456,2,110,2081.0,2081.0,0.0,True
1456,2,14844,1442.0,2162.0,720.0,False
1456,2,116,683.0,683.0,0.0,True
1456,2,118,2387.0,2387.0,0.0,True
1456,2,121,1249.0,1249.0,0.0,True
1456,2,122,202.0,202.0,0.0,True
1456,6,10877,2087.0,2087.0,0.0,True
1456,6,39,470.0,470.0,0.0,True
1456,6,40,2244.0,2244.0,0.0,True
1456,6,10880,1919.0,1919.0,0.0,True
1456,6,43,1996.0,1996.0,0.0,True
1456,6,8889,2418.0,2418.0,0.0,True
1456,6,44,190.0,190.0,0.0,True
1456,6,10879,953.0,953.0,0.0,True
1456,6,14707,1423.0,1423.0,0.0,True
1456,6,47,700.0,700.0,0.0,True
1457,5,54,2037.0,2037.0,0.0,True
1457,5,10884,74.0,74.0,0.0,True
1457,5,10860,2290.0,2290.0,0.0,True
1457,5,55,74.0,74.0,0.0,True
1457,5,56,74.0,74.0,0.0,True
1457,5,57,1769.0,1769.0,0.0,True
1457,5,58,1645.0,1645.0,0.0,True
1457,5,16,1351.0,1351.0,0.0,True
1457,5,62,512.0,512.0,0.0,True
1457,5,68,1971.0,1971.0,0.0,True
1457,5,60,74.0,74.0,0.0,True
1457,5,3129,652.0,652.0,0.0,True
1457,5,12,1803.0,1803.0,0.0,True
1457,5,64,74.0,74.0,0.0,True
1457,7,13029,2296.0,2296.0,0.0,True
1457,7,29,2301.0,2301.0,0.0,True
1457,7,19,74.0,74.0,0.0,True
1457,7,10871,79.0,79.0,0.0,True
1457,7,23,74.0,74.0,0.0,True
1457,7,10872,2191.0,2191.0,0.0,True
1457,7,28,719.0,719.0,0.0,True
1457,7,14038,1314.0,1314.0,0.0,True
1457,7,24,1153.0,1153.0,0.0,True
1457,7,25,367.0,367.0,0.0,True
1457,7,10874,1519.0,1519.0,0.0,True
1457,7,10873,311.0,311.0,0.0,True
1457,7,34,2002.0,2002.0,0.0,True
1458,4,14982,804.0,804.0,0.0,True
1458,4,10887,2341.0,2341.0,0.0,True
1458,4,75,1947.0,1947.0,0.0,True
1458,4,76,1927.0,1927.0,0.0,True
1458,4,10885,1650.0,1650.0,0.0,True
1458,4,87,1379.0,1379.0,0.0,True
1458,4,10862,1266.0,1266.0,0.0,True
1458,4,14843,2153.0,2153.0,0.0,True
1458,4,88,933.0,933.0,0.0,True
1458,8,1,2405.0,2405.0,0.0,True
1458,8,10864,514.0,514.0,0.0,True
1458,8,3,264.0,264.0,0.0,True
1458,8,5,1638.0,1638.0,0.0,True
1458,8,14437,724.0,724.0,0.0,True
1458,8,10865,320.0,320.0,0.0,True
1458,8,10867,2457.0,2457.0,0.0,True
1458,8,14,1708.0,1708.0,0.0,True
1458,8,10,2029.0,2029.0,0.0,True
1458,8,14845,2259.0,2259.0,0.0,True
1458,8,11,82.0,82.0,0.0,True
1459,3,79,1845.0,1845.0,0.0,True
1459,3,86,1617.0,1617.0,0.0,True
1459,3,91,601.0,601.0,0.0,True
1459,3,103,2050.0,2050.0,0.0,True
1459,3,99,959.0,959.0,0.0,True
1459,3,10890,1955.0,1955.0,0.0,True
1459,3,107,1823.0,1823.0,0.0,True
1459,3,89,1568.0,1568.0,0.0,True
1459,3,13906,1982.0,1982.0,0.0,True
1459,6,10877,2458.0,2458.0,0.0,True
1459,6,104,1652.0,1652.0,0.0,True
1459,6,39,154.0,154.0,0.0,True
1459,6,40,2061.0,2061.0,0.0,True
1459,6,10880,1575.0,1575.0,0.0,True
1459,6,43,1869.0,1869.0,0.0,True
1459,6,8889,2457.0,2457.0,0.0,True
1459,6,44,526.0,526.0,0.0,True
1459,6,10879,1001.0,1001.0,0.0,True
1459,6,47,647.0,647.0,0.0,True
1459,6,48,0.0,,,False
1460,4,14982,58.0,58.0,0.0,True
1460,4,10887,2383.0,2383.0,0.0,True
1460,4,75,2265.0,2265.0,0.0,True
1460,4,76,2320.0,2320.0,0.0,True
1460,4,80,270.0,270.0,0.0,True
1460,4,10885,1307.0,1307.0,0.0,True
1460,4,84,92.0,92.0,0.0,True
1460,4,87,1509.0,1509.0,0.0,True
1460,4,10888,1916.0,1916.0,0.0,True
1460,4,14843,1461.0,1461.0,0.0,True
1460,4,88,819.0,819.0,0.0,True
1460,2,4181,1734.0,1734.0,0.0,True
1460,2,51,2035.0,2035.0,0.0,True
1460,2,109,1451.0,1451.0,0.0,True
1460,2,14844,1991.0,1991.0,0.0,True
1460,2,116,1191.0,1191.0,0.0,True
1460,2,118,2651.0,2651.0,0.0,True
1460,2,119,198.0,198.0,0.0,True
1460,2,10891,179.0,179.0,0.0,True
1460,2,121,2224.0,2224.0,0.0,True
1460,2,122,227.0,227.0,0.0,True
1460,2,123,519.0,519.0,0.0,True
1461,3,79,2028.0,2028.0,0.0,True
1461,3,83,119.0,119.0,0.0,True
1461,3,86,1816.0,1816.0,0.0,True
1461,3,91,137.0,137.0,0.0,True
1461,3,103,2000.0,2000.0,0.0,True
1461,3,95,119.0,119.0,0.0,True
1461,3,97,119.0,119.0,0.0,True
1461,3,99,191.0,191.0,0.0,True
1461,3,10890,1900.0,1900.0,0.0,True
1461,3,107,1501.0,1501.0,0.0,True
1461,3,89,2230.0,2230.0,0.0,True
1461,3,13906,2121.0,2121.0,0.0,True
1461,3,101,119.0,119.0,0.0,True
1461,5,54,2170.0,2170.0,0.0,True
1461,5,10884,189.0,189.0,0.0,True
1461,5,10860,1697.0,1697.0,0.0,True
1461,5,55,189.0,189.0,0.0,True
1461,5,56,189.0,189.0,0.0,True
1461,5,57,1724.0,1724.0,0.0,True
1461,5,58,1671.0,1671.0,0.0,True
1461,5,62,302.0,302.0,0.0,True
1461,5,68,1790.0,1790.0,0.0,True
1461,5,60,119.0,119.0,0.0,True
1461,5,3129,1223.0,1223.0,0.0,True
1461,5,10861,2035.0,2035.0,0.0,True
1461,5,12,983.0,983.0,0.0,True
1461,5,64,119.0,119.0,0.0,True
1462,4,14982,1727.0,1727.0,0.0,True
1462,4,10887,1651.0,1651.0,0.0,True
1462,4,75,2197.0,2197.0,0.0,True
1462,4,76,1153.0,1153.0,0.0,True
1462,4,78,440.0,440.0,0.0,True
1462,4,80,52.0,52.0,0.0,True
1462,4,10885,1487.0,1487.0,0.0,True
1462,4,84,77.0,77.0,0.0,True
1462,4,10862,1886.0,1886.0,0.0,True
1462,4,14843,2146.0,2146.0,0.0,True
1462,4,88,1584.0,1584.0,0.0,True
1462,7,29,1846.0,1846.0,0.0,True
1462,7,19,165.0,165.0,0.0,True
1462,7,21,1295.0,1295.0,0.0,True
1462,7,22,911.0,911.0,0.0,True
1462,7,23,165.0,165.0,0.0,True
1462,7,10872,1990.0,1990.0,0.0,True
1462,7,28,371.0,371.0,0.0,True
1462,7,14038,2021.0,2021.0,0.0,True
1462,7,25,8.0,8.0,0.0,True
1462,7,10874,1618.0,1618.0,0.0,True
1462,7,32,1604.0,1604.0,0.0,True
1462,7,10873,279.0,279.0,0.0,True
1462,7,34,2127.0,2127.0,0.0,True
1463,6,10877,1560.0,1560.0,0.0,True
1463,6,35,95.0,95.0,0.0,True
1463,6,104,1980.0,1980.0,0.0,True
1463,6,10883,95.0,95.0,0.0,True
1463,6,39,721.0,721.0,0.0,True
1463,6,40,1186.0,1186.0,0.0,True
1463,6,113,769.0,769.0,0.0,True
1463,6,43,1428.0,1428.0,0.0,True
1463,6,10881,1730.0,1730.0,0.0,True
1463,6,8889,1497.0,1497.0,0.0,True
1463,6,44,548.0,548.0,0.0,True
1463,6,10879,1157.0,1157.0,0.0,True
1463,6,47,914.0,914.0,0.0,True
1463,6,48,720.0,720.0,0.0,True
1463,2,108,1832.0,1832.0,0.0,True
1463,2,4181,1778.0,1778.0,0.0,True
1463,2,51,910.0,910.0,0.0,True
1463,2,110,1008.0,1008.0,0.0,True
1463,2,45,959.0,959.0,0.0,True
1463,2,116,1752.0,1752.0,0.0,True
1463,2,118,2115.0,2115.0,0.0,True
1463,2,13399,1675.0,1675.0,0.0,True
1463,2,10891,418.0,418.0,0.0,True
1463,2,121,1097.0,1097.0,0.0,True
1463,2,123,856.0,856.0,0.0,True
1464,8,1,2092.0,2092.0,0.0,True
1464,8,13907,1568.0,1568.0,0.0,True
1464,8,10863,597.0,597.0,0.0,True
1464,8,2,159.0,159.0,0.0,True
1464,8,10864,224.0,224.0,0.0,True
1464,8,3,794.0,794.0,0.0,True
1464,8,5,1810.0,1810.0,0.0,True
1464,8,10865,191.0,191.0,0.0,True
1464,8,10867,1901.0,1901.0,0.0,True
1464,8,14,1070.0,1070.0,0.0,True
1464,8,10,1927.0,1927.0,0.0,True
1464,8,14845,1908.0,1908.0,0.0,True
1464,8,13,159.0,159.0,0.0,True
1464,5,54,1943.0,1943.0,0.0,True
1464,5,10884,137.0,137.0,0.0,True
1464,5,55,1354.0,1354.0,0.0,True
1464,5,56,124.0,124.0,0.0,True
1464,5,57,1641.0,1641.0,0.0,True
1464,5,58,1502.0,1502.0,0.0,True
1464,5,16,1460.0,1460.0,0.0,True
1464,5,68,2182.0,2182.0,0.0,True
1464,5,60,124.0,124.0,0.0,True
1464,5,3129,1141.0,1141.0,0.0,True
1464,5,10861,1835.0,1835.0,0.0,True
1464,5,12,833.0,833.0,0.0,True
1464,5,64,124.0,124.0,0.0,True
1465,6,10877,2241.0,2241.0,0.0,True
1465,6,104,1621.0,1621.0,0.0,True
1465,6,40,1133.0,1133.0,0.0,True
1465,6,43,1733.0,1733.0,0.0,True
1465,6,10881,1805.0,1805.0,0.0,True
1465,6,8889,2242.0,2242.0,0.0,True
1465,6,44,1519.0,1519.0,0.0,True
1465,6,10879,1147.0,1147.0,0.0,True
1465,6,47,867.0,867.0,0.0,True
1465,6,48,92.0,92.0,0.0,True
1465,4,14982,1497.0,1497.0,0.0,True
1465,4,75,1612.0,1612.0,0.0,True
1465,4,78,611.0,611.0,0.0,True
1465,4,80,451.0,451.0,0.0,True
1465,4,10885,1027.0,1027.0,0.0,True
1465,4,82,440.0,440.0,0.0,True
1465,4,84,217.0,217.0,0.0,True
1465,4,87,1413.0,1413.0,0.0,True
1465,4,10888,1468.0,1468.0,0.0,True
1465,4,10862,2264.0,2264.0,0.0,True
1465,4,14843,1811.0,1811.0,0.0,True
1465,4,88,932.0,932.0,0.0,True
1465,4,90,657.0,657.0,0.0,True
1466,8,1,2020.0,2020.0,0.0,True
1466,8,13907,2141.0,2141.0,0.0,True
1466,8,10863,858.0,858.0,0.0,True
1466,8,2,555.0,555.0,0.0,True
1466,8,10864,452.0,452.0,0.0,True
1466,8,3,355.0,355.0,0.0,True
1466,8,5,989.0,989.0,0.0,True
1466,8,10867,2418.0,2418.0,0.0,True
1466,8,14,1663.0,1663.0,0.0,True
1466,8,10,2200.0,2200.0,0.0,True
1466,8,14845,572.0,572.0,0.0,True
1466,8,13,177.0,177.0,0.0,True
1466,3,79,1596.0,1596.0,0.0,True
1466,3,83,349.0,349.0,0.0,True
1466,3,86,1221.0,1221.0,0.0,True
1466,3,91,349.0,349.0,0.0,True
1466,3,103,1866.0,1866.0,0.0,True
1466,3,95,177.0,177.0,0.0,True
1466,3,97,177.0,177.0,0.0,True
1466,3,99,1514.0,1514.0,0.0,True
1466,3,10890,1783.0,1783.0,0.0,True
1466,3,107,1863.0,1863.0,0.0,True
1466,3,89,1568.0,1568.0,0.0,True
1466,3,13906,1527.0,1527.0,0.0,True
1466,3,101,410.0,410.0,0.0,True
1467,3,79,1664.0,1664.0,0.0,True
1467,3,86,1923.0,1923.0,0.0,True
1467,3,91,631.0,631.0,0.0,True
1467,3,103,2056.0,2056.0,0.0,True
1467,3,99,827.0,827.0,0.0,True
1467,3,10890,2134.0,2134.0,0.0,True
1467,3,107,1596.0,1596.0,0.0,True
1467,3,89,1539.0,1539.0,0.0,True
1467,3,13906,2030.0,2030.0,0.0,True
1467,2,4181,2462.0,2462.0,0.0,True
1467,2,109,1476.0,1476.0,0.0,True
1467,2,110,2402.0,2402.0,0.0,True
1467,2,45,364.0,364.0,0.0,True
1467,2,14844,2319.0,2319.0,0.0,True
1467,2,118,2248.0,2248.0,0.0,True
1467,2,13399,882.0,882.0,0.0,True
1467,2,119,551.0,551.0,0.0,True
1467,2,121,1696.0,1696.0,0.0,True
1468,3,73,129.0,129.0,0.0,True
1468,3,79,1674.0,1674.0,0.0,True
1468,3,83,129.0,129.0,0.0,True
1468,3,86,1191.0,1191.0,0.0,True
1468,3,91,129.0,129.0,0.0,True
1468,3,103,1909.0,1909.0,0.0,True
1468,3,95,129.0,129.0,0.0,True
1468,3,99,1485.0,1485.0,0.0,True
1468,3,10890,1873.0,1873.0,0.0,True
1468,3,107,1502.0,1502.0,0.0,True
1468,3,89,1994.0,1994.0,0.0,True
1468,3,13906,2127.0,2127.0,0.0,True
1468,3,101,129.0,129.0,0.0,True
1468,7,13029,1990.0,1990.0,0.0,True
1468,7,29,2347.0,2347.0,0.0,True
1468,7,19,129.0,129.0,0.0,True
1468,7,21,1299.0,1299.0,0.0,True
1468,7,22,144.0,144.0,0.0,True
1468,7,23,129.0,129.0,0.0,True
1468,7,10872,1697.0,1697.0,0.0,True
1468,7,28,266.0,266.0,0.0,True
1468,7,14038,1586.0,1586.0,0.0,True
1468,7,24,1476.0,1476.0,0.0,True
1468,7,10874,1282.0,1282.0,0.0,True
1468,7,10873,86.0,86.0,0.0,True
1468,7,34,1969.0,1969.0,0.0,True
1469,4,14982,277.0,277.0,0.0,True
1469,4,10887,2379.0,2379.0,0.0,True
1469,4,75,2324.0,2324.0,0.0,True
1469,4,76,1937.0,1937.0,0.0,True
1469,4,80,579.0,579.0,0.0,True
1469,4,10885,1814.0,1814.0,0.0,True
1469,4,87,1633.0,1633.0,0.0,True
1469,4,10888,1639.0,1639.0,0.0,True
1469,4,14843,1742.0,1742.0,0.0,True
1469,4,88,76.0,76.0,0.0,True
1469,6,10877,2258.0,2258.0,0.0,True
1469,6,35,517.0,517.0,0.0,True
1469,6,104,1730.0,1730.0,0.0,True
1469,6,39,428.0,428.0,0.0,True
1469,6,43,2387.0,2387.0,0.0,True
1469,6,10881,1708.0,1708.0,0.0,True
1469,6,8889,2322.0,2322.0,0.0,True
1469,6,44,647.0,647.0,0.0,True
1469,6,10879,1449.0,1449.0,0.0,True
1469,6,47,954.0,954.0,0.0,True
1470,8,1,2381.0,2381.0,0.0,True
1470,8,13907,2449.0,2449.0,0.0,True
1470,8,2,60.0,60.0,0.0,True
1470,8,3,729.0,729.0,0.0,True
1470,8,5,1168.0,1168.0,0.0,True
1470,8,10865,119.0,119.0,0.0,True
1470,8,10867,2190.0,2190.0,0.0,True
1470,8,14,1762.0,1762.0,0.0,True
1470,8,10,2421.0,2421.0,0.0,True
1470,8,14845,1121.0,1121.0,0.0,True
1470,2,108,203.0,203.0,0.0,True
1470,2,4181,2686.0,2686.0,0.0,True
1470,2,110,1501.0,1501.0,0.0,True
1470,2,45,541.0,541.0,0.0,True
1470,2,14844,2730.0,2730.0,0.0,True
1470,2,116,1379.0,1379.0,0.0,True
1470,2,118,2624.0,2624.0,0.0,True
1470,2,10891,507.0,507.0,0.0,True
1470,2,121,2229.0,2229.0,0.0,True
1471,4,14982,223.0,223.0,0.0,True
1471,4,10887,2402.0,2402.0,0.0,True
1471,4,75,2238.0,2238.0,0.0,True
1471,4,76,1527.0,1527.0,0.0,True
1471,4,80,280.0,280.0,0.0,True
1471,4,10885,1016.0,1016.0,0.0,True
1471,4,82,305.0,305.0,0.0,True
1471,4,87,1609.0,1609.0,0.0,True
1471,4,10888,1518.0,1518.0,0.0,True
1471,4,10862,1803.0,1803.0,0.0,True
1471,4,88,1479.0,1479.0,0.0,True
1471,5,54,2085.0,2085.0,0.0,True
1471,5,57,1641.0,1641.0,0.0,True
1471,5,58,1679.0,1679.0,0.0,True
1471,5,16,2255.0,2255.0,0.0,True
1471,5,62,807.0,807.0,0.0,True
1471,5,68,2174.0,2174.0,0.0,True
1471,5,3129,1174.0,1174.0,0.0,True
1471,5,10861,1331.0,1331.0,0.0,True
1471,5,12,1254.0,1254.0,0.0,True
1472,8,1,2319.0,2319.0,0.0,True
1472,8,13907,2359.0,2359.0,0.0,True
1472,8,10863,82.0,82.0,0.0,True
1472,8,2,82.0,82.0,0.0,True
1472,8,10864,495.0,495.0,0.0,True
1472,8,3,130.0,130.0,0.0,True
1472,8,4,133.0,133.0,0.0,True
1472,8,5,1297.0,1297.0,0.0,True
1472,8,10865,82.0,82.0,0.0,True
1472,8,10867,1655.0,1655.0,0.0,True
1472,8,14,2070.0,2070.0,0.0,True
1472,8,10,1654.0,1654.0,0.0,True
1472,8,14845,1480.0,1480.0,0.0,True
1472,8,13,562.0,562.0,0.0,True
1472,7,13029,1802.0,1802.0,0.0,True
1472,7,29,2112.0,2112.0,0.0,True
1472,7,19,82.0,82.0,0.0,True
1472,7,21,1321.0,1321.0,0.0,True
1472,7,22,37.0,37.0,0.0,True
1472,7,23,263.0,263.0,0.0,True
1472,7,10872,1968.0,1968.0,0.0,True
1472,7,28,965.0,965.0,0.0,True
1472,7,24,1351.0,1351.0,0.0,True
1472,7,25,35.0,35.0,0.0,True
1472,7,10874,513.0,513.0,0.0,True
1472,7,32,1625.0,1625.0,0.0,True
1472,7,10873,112.0,112.0,0.0,True
1472,7,34,2214.0,2214.0,0.0,True
1473,6,10877,2499.0,2499.0,0.0,True
1473,6,104,1468.0,1468.0,0.0,True
1473,6,40,806.0,806.0,0.0,True
1473,6,43,1762.0,1762.0,0.0,True
1473,6,10881,1801.0,1801.0,0.0,True
1473,6,8889,2491.0,2491.0,0.0,True
1473,6,44,1058.0,1058.0,0.0,True
1473,6,10879,1479.0,1479.0,0.0,True
1473,6,47,1036.0,1036.0,0.0,True
1473,8,1,2554.0,2554.0,0.0,True
1473,8,13907,2135.0,2135.0,0.0,True
1473,8,10863,322.0,322.0,0.0,True
1473,8,10864,365.0,365.0,0.0,True
1473,8,3,736.0,736.0,0.0,True
1473,8,5,2488.0,2488.0,0.0,True
1473,8,10867,2146.0,2146.0,0.0,True
1473,8,14,2015.0,2015.0,0.0,True
1473,8,14845,1479.0,1479.0,0.0,True
1473,8,13,160.0,160.0,0.0,True
1474,6,10877,2284.0,2284.0,0.0,True
1474,6,104,1476.0,1476.0,0.0,True
1474,6,39,61.0,61.0,0.0,True
1474,6,40,1928.0,1928.0,0.0,True
1474,6,10880,2089.0,2089.0,0.0,True
1474,6,43,1988.0,1988.0,0.0,True
1474,6,10881,2195.0,2195.0,0.0,True
1474,6,44,340.0,340.0,0.0,True
1474,6,10879,895.0,895.0,0.0,True
1474,6,47,1144.0,1144.0,0.0,True
1474,3,79,1912.0,1912.0,0.0,True
1474,3,86,1397.0,1397.0,0.0,True
1474,3,103,2274.0,2274.0,0.0,True
1474,3,99,963.0,963.0,0.0,True
1474,3,10890,1880.0,1880.0,0.0,True
1474,3,106,1440.0,1440.0,0.0,True
1474,3,107,2440.0,2440.0,0.0,True
1474,3,89,2094.0,2094.0,0.0,True
1475,5,54,1797.0,1797.0,0.0,True
1475,5,10884,299.0,299.0,0.0,True
1475,5,55,627.0,627.0,0.0,True
1475,5,56,250.0,250.0,0.0,True
1475,5,57,1209.0,1209.0,0.0,True
1475,5,58,1303.0,1303.0,0.0,True
1475,5,16,1912.0,1912.0,0.0,True
1475,5,62,1299.0,1299.0,0.0,True
1475,5,68,1794.0,1794.0,0.0,True
1475,5,60,167.0,167.0,0.0,True
1475,5,3129,939.0,939.0,0.0,True
1475,5,10861,1637.0,1637.0,0.0,True
1475,5,12,1000.0,1000.0,0.0,True
1475,5,64,167.0,167.0,0.0,True
1475,2,108,663.0,663.0,0.0,True
1475,2,4181,1743.0,1743.0,0.0,True
1475,2,51,1868.0,1868.0,0.0,True
1475,2,110,1791.0,1791.0,0.0,True
1475,2,45,1514.0,1514.0,0.0,True
1475,2,14844,561.0,561.0,0.0,True
1475,2,116,1235.0,1235.0,0.0,True
1475,2,13275,250.0,250.0,0.0,True
1475,2,118,2427.0,2427.0,0.0,True
1475,2,10891,836.0,836.0,0.0,True
1475,2,121,1512.0,1512.0,0.0,True
1476,6,10877,2099.0,2099.0,0.0,True
1476,6,104,1703.0,1703.0,0.0,True
1476,6,38,289.0,289.0,0.0,True
1476,6,39,673.0,673.0,0.0,True
1476,6,40,2077.0,2077.0,0.0,True
1476,6,10880,1183.0,1183.0,0.0,True
1476,6,113,575.0,575.0,0.0,True
1476,6,10878,281.0,281.0,0.0,True
1476,6,43,1058.0,1058.0,0.0,True
1476,6,10881,2221.0,2221.0,0.0,True
1476,6,44,496.0,496.0,0.0,True
1476,6,10879,1151.0,1151.0,0.0,True
1476,6,47,301.0,301.0,0.0,True
1476,6,48,293.0,293.0,0.0,True
1476,7,13029,2175.0,2175.0,0.0,True
1476,7,29,1531.0,1531.0,0.0,True
1476,7,19,406.0,406.0,0.0,True
1476,7,21,1084.0,1084.0,0.0,True
1476,7,22,878.0,878.0,0.0,True
1476,7,23,329.0,329.0,0.0,True
1476,7,10872,975.0,975.0,0.0,True
1476,7,28,524.0,524.0,0.0,True
1476,7,24,1066.0,1066.0,0.0,True
1476,7,10874,1421.0,1421.0,0.0,True
1476,7,32,1118.0,1118.0,0.0,True
1476,7,10873,824.0,824.0,0.0,True
1476,7,34,2069.0,2069.0,0.0,True
1477,5,54,1793.0,1793.0,0.0,True
1477,5,10884,117.0,117.0,0.0,True
1477,5,10860,1802.0,1802.0,0.0,True
1477,5,55,509.0,509.0,0.0,True
1477,5,57,2254.0,2254.0,0.0,True
1477,5,58,1450.0,1450.0,0.0,True
1477,5,16,1861.0,1861.0,0.0,True
1477,5,62,597.0,597.0,0.0,True
1477,5,68,2097.0,2097.0,0.0,True
1477,5,3129,780.0,780.0,0.0,True
1477,5,12,1140.0,1140.0,0.0,True
1477,8,1,2631.0,2631.0,0.0,True
1477,8,13907,2802.0,2802.0,0.0,True
1477,8,10864,327.0,327.0,0.0,True
1477,8,3,756.0,756.0,0.0,True
1477,8,5,1817.0,1817.0,0.0,True
1477,8,10867,602.0,602.0,0.0,True
1477,8,14,1985.0,1985.0,0.0,True
1477,8,10,1152.0,1152.0,0.0,True
1477,8,14845,2039.0,2039.0,0.0,True
1477,8,13,289.0,289.0,0.0,True
1478,4,14982,584.0,584.0,0.0,True
1478,4,10887,2144.0,2144.0,0.0,True
1478,4,75,2383.0,2383.0,0.0,True
1478,4,76,1665.0,1665.0,0.0,True
1478,4,10885,1404.0,1404.0,0.0,True
1478,4,87,1476.0,1476.0,0.0,True
1478,4,10862,2324.0,2324.0,0.0,True
1478,4,14843,1292.0,1292.0,0.0,True
1478,4,88,1128.0,1128.0,0.0,True
1478,6,10877,2513.0,2513.0,0.0,True
1478,6,104,1510.0,1510.0,0.0,True
1478,6,39,764.0,764.0,0.0,True
1478,6,40,2013.0,2013.0,0.0,True
1478,6,10880,2574.0,2574.0,0.0,True
1478,6,113,209.0,209.0,0.0,True
1478,6,43,1449.0,1449.0,0.0,True
1478,6,10881,1676.0,1676.0,0.0,True
1478,6,44,342.0,342.0,0.0,True
1478,6,10879,868.0,868.0,0.0,True
1478,6,47,482.0,482.0,0.0,True
1479,2,4181,1984.0,1984.0,0.0,True
1479,2,51,1866.0,1866.0,0.0,True
1479,2,110,1481.0,1481.0,0.0,True
1479,2,45,1326.0,1326.0,0.0,True
1479,2,14844,1910.0,1910.0,0.0,True
1479,2,116,1399.0,1399.0,0.0,True
1479,2,118,1703.0,1703.0,0.0,True
1479,2,119,1174.0,1174.0,0.0,True
1479,2,10891,1557.0,1557.0,0.0,True
1479,7,13029,2176.0,2176.0,0.0,True
1479,7,29,1938.0,1938.0,0.0,True
1479,7,21,709.0,709.0,0.0,True
1479,7,23,122.0,122.0,0.0,True
1479,7,10872,1459.0,1459.0,0.0,True
1479,7,28,515.0,515.0,0.0,True
1479,7,14038,1447.0,1447.0,0.0,True
1479,7,24,1872.0,1872.0,0.0,True
1479,7,25,250.0,250.0,0.0,True
1479,7,10874,1268.0,1268.0,0.0,True
1479,7,10873,507.0,507.0,0.0,True
1479,7,34,2137.0,2137.0,0.0,True
1480,4,14982,328.0,328.0,0.0,True
1480,4,10887,1918.0,1918.0,0.0,True
1480,4,75,2458.0,2458.0,0.0,True
1480,4,76,1427.0,1427.0,0.0,True
1480,4,10885,985.0,985.0,0.0,True
1480,4,87,1686.0,1686.0,0.0,True
1480,4,10862,2375.0,2375.0,0.0,True
1480,4,14843,1467.0,1467.0,0.0,True
1480,4,88,1528.0,1528.0,0.0,True
1480,4,90,228.0,228.0,0.0,True
1480,5,54,2144.0,2144.0,0.0,True
1480,5,10884,224.0,224.0,0.0,True
1480,5,10860,1310.0,1310.0,0.0,True
1480,5,57,1946.0,1946.0,0.0,True
1480,5,58,686.0,686.0,0.0,True
1480,5,16,2189.0,2189.0,0.0,True
1480,5,62,710.0,710.0,0.0,True
1480,5,68,2261.0,2261.0,0.0,True
1480,5,3129,1725.0,1725.0,0.0,True
1480,5,12,1205.0,1205.0,0.0,True
1481,2,51,1832.0,1832.0,0.0,True
1481,2,110,1970.0,1970.0,0.0,True
1481,2,45,2499.0,2499.0,0.0,True
1481,2,116,596.0,596.0,0.0,True
1481,2,13275,2555.0,2555.0,0.0,True
1481,2,118,2277.0,2277.0,0.0,True
1481,2,10891,2671.0,2671.0,0.0,True
1481,8,1,2369.0,2369.0,0.0,True
1481,8,2,689.0,689.0,0.0,True
1481,8,10864,681.0,681.0,0.0,True
1481,8,3,1187.0,1187.0,0.0,True
1481,8,4,888.0,888.0,0.0,True
1481,8,5,1774.0,1774.0,0.0,True
1481,8,10865,1338.0,1338.0,0.0,True
1481,8,14,2056.0,2056.0,0.0,True
1481,8,14845,2541.0,2541.0,0.0,True
1481,8,11,326.0,326.0,0.0,True
1481,8,13,551.0,551.0,0.0,True
1482,4,75,2128.0,2128.0,0.0,True
1482,4,76,2103.0,2103.0,0.0,True
1482,4,78,133.0,133.0,0.0,True
1482,4,10885,1536.0,1536.0,0.0,True
1482,4,82,1010.0,1010.0,0.0,True
1482,4,87,1297.0,1297.0,0.0,True
1482,4,10862,1703.0,1703.0,0.0,True
1482,4,14843,1873.0,1873.0,0.0,True
1482,4,88,1647.0,1647.0,0.0,True
1482,4,90,970.0,970.0,0.0,True
1482,3,79,1851.0,1851.0,0.0,True
1482,3,83,151.0,151.0,0.0,True
1482,3,86,1571.0,1571.0,0.0,True
1482,3,91,306.0,306.0,0.0,True
1482,3,103,1639.0,1639.0,0.0,True
1482,3,99,758.0,758.0,0.0,True
1482,3,10890,2008.0,2008.0,0.0,True
1482,3,107,1899.0,1899.0,0.0,True
1482,3,89,2364.0,2364.0,0.0,True
1482,3,13906,1853.0,1853.0,0.0,True
1483,3,73,608.0,608.0,0.0,True
1483,3,77,871.0,871.0,0.0,True
1483,3,79,1251.0,1251.0,0.0,True
1483,3,83,608.0,608.0,0.0,True
1483,3,86,1086.0,1086.0,0.0,True
1483,3,91,776.0,776.0,0.0,True
1483,3,103,1088.0,1088.0,0.0,True
1483,3,95,745.0,745.0,0.0,True
1483,3,99,1166.0,1166.0,0.0,True
1483,3,106,1676.0,1676.0,0.0,True
1483,3,107,1303.0,1303.0,0.0,True
1483,3,89,1186.0,1186.0,0.0,True
1483,3,13906,1291.0,1291.0,0.0,True
1483,3,101,745.0,745.0,0.0,True
1483,8,10863,880.0,880.0,0.0,True
1483,8,2,1327.0,1327.0,0.0,True
1483,8,10864,972.0,972.0,0.0,True
1483,8,3,1183.0,1183.0,0.0,True
1483,8,4,1223.0,1223.0,0.0,True
1483,8,5,1287.0,1287.0,0.0,True
1483,8,10865,2000.0,2000.0,0.0,True
1483,8,14,1620.0,1620.0,0.0,True
1483,8,9,343.0,343.0,0.0,True
1483,8,14845,1842.0,1842.0,0.0,True
1483,8,11,343.0,343.0,0.0,True
1483,8,13,1380.0,1380.0,0.0,True
1484,6,10877,2500.0,2500.0,0.0,True
1484,6,104,1578.0,1578.0,0.0,True
1484,6,39,1348.0,1348.0,0.0,True
1484,6,40,1310.0,1310.0,0.0,True
1484,6,10880,2214.0,2214.0,0.0,True
1484,6,113,785.0,785.0,0.0,True
1484,6,10881,1968.0,1968.0,0.0,True
1484,6,44,603.0,603.0,0.0,True
1484,6,10879,1328.0,1328.0,0.0,True
1484,6,47,766.0,766.0,0.0,True
1484,5,54,2444.0,2444.0,0.0,True
1484,5,10884,261.0,261.0,0.0,True
1484,5,57,1933.0,1933.0,0.0,True
1484,5,16,1649.0,1649.0,0.0,True
1484,5,62,1602.0,1602.0,0.0,True
1484,5,68,2378.0,2378.0,0.0,True
1484,5,3129,1525.0,1525.0,0.0,True
1484,5,10861,1733.0,1733.0,0.0,True
1484,5,12,722.0,722.0,0.0,True
1484,5,64,153.0,153.0,0.0,True
1485,3,77,535.0,535.0,0.0,True
1485,3,79,2062.0,2062.0,0.0,True
1485,3,86,1410.0,1410.0,0.0,True
1485,3,103,2093.0,2093.0,0.0,True
1485,3,99,502.0,502.0,0.0,True
1485,3,106,1715.0,1715.0,0.0,True
1485,3,107,1849.0,1849.0,0.0,True
1485,3,89,2038.0,2038.0,0.0,True
1485,3,13906,2196.0,2196.0,0.0,True
1485,4,14982,242.0,242.0,0.0,True
1485,4,10887,2196.0,2196.0,0.0,True
1485,4,75,2205.0,2205.0,0.0,True
1485,4,76,1883.0,1883.0,0.0,True
1485,4,10885,1147.0,1147.0,0.0,True
1485,4,87,1509.0,1509.0,0.0,True
1485,4,10862,2047.0,2047.0,0.0,True
1485,4,14843,1517.0,1517.0,0.0,True
1485,4,88,1654.0,1654.0,0.0,True
1486,6,10877,2191.0,2191.0,0.0,True
1486,6,104,1611.0,1611.0,0.0,True
1486,6,10883,174.0,174.0,0.0,True
1486,6,39,1329.0,1329.0,0.0,True
1486,6,40,1854.0,1854.0,0.0,True
1486,6,10880,1576.0,1576.0,0.0,True
1486,6,113,342.0,342.0,0.0,True
1486,6,10878,118.0,118.0,0.0,True
1486,6,10881,2216.0,2216.0,0.0,True
1486,6,44,1053.0,1053.0,0.0,True
1486,6,10879,895.0,895.0,0.0,True
1486,6,47,923.0,923.0,0.0,True
1486,6,48,118.0,118.0,0.0,True
1486,2,51,2446.0,2446.0,0.0,True
1486,2,110,1996.0,1996.0,0.0,True
1486,2,45,1989.0,1989.0,0.0,True
1486,2,14844,2650.0,2650.0,0.0,True
1486,2,13275,663.0,663.0,0.0,True
1486,2,118,2660.0,2660.0,0.0,True
1486,2,10891,1996.0,1996.0,0.0,True
1487,7,29,2275.0,2275.0,0.0,True
1487,7,21,1588.0,1588.0,0.0,True
1487,7,22,1518.0,1518.0,0.0,True
1487,7,10872,1295.0,1295.0,0.0,True
1487,7,28,759.0,759.0,0.0,True
1487,7,14038,1409.0,1409.0,0.0,True
1487,7,10874,1205.0,1205.0,0.0,True
1487,7,32,1968.0,1968.0,0.0,True
1487,7,34,2383.0,2383.0,0.0,True
1487,3,77,264.0,264.0,0.0,True
1487,3,79,1715.0,1715.0,0.0,True
1487,3,86,1526.0,1526.0,0.0,True
1487,3,103,2114.0,2114.0,0.0,True
1487,3,99,813.0,813.0,0.0,True
1487,3,10890,1634.0,1634.0,0.0,True
1487,3,106,1961.0,1961.0,0.0,True
1487,3,89,2208.0,2208.0,0.0,True
1487,3,13906,2165.0,2165.0,0.0,True
1503,5,54,1791.0,1791.0,0.0,True
1503,5,10884,91.0,91.0,0.0,True
1503,5,10860,1533.0,1533.0,0.0,True
1503,5,57,2045.0,2045.0,0.0,True
1503,5,58,826.0,1127.0,301.0,False
1503,5,16,2505.0,2088.0,-417.0,False
1503,5,62,1054.0,1054.0,0.0,True
1503,5,60,91.0,91.0,0.0,True
1503,5,3129,1628.0,1628.0,0.0,True
1503,5,10861,1747.0,1747.0,0.0,True
1503,5,12,998.0,998.0,0.0,True
1503,5,64,91.0,91.0,0.0,True
1503,2,4181,2505.0,2505.0,0.0,True
1503,2,110,1072.0,1072.0,0.0,True
1503,2,45,1233.0,1233.0,0.0,True
1503,2,14844,2578.0,2578.0,0.0,True
1503,2,116,1813.0,1813.0,0.0,True
1503,2,118,2141.0,2141.0,0.0,True
1503,2,10891,1212.0,1212.0,0.0,True
1503,2,121,1846.0,1846.0,0.0,True
1488,8,1,2419.0,2419.0,0.0,True
1488,8,10864,1360.0,1360.0,0.0,True
1488,8,3,511.0,511.0,0.0,True
1488,8,4,885.0,885.0,0.0,True
1488,8,5,1820.0,1820.0,0.0,True
1488,8,14437,1409.0,1409.0,0.0,True
1488,8,10865,448.0,448.0,0.0,True
1488,8,14,2159.0,2159.0,0.0,True
1488,8,14845,2562.0,2562.0,0.0,True
1488,8,13,827.0,827.0,0.0,True
1488,4,14982,456.0,456.0,0.0,True
1488,4,10887,1517.0,1517.0,0.0,True
1488,4,75,1374.0,1374.0,0.0,True
1488,4,76,2041.0,2041.0,0.0,True
1488,4,80,92.0,92.0,0.0,True
1488,4,10885,1214.0,1214.0,0.0,True
1488,4,84,92.0,92.0,0.0,True
1488,4,87,1673.0,1673.0,0.0,True
1488,4,10862,2023.0,2023.0,0.0,True
1488,4,14843,2128.0,2128.0,0.0,True
1488,4,88,1790.0,1790.0,0.0,True
1489,5,54,2143.0,2143.0,0.0,True
1489,5,57,1882.0,1882.0,0.0,True
1489,5,58,1848.0,1848.0,0.0,True
1489,5,16,1450.0,1450.0,0.0,True
1489,5,62,1250.0,1250.0,0.0,True
1489,5,68,2307.0,2307.0,0.0,True
1489,5,3129,312.0,312.0,0.0,True
1489,5,10861,2003.0,2003.0,0.0,True
1489,5,12,1205.0,1205.0,0.0,True
1489,3,77,544.0,544.0,0.0,True
1489,3,79,1823.0,1823.0,0.0,True
1489,3,86,1228.0,1228.0,0.0,True
1489,3,91,583.0,583.0,0.0,True
1489,3,103,2328.0,2328.0,0.0,True
1489,3,10890,1930.0,1930.0,0.0,True
1489,3,107,2020.0,2020.0,0.0,True
1489,3,89,2134.0,2134.0,0.0,True
1489,3,13906,1810.0,1810.0,0.0,True
1490,8,1,2661.0,2661.0,0.0,True
1490,8,10864,1358.0,1358.0,0.0,True
1490,8,3,783.0,783.0,0.0,True
1490,8,4,1248.0,1248.0,0.0,True
1490,8,5,2228.0,2228.0,0.0,True
1490,8,10865,1216.0,1216.0,0.0,True
1490,8,14,2026.0,2026.0,0.0,True
1490,8,14845,2880.0,2880.0,0.0,True
1490,6,10877,2628.0,2628.0,0.0,True
1490,6,39,267.0,267.0,0.0,True
1490,6,40,1251.0,1251.0,0.0,True
1490,6,10880,1828.0,1828.0,0.0,True
1490,6,113,502.0,502.0,0.0,True
1490,6,43,1948.0,1948.0,0.0,True
1490,6,10881,2197.0,2197.0,0.0,True
1490,6,8889,1735.0,1735.0,0.0,True
1490,6,44,731.0,731.0,0.0,True
1490,6,10879,1281.0,1281.0,0.0,True
1490,6,48,32.0,32.0,0.0,True
1491,4,14982,530.0,530.0,0.0,True
1491,4,10887,1992.0,1992.0,0.0,True
1491,4,75,1601.0,1601.0,0.0,True
1491,4,76,2132.0,2132.0,0.0,True
1491,4,78,72.0,72.0,0.0,True
1491,4,80,72.0,72.0,0.0,True
1491,4,10885,1673.0,1673.0,0.0,True
1491,4,84,72.0,72.0,0.0,True
1491,4,87,1207.0,1207.0,0.0,True
1491,4,10862,1441.0,1441.0,0.0,True
1491,4,14843,2255.0,2255.0,0.0,True
1491,4,88,1353.0,1353.0,0.0,True
1491,7,29,2115.0,2115.0,0.0,True
1491,7,21,2033.0,2033.0,0.0,True
1491,7,22,1033.0,1033.0,0.0,True
1491,7,10872,1581.0,1581.0,0.0,True
1491,7,28,560.0,560.0,0.0,True
1491,7,14038,2109.0,2109.0,0.0,True
1491,7,10874,1229.0,1229.0,0.0,True
1491,7,32,1545.0,1545.0,0.0,True
1491,7,10873,89.0,89.0,0.0,True
1491,7,34,2106.0,2106.0,0.0,True
1492,4,14982,1307.0,1307.0,0.0,True
1492,4,10887,1242.0,1242.0,0.0,True
1492,4,75,1051.0,1051.0,0.0,True
1492,4,78,1193.0,1193.0,0.0,True
1492,4,80,902.0,902.0,0.0,True
1492,4,10885,1244.0,1244.0,0.0,True
1492,4,82,673.0,673.0,0.0,True
1492,4,84,750.0,750.0,0.0,True
1492,4,87,1327.0,1327.0,0.0,True
1492,4,10862,1357.0,1357.0,0.0,True
1492,4,10886,309.0,309.0,0.0,True
1492,4,14843,1634.0,1634.0,0.0,True
1492,4,88,721.0,721.0,0.0,True
1492,4,90,690.0,690.0,0.0,True
1492,8,10863,1266.0,1266.0,0.0,True
1492,8,2,211.0,211.0,0.0,True
1492,8,10864,898.0,898.0,0.0,True
1492,8,3,1091.0,1091.0,0.0,True
1492,8,4,1078.0,1078.0,0.0,True
1492,8,5,1847.0,1847.0,0.0,True
1492,8,14437,1057.0,1057.0,0.0,True
1492,8,10865,1360.0,1360.0,0.0,True
1492,8,14,1808.0,1808.0,0.0,True
1492,8,9,127.0,127.0,0.0,True
1492,8,14845,2203.0,2203.0,0.0,True
1492,8,11,296.0,296.0,0.0,True
1492,8,13,1158.0,1158.0,0.0,True
1493,7,13029,2347.0,2347.0,0.0,True
1493,7,29,2362.0,2362.0,0.0,True
1493,7,21,1473.0,1473.0,0.0,True
1493,7,22,1351.0,1351.0,0.0,True
1493,7,23,111.0,111.0,0.0,True
1493,7,28,473.0,473.0,0.0,True
1493,7,14038,1328.0,1328.0,0.0,True
1493,7,24,2011.0,2011.0,0.0,True
1493,7,10874,772.0,772.0,0.0,True
1493,7,10873,87.0,87.0,0.0,True
1493,7,34,2085.0,2085.0,0.0,True
1493,5,54,1916.0,1916.0,0.0,True
1493,5,10884,760.0,760.0,0.0,True
1493,5,10860,2056.0,2056.0,0.0,True
1493,5,57,1580.0,1580.0,0.0,True
1493,5,58,1848.0,1848.0,0.0,True
1493,5,16,2389.0,2389.0,0.0,True
1493,5,62,1355.0,1355.0,0.0,True
1493,5,10861,1315.0,1315.0,0.0,True
1493,5,12,1181.0,1181.0,0.0,True
1494,4,14982,944.0,944.0,0.0,True
1494,4,10887,2014.0,2014.0,0.0,True
1494,4,76,1712.0,1712.0,0.0,True
1494,4,78,238.0,238.0,0.0,True
1494,4,10885,1538.0,1538.0,0.0,True
1494,4,82,866.0,866.0,0.0,True
1494,4,87,1527.0,1527.0,0.0,True
1494,4,10862,1196.0,1196.0,0.0,True
1494,4,14843,1684.0,1684.0,0.0,True
1494,4,88,1827.0,1827.0,0.0,True
1494,4,90,854.0,854.0,0.0,True
1494,2,4181,1886.0,1886.0,0.0,True
1494,2,51,1750.0,1750.0,0.0,True
1494,2,110,994.0,994.0,0.0,True
1494,2,45,2004.0,2004.0,0.0,True
1494,2,116,1346.0,1346.0,0.0,True
1494,2,118,2598.0,2598.0,0.0,True
1494,2,119,1027.0,1027.0,0.0,True
1494,2,10891,2124.0,2124.0,0.0,True
1494,2,121,282.0,282.0,0.0,True
1494,2,122,389.0,389.0,0.0,True
1495,7,29,1808.0,1808.0,0.0,True
1495,7,19,98.0,98.0,0.0,True
1495,7,21,1943.0,1943.0,0.0,True
1495,7,22,838.0,838.0,0.0,True
1495,7,10872,1499.0,1499.0,0.0,True
1495,7,28,501.0,501.0,0.0,True
1495,7,14038,1996.0,1996.0,0.0,True
1495,7,24,204.0,204.0,0.0,True
1495,7,10874,1651.0,1651.0,0.0,True
1495,7,32,1608.0,1608.0,0.0,True
1495,7,10873,98.0,98.0,0.0,True
1495,7,34,2156.0,2156.0,0.0,True
1495,6,10877,2040.0,2040.0,0.0,True
1495,6,10883,247.0,247.0,0.0,True
1495,6,39,632.0,632.0,0.0,True
1495,6,40,1870.0,2020.0,150.0,False
1495,6,10880,1684.0,1684.0,0.0,True
1495,6,113,408.0,408.0,0.0,True
1495,6,10878,98.0,98.0,0.0,True
1495,6,43,1618.0,1468.0,-150.0,False
1495,6,10881,2099.0,2099.0,0.0,True
1495,6,8889,1166.0,1166.0,0.0,True
1495,6,44,389.0,389.0,0.0,True
1495,6,10879,1410.0,1410.0,0.0,True
1495,6,47,479.0,479.0,0.0,True
1495,6,48,260.0,260.0,0.0,True
6316,5,54,2350.0,2350.0,0.0,True
6316,5,57,1764.0,1764.0,0.0,True
6316,5,58,2164.0,2164.0,0.0,True
6316,5,16,1962.0,1962.0,0.0,True
6316,5,62,518.0,518.0,0.0,True
6316,5,68,2433.0,2433.0,0.0,True
6316,5,3129,1314.0,1314.0,0.0,True
6316,5,10861,1365.0,1365.0,0.0,True
6316,5,12,530.0,530.0,0.0,True
6316,7,13029,2442.0,2442.0,0.0,True
6316,7,29,2414.0,2414.0,0.0,True
6316,7,21,2015.0,2015.0,0.0,True
6316,7,23,40.0,40.0,0.0,True
6316,7,10872,1759.0,1759.0,0.0,True
6316,7,14038,1729.0,1729.0,0.0,True
6316,7,24,1321.0,1321.0,0.0,True
6316,7,25,49.0,49.0,0.0,True
6316,7,10874,1062.0,1062.0,0.0,True
6316,7,32,1569.0,1569.0,0.0,True
6317,5,54,1926.0,1926.0,0.0,True
6317,5,10884,183.0,183.0,0.0,True
6317,5,10860,1406.0,1406.0,0.0,True
6317,5,57,1312.0,1312.0,0.0,True
6317,5,58,1433.0,1433.0,0.0,True
6317,5,16,2058.0,2058.0,0.0,True
6317,5,62,1216.0,1216.0,0.0,True
6317,5,68,2045.0,2045.0,0.0,True
6317,5,60,161.0,161.0,0.0,True
6317,5,3129,1616.0,1616.0,0.0,True
6317,5,12,954.0,954.0,0.0,True
6317,5,64,90.0,90.0,0.0,True
6317,7,13029,2310.0,2310.0,0.0,True
6317,7,29,1983.0,1983.0,0.0,True
6317,7,19,161.0,161.0,0.0,True
6317,7,21,1618.0,1618.0,0.0,True
6317,7,22,540.0,540.0,0.0,True
6317,7,23,90.0,90.0,0.0,True
6317,7,10872,1918.0,1918.0,0.0,True
6317,7,28,318.0,318.0,0.0,True
6317,7,14038,1376.0,1376.0,0.0,True
6317,7,24,1077.0,1077.0,0.0,True
6317,7,25,257.0,257.0,0.0,True
6317,7,10874,747.0,747.0,0.0,True
6317,7,10873,204.0,204.0,0.0,True
6317,7,34,1801.0,1801.0,0.0,True
6318,7,13029,2554.0,2554.0,0.0,True
6318,7,29,2465.0,2465.0,0.0,True
6318,7,22,1170.0,1170.0,0.0,True
6318,7,23,155.0,155.0,0.0,True
6318,7,10872,1910.0,1910.0,0.0,True
6318,7,28,358.0,358.0,0.0,True
6318,7,24,1069.0,1069.0,0.0,True
6318,7,25,737.0,737.0,0.0,True
6318,7,10874,776.0,776.0,0.0,True
6318,7,32,1677.0,1677.0,0.0,True
6318,7,34,1529.0,1529.0,0.0,True
6318,5,54,2283.0,2283.0,0.0,True
6318,5,10860,1665.0,1665.0,0.0,True
6318,5,57,1522.0,1522.0,0.0,True
6318,5,58,2065.0,2065.0,0.0,True
6318,5,16,1759.0,1759.0,0.0,True
6318,5,62,542.0,542.0,0.0,True
6318,5,68,2336.0,2336.0,0.0,True
6318,5,3129,1626.0,1626.0,0.0,True
6318,5,12,602.0,602.0,0.0,True
6319,7,13029,2497.0,2497.0,0.0,True
6319,7,29,2302.0,2302.0,0.0,True
6319,7,21,575.0,575.0,0.0,True
6319,7,22,1033.0,1033.0,0.0,True
6319,7,10872,1918.0,1918.0,0.0,True
6319,7,28,511.0,511.0,0.0,True
6319,7,24,648.0,648.0,0.0,True
6319,7,25,851.0,851.0,0.0,True
6319,7,10874,775.0,775.0,0.0,True
6319,7,32,1501.0,1501.0,0.0,True
6319,7,10873,27.0,27.0,0.0,True
6319,7,34,1762.0,1762.0,0.0,True
6319,5,54,2374.0,2374.0,0.0,True
6319,5,57,2036.0,2036.0,0.0,True
6319,5,58,2202.0,2202.0,0.0,True
6319,5,16,2371.0,2371.0,0.0,True
6319,5,62,353.0,353.0,0.0,True
6319,5,68,2279.0,2279.0,0.0,True
6319,5,3129,1169.0,1169.0,0.0,True
6319,5,10861,1110.0,1110.0,0.0,True
6319,5,12,506.0,506.0,0.0,True
6033,3,73,220.0,220.0,0.0,True
6033,3,77,581.0,581.0,0.0,True
6033,3,79,1812.0,1812.0,0.0,True
6033,3,86,1400.0,1400.0,0.0,True
6033,3,103,1873.0,1873.0,0.0,True
6033,3,95,13.0,13.0,0.0,True
6033,3,99,972.0,972.0,0.0,True
6033,3,106,1550.0,1550.0,0.0,True
6033,3,107,2132.0,2132.0,0.0,True
6033,3,89,1782.0,1782.0,0.0,True
6033,3,13906,2065.0,2065.0,0.0,True
6033,4,10887,1764.0,1764.0,0.0,True
6033,4,75,1991.0,1991.0,0.0,True
6033,4,76,1934.0,1934.0,0.0,True
6033,4,10885,1425.0,1425.0,0.0,True
6033,4,82,7.0,7.0,0.0,True
6033,4,87,1469.0,1469.0,0.0,True
6033,4,10888,1734.0,1734.0,0.0,True
6033,4,14843,2262.0,2262.0,0.0,True
6033,4,88,1814.0,1814.0,0.0,True
6034,3,73,129.0,129.0,0.0,True
6034,3,77,1620.0,1620.0,0.0,True
6034,3,79,1695.0,1695.0,0.0,True
6034,3,83,232.0,232.0,0.0,True
6034,3,86,832.0,832.0,0.0,True
6034,3,91,129.0,129.0,0.0,True
6034,3,103,1295.0,1295.0,0.0,True
6034,3,95,129.0,129.0,0.0,True
6034,3,99,904.0,904.0,0.0,True
6034,3,10890,2166.0,2166.0,0.0,True
6034,3,107,1477.0,1477.0,0.0,True
6034,3,89,1804.0,1804.0,0.0,True
6034,3,13906,1848.0,1848.0,0.0,True
6034,3,101,140.0,140.0,0.0,True
6034,4,14982,367.0,367.0,0.0,True
6034,4,10887,2416.0,2416.0,0.0,True
6034,4,75,1760.0,1760.0,0.0,True
6034,4,76,1547.0,1547.0,0.0,True
6034,4,78,240.0,240.0,0.0,True
6034,4,10885,1441.0,1441.0,0.0,True
6034,4,82,444.0,444.0,0.0,True
6034,4,84,26.0,26.0,0.0,True
6034,4,87,1094.0,1094.0,0.0,True
6034,4,10888,1385.0,1385.0,0.0,True
6034,4,14843,1793.0,1793.0,0.0,True
6034,4,88,1474.0,1474.0,0.0,True
6034,4,90,413.0,413.0,0.0,True
6035,4,14982,1402.0,1402.0,0.0,True
6035,4,10887,2044.0,2044.0,0.0,True
6035,4,75,1413.0,1413.0,0.0,True
6035,4,76,1306.0,1306.0,0.0,True
6035,4,10885,1125.0,1125.0,0.0,True
6035,4,87,1677.0,1677.0,0.0,True
6035,4,10862,1886.0,1886.0,0.0,True
6035,4,14843,1830.0,1830.0,0.0,True
6035,4,88,1717.0,1717.0,0.0,True
6035,3,77,1623.0,1623.0,0.0,True
6035,3,79,1329.0,1329.0,0.0,True
6035,3,83,364.0,364.0,0.0,True
6035,3,103,1646.0,1646.0,0.0,True
6035,3,95,229.0,229.0,0.0,True
6035,3,99,1162.0,1162.0,0.0,True
6035,3,10890,1080.0,1080.0,0.0,True
6035,3,107,2044.0,2044.0,0.0,True
6035,3,89,2516.0,2516.0,0.0,True
6035,3,13906,2407.0,2407.0,0.0,True
6036,4,14982,197.0,197.0,0.0,True
6036,4,75,1564.0,1564.0,0.0,True
6036,4,76,1272.0,1272.0,0.0,True
6036,4,10885,2278.0,2278.0,0.0,True
6036,4,87,1721.0,1721.0,0.0,True
6036,4,10888,1760.0,1760.0,0.0,True
6036,4,10862,2066.0,2066.0,0.0,True
6036,4,14843,1934.0,1934.0,0.0,True
6036,4,88,1608.0,1608.0,0.0,True
6036,3,73,67.0,67.0,0.0,True
6036,3,77,1361.0,1361.0,0.0,True
6036,3,79,1442.0,1442.0,0.0,True
6036,3,83,422.0,422.0,0.0,True
6036,3,103,1844.0,1844.0,0.0,True
6036,3,95,67.0,67.0,0.0,True
6036,3,99,1046.0,1046.0,0.0,True
6036,3,106,1553.0,1553.0,0.0,True
6036,3,107,1703.0,1703.0,0.0,True
6036,3,89,2458.0,2458.0,0.0,True
6036,3,13906,2437.0,2437.0,0.0,True
8635,3,77,1728.0,1728.0,0.0,True
8635,3,79,1462.0,1462.0,0.0,True
8635,3,86,608.0,608.0,0.0,True
8635,3,103,2076.0,2076.0,0.0,True
8635,3,99,494.0,494.0,0.0,True
8635,3,10890,1522.0,1522.0,0.0,True
8635,3,107,1719.0,1719.0,0.0,True
8635,3,89,2272.0,2272.0,0.0,True
8635,3,13906,2519.0,2519.0,0.0,True
8635,7,13029,2531.0,2531.0,0.0,True
8635,7,29,2513.0,2513.0,0.0,True
8635,7,21,1537.0,1537.0,0.0,True
8635,7,23,35.0,35.0,0.0,True
8635,7,10872,1127.0,1127.0,0.0,True
8635,7,28,523.0,523.0,0.0,True
8635,7,24,1628.0,1628.0,0.0,True
8635,7,25,147.0,147.0,0.0,True
8635,7,10874,1130.0,1130.0,0.0,True
8635,7,32,1119.0,1119.0,0.0,True
8635,7,34,2110.0,2110.0,0.0,True
1496,3,79,1523.0,1523.0,0.0,True
1496,3,83,662.0,662.0,0.0,True
1496,3,86,1343.0,1343.0,0.0,True
1496,3,91,1225.0,1225.0,0.0,True
1496,3,103,1470.0,1470.0,0.0,True
1496,3,99,1357.0,1357.0,0.0,True
1496,3,106,1919.0,1919.0,0.0,True
1496,3,107,1858.0,1858.0,0.0,True
1496,3,89,1146.0,1146.0,0.0,True
1496,3,101,1897.0,1897.0,0.0,True
1496,6,10877,1973.0,1973.0,0.0,True
1496,6,10883,373.0,373.0,0.0,True
1496,6,39,849.0,849.0,0.0,True
1496,6,40,1568.0,1568.0,0.0,True
1496,6,10880,2281.0,2281.0,0.0,True
1496,6,113,308.0,308.0,0.0,True
1496,6,43,1076.0,1076.0,0.0,True
1496,6,10881,2030.0,2030.0,0.0,True
1496,6,10879,746.0,746.0,0.0,True
1496,6,10882,1173.0,1173.0,0.0,True
1496,6,47,1363.0,1363.0,0.0,True
1496,6,48,660.0,660.0,0.0,True
6026,7,13029,2493.0,2493.0,0.0,True
6026,7,29,2285.0,2285.0,0.0,True
6026,7,21,1418.0,1418.0,0.0,True
6026,7,22,52.0,52.0,0.0,True
6026,7,10872,1098.0,1098.0,0.0,True
6026,7,24,2284.0,2284.0,0.0,True
6026,7,10874,1408.0,1408.0,0.0,True
6026,7,32,1411.0,1411.0,0.0,True
6026,7,34,1951.0,1951.0,0.0,True
6026,6,10877,2514.0,2514.0,0.0,True
6026,6,39,349.0,349.0,0.0,True
6026,6,40,2420.0,2420.0,0.0,True
6026,6,10880,2138.0,2138.0,0.0,True
6026,6,113,355.0,355.0,0.0,True
6026,6,43,2103.0,2103.0,0.0,True
6026,6,10881,1709.0,1709.0,0.0,True
6026,6,8889,1887.0,1887.0,0.0,True
6026,6,44,37.0,37.0,0.0,True
6026,6,10879,810.0,810.0,0.0,True
6026,6,47,26.0,26.0,0.0,True
6026,6,48,52.0,52.0,0.0,True
8636,3,77,1450.0,1450.0,0.0,True
8636,3,79,1736.0,1736.0,0.0,True
8636,3,83,134.0,134.0,0.0,True
8636,3,86,814.0,814.0,0.0,True
8636,3,91,86.0,86.0,0.0,True
8636,3,103,1584.0,1584.0,0.0,True
8636,3,95,86.0,86.0,0.0,True
8636,3,99,904.0,904.0,0.0,True
8636,3,106,1713.0,1713.0,0.0,True
8636,3,107,1902.0,1902.0,0.0,True
8636,3,89,1932.0,1932.0,0.0,True
8636,3,13906,1925.0,1925.0,0.0,True
8636,3,101,134.0,134.0,0.0,True
8636,7,13029,2083.0,2083.0,0.0,True
8636,7,29,744.0,744.0,0.0,True
8636,7,19,134.0,134.0,0.0,True
8636,7,21,1484.0,1484.0,0.0,True
8636,7,22,565.0,565.0,0.0,True
8636,7,23,346.0,346.0,0.0,True
8636,7,10872,1754.0,1754.0,0.0,True
8636,7,28,1463.0,1463.0,0.0,True
8636,7,24,1209.0,1209.0,0.0,True
8636,7,25,2.0,2.0,0.0,True
8636,7,10874,1229.0,1229.0,0.0,True
8636,7,32,1174.0,1174.0,0.0,True
8636,7,10873,46.0,46.0,0.0,True
8636,7,34,2167.0,2167.0,0.0,True
1497,2,108,1017.0,1017.0,0.0,True
1497,2,4181,737.0,737.0,0.0,True
1497,2,10892,196.0,196.0,0.0,True
1497,2,109,1602.0,1602.0,0.0,True
1497,2,110,1324.0,1324.0,0.0,True
1497,2,45,646.0,646.0,0.0,True
1497,2,116,1120.0,1120.0,0.0,True
1497,2,118,1963.0,1963.0,0.0,True
1497,2,119,1392.0,1392.0,0.0,True
1497,2,121,1824.0,1824.0,0.0,True
1497,2,123,1151.0,1151.0,0.0,True
1497,2,10894,1428.0,1428.0,0.0,True
1497,4,10887,1260.0,1260.0,0.0,True
1497,4,75,1632.0,1632.0,0.0,True
1497,4,76,1300.0,1300.0,0.0,True
1497,4,78,580.0,580.0,0.0,True
1497,4,82,939.0,939.0,0.0,True
1497,4,84,0.0,,,False
1497,4,10885,864.0,864.0,0.0,True
1497,4,10888,1248.0,1248.0,0.0,True
1497,4,10862,1535.0,1535.0,0.0,True
1497,4,10886,28.0,28.0,0.0,True
1497,4,10866,1667.0,1667.0,0.0,True
1497,4,87,905.0,905.0,0.0,True
1497,4,88,965.0,965.0,0.0,True
1497,4,90,1477.0,1477.0,0.0,True
6027,6,10877,2470.0,2470.0,0.0,True
6027,6,39,17.0,17.0,0.0,True
6027,6,40,2051.0,2051.0,0.0,True
6027,6,10880,1943.0,1943.0,0.0,True
6027,6,113,767.0,767.0,0.0,True
6027,6,43,2091.0,2091.0,0.0,True
6027,6,10881,2357.0,2357.0,0.0,True
6027,6,8889,872.0,872.0,0.0,True
6027,6,44,17.0,17.0,0.0,True
6027,6,10879,1363.0,1363.0,0.0,True
6027,6,47,452.0,452.0,0.0,True
6027,7,13029,2009.0,2009.0,0.0,True
6027,7,29,2555.0,2555.0,0.0,True
6027,7,21,1589.0,1589.0,0.0,True
6027,7,23,252.0,252.0,0.0,True
6027,7,10872,1674.0,1674.0,0.0,True
6027,7,14038,1709.0,1709.0,0.0,True
6027,7,24,1307.0,1307.0,0.0,True
6027,7,10874,1253.0,1253.0,0.0,True
6027,7,32,2042.0,2042.0,0.0,True
6027,7,10873,10.0,10.0,0.0,True
8637,7,13029,2008.0,2008.0,0.0,True
8637,7,29,2046.0,2046.0,0.0,True
8637,7,19,108.0,108.0,0.0,True
8637,7,21,1617.0,1617.0,0.0,True
8637,7,22,667.0,667.0,0.0,True
8637,7,23,108.0,108.0,0.0,True
8637,7,10872,1334.0,1334.0,0.0,True
8637,7,28,551.0,551.0,0.0,True
8637,7,24,1645.0,1645.0,0.0,True
8637,7,25,1.0,1.0,0.0,True
8637,7,10874,671.0,671.0,0.0,True
8637,7,32,1486.0,1486.0,0.0,True
8637,7,10873,108.0,108.0,0.0,True
8637,7,34,2050.0,2050.0,0.0,True
8637,3,73,108.0,108.0,0.0,True
8637,3,77,1595.0,1595.0,0.0,True
8637,3,79,1573.0,1573.0,0.0,True
8637,3,86,1123.0,1123.0,0.0,True
8637,3,103,1334.0,1334.0,0.0,True
8637,3,95,108.0,108.0,0.0,True
8637,3,99,754.0,754.0,0.0,True
8637,3,10890,1922.0,1922.0,0.0,True
8637,3,107,1776.0,1776.0,0.0,True
8637,3,89,2153.0,2153.0,0.0,True
8637,3,13906,1846.0,1846.0,0.0,True
8637,3,101,108.0,108.0,0.0,True
1498,7,29,1774.0,1774.0,0.0,True
1498,7,19,306.0,306.0,0.0,True
1498,7,10875,1210.0,1210.0,0.0,True
1498,7,21,1768.0,1768.0,0.0,True
1498,7,22,638.0,638.0,0.0,True
1498,7,23,390.0,390.0,0.0,True
1498,7,10872,1169.0,1169.0,0.0,True
1498,7,28,124.0,124.0,0.0,True
1498,7,10876,1547.0,1547.0,0.0,True
1498,7,24,586.0,586.0,0.0,True
1498,7,25,386.0,386.0,0.0,True
1498,7,26,245.0,245.0,0.0,True
1498,7,10874,1126.0,1126.0,0.0,True
1498,7,10873,156.0,156.0,0.0,True
1498,7,867,1648.0,1350.0,-298.0,False
1498,7,34,1327.0,1327.0,0.0,True
1498,8,1,2088.0,2088.0,0.0,True
1498,8,10863,367.0,367.0,0.0,True
1498,8,2,862.0,862.0,0.0,True
1498,8,10864,826.0,826.0,0.0,True
1498,8,3,303.0,303.0,0.0,True
1498,8,4,1354.0,1354.0,0.0,True
1498,8,10869,2023.0,2023.0,0.0,True
1498,8,5,1373.0,1373.0,0.0,True
1498,8,10865,425.0,425.0,0.0,True
1498,8,7,671.0,671.0,0.0,True
1498,8,14,339.0,339.0,0.0,True
1498,8,10868,1842.0,1842.0,0.0,True
1498,8,10,1560.0,1560.0,0.0,True
1498,8,13,367.0,367.0,0.0,True
8638,7,13029,2165.0,2165.0,0.0,True
8638,7,29,2519.0,2519.0,0.0,True
8638,7,21,1694.0,1956.0,262.0,False
8638,7,22,233.0,237.0,4.0,False
8638,7,10872,1285.0,1023.0,-262.0,False
8638,7,28,480.0,480.0,0.0,True
8638,7,24,1621.0,1621.0,0.0,True
8638,7,25,93.0,93.0,0.0,True
8638,7,10874,715.0,711.0,-4.0,False
8638,7,32,1395.0,1395.0,0.0,True
8638,7,34,2200.0,2200.0,0.0,True
8638,3,77,1162.0,1162.0,0.0,True
8638,3,79,1963.0,1963.0,0.0,True
8638,3,86,1056.0,1056.0,0.0,True
8638,3,103,1891.0,1891.0,0.0,True
8638,3,99,727.0,727.0,0.0,True
8638,3,106,1883.0,1883.0,0.0,True
8638,3,107,1716.0,1716.0,0.0,True
8638,3,89,1841.0,1841.0,0.0,True
8638,3,13906,2161.0,2161.0,0.0,True
1499,6,10877,2064.0,2064.0,0.0,True
1499,6,35,293.0,293.0,0.0,True
1499,6,10883,158.0,158.0,0.0,True
1499,6,39,1728.0,1728.0,0.0,True
1499,6,40,817.0,817.0,0.0,True
1499,6,10880,1826.0,1826.0,0.0,True
1499,6,113,702.0,702.0,0.0,True
1499,6,10878,104.0,104.0,0.0,True
1499,6,10881,2289.0,2289.0,0.0,True
1499,6,44,1196.0,1196.0,0.0,True
1499,6,10879,732.0,732.0,0.0,True
1499,6,10882,940.0,940.0,0.0,True
1499,6,47,805.0,805.0,0.0,True
1499,6,48,746.0,746.0,0.0,True
1499,5,54,1781.0,1781.0,0.0,True
1499,5,10884,1057.0,1057.0,0.0,True
1499,5,10860,1858.0,1858.0,0.0,True
1499,5,56,1204.0,1204.0,0.0,True
1499,5,57,570.0,570.0,0.0,True
1499,5,58,1174.0,1174.0,0.0,True
1499,5,16,1508.0,1508.0,0.0,True
1499,5,62,661.0,661.0,0.0,True
1499,5,68,1372.0,1372.0,0.0,True
1499,5,3129,566.0,566.0,0.0,True
1499,5,10861,1022.0,1022.0,0.0,True
1499,5,12,1627.0,1627.0,0.0,True
8639,3,73,355.0,355.0,0.0,True
8639,3,77,1423.0,1423.0,0.0,True
8639,3,79,1245.0,1245.0,0.0,True
8639,3,83,289.0,289.0,0.0,True
8639,3,86,1311.0,1311.0,0.0,True
8639,3,91,151.0,151.0,0.0,True
8639,3,103,1393.0,1393.0,0.0,True
8639,3,95,289.0,289.0,0.0,True
8639,3,99,846.0,846.0,0.0,True
8639,3,10890,1882.0,1882.0,0.0,True
8639,3,106,1705.0,1705.0,0.0,True
8639,3,89,1627.0,1627.0,0.0,True
8639,3,13906,1557.0,1557.0,0.0,True
8639,3,101,327.0,327.0,0.0,True
8639,7,29,1987.0,1987.0,0.0,True
8639,7,19,289.0,289.0,0.0,True
8639,7,21,1551.0,1551.0,0.0,True
8639,7,22,849.0,849.0,0.0,True
8639,7,23,355.0,355.0,0.0,True
8639,7,10872,1401.0,1401.0,0.0,True
8639,7,28,1096.0,1096.0,0.0,True
8639,7,14038,2035.0,2035.0,0.0,True
8639,7,24,145.0,145.0,0.0,True
8639,7,25,151.0,151.0,0.0,True
8639,7,10874,1027.0,1027.0,0.0,True
8639,7,32,1270.0,1270.0,0.0,True
8639,7,10873,440.0,440.0,0.0,True
8639,7,34,1804.0,1804.0,0.0,True
1500,4,10887,1957.0,1957.0,0.0,True
1500,4,75,1535.0,1535.0,0.0,True
1500,4,76,1607.0,1607.0,0.0,True
1500,4,78,1197.0,1197.0,0.0,True
1500,4,82,303.0,303.0,0.0,True
1500,4,10885,1091.0,1091.0,0.0,True
1500,4,10888,1233.0,1233.0,0.0,True
1500,4,10862,1582.0,1582.0,0.0,True
1500,4,10866,1018.0,1018.0,0.0,True
1500,4,87,1062.0,1062.0,0.0,True
1500,4,88,761.0,761.0,0.0,True
1500,4,90,1054.0,1054.0,0.0,True
1500,3,79,1940.0,1940.0,0.0,True
1500,3,83,1027.0,1027.0,0.0,True
1500,3,86,1331.0,1331.0,0.0,True
1500,3,91,1387.0,1387.0,0.0,True
1500,3,103,1259.0,1259.0,0.0,True
1500,3,99,1557.0,1557.0,0.0,True
1500,3,106,1846.0,1846.0,0.0,True
1500,3,107,1664.0,1664.0,0.0,True
1500,3,89,1094.0,1094.0,0.0,True
1500,3,101,1295.0,1295.0,0.0,True
8640,7,13029,2310.0,2310.0,0.0,True
8640,7,29,2543.0,2543.0,0.0,True
8640,7,21,1037.0,1037.0,0.0,True
8640,7,22,490.0,490.0,0.0,True
8640,7,10872,1524.0,1524.0,0.0,True
8640,7,28,673.0,673.0,0.0,True
8640,7,24,1407.0,1407.0,0.0,True
8640,7,10874,967.0,967.0,0.0,True
8640,7,32,1403.0,1403.0,0.0,True
8640,7,34,2046.0,2046.0,0.0,True
8640,3,77,593.0,593.0,0.0,True
8640,3,79,1907.0,1907.0,0.0,True
8640,3,86,1593.0,1593.0,0.0,True
8640,3,103,2336.0,2336.0,0.0,True
8640,3,99,631.0,631.0,0.0,True
8640,3,10890,2268.0,2268.0,0.0,True
8640,3,106,2002.0,2002.0,0.0,True
8640,3,89,1580.0,1580.0,0.0,True
8640,3,13906,1490.0,1490.0,0.0,True
1501,8,1,749.0,749.0,0.0,True
1501,8,10863,1398.0,1398.0,0.0,True
1501,8,2,835.0,835.0,0.0,True
1501,8,10864,1067.0,1067.0,0.0,True
1501,8,3,942.0,942.0,0.0,True
1501,8,4,1546.0,1546.0,0.0,True
1501,8,10869,353.0,353.0,0.0,True
1501,8,5,1262.0,1262.0,0.0,True
1501,8,10865,733.0,733.0,0.0,True
1501,8,7,1339.0,1339.0,0.0,True
1501,8,14,1372.0,1372.0,0.0,True
1501,8,10868,174.0,174.0,0.0,True
1501,8,10,1698.0,1698.0,0.0,True
1501,8,13,932.0,932.0,0.0,True
1501,2,108,1131.0,1131.0,0.0,True
1501,2,110,2126.0,2126.0,0.0,True
1501,2,116,1644.0,1644.0,0.0,True
1501,2,118,1832.0,1832.0,0.0,True
1501,2,119,1488.0,1488.0,0.0,True
1501,2,121,2019.0,2019.0,0.0,True
1501,2,122,2170.0,2170.0,0.0,True
1501,2,123,1990.0,1990.0,0.0,True
8641,3,77,1073.0,1073.0,0.0,True
8641,3,79,2149.0,2149.0,0.0,True
8641,3,86,1312.0,1312.0,0.0,True
8641,3,103,1988.0,1988.0,0.0,True
8641,3,99,402.0,402.0,0.0,True
8641,3,10890,1562.0,1562.0,0.0,True
8641,3,106,1964.0,1964.0,0.0,True
8641,3,89,1716.0,1716.0,0.0,True
8641,3,13906,2234.0,2234.0,0.0,True
8641,7,13029,2128.0,2128.0,0.0,True
8641,7,29,2551.0,2551.0,0.0,True
8641,7,21,458.0,458.0,0.0,True
8641,7,22,50.0,50.0,0.0,True
8641,7,10872,2080.0,2080.0,0.0,True
8641,7,28,291.0,291.0,0.0,True
8641,7,24,1827.0,1827.0,0.0,True
8641,7,10874,1381.0,1381.0,0.0,True
8641,7,32,1443.0,1443.0,0.0,True
8641,7,10873,60.0,60.0,0.0,True
8641,7,34,2131.0,2131.0,0.0,True
1502,5,54,2061.0,2061.0,0.0,True
1502,5,10884,646.0,646.0,0.0,True
1502,5,10860,1684.0,1684.0,0.0,True
1502,5,56,1031.0,1031.0,0.0,True
1502,5,57,961.0,961.0,0.0,True
1502,5,58,1810.0,1810.0,0.0,True
1502,5,16,2041.0,2041.0,0.0,True
1502,5,62,392.0,392.0,0.0,True
1502,5,3129,141.0,141.0,0.0,True
1502,5,10861,1793.0,1793.0,0.0,True
1502,5,12,1840.0,1840.0,0.0,True
1502,7,29,2005.0,2005.0,0.0,True
1502,7,19,1083.0,1083.0,0.0,True
1502,7,10875,1631.0,1631.0,0.0,True
1502,7,22,479.0,479.0,0.0,True
1502,7,23,91.0,91.0,0.0,True
1502,7,10872,1885.0,1885.0,0.0,True
1502,7,28,52.0,52.0,0.0,True
1502,7,10876,1418.0,1418.0,0.0,True
1502,7,24,585.0,585.0,0.0,True
1502,7,25,372.0,372.0,0.0,True
1502,7,10874,1210.0,1210.0,0.0,True
1502,7,26,249.0,249.0,0.0,True
1502,7,10873,630.0,337.0,-293.0,False
1502,7,867,1622.0,1622.0,0.0,True
1502,7,34,1088.0,1088.0,0.0,True
