season,game_id,id,gohoops_id,division_id,gohoops_division_id,code,venue,status,is_live,round,game_date,game_day_of_week,game_time,gamed_at,source_json
2025-26,1371,1371,8062,9,358,1,新莊體育館,COMPLETED,False,4,2025-10-11,(六),17:00:00,2025-10-11 17:00:00,"{""id"":1371,""gohoops_id"":8062,""division_id"":9,""gohoops_division_id"":358,""code"":""1"",""home_team"":{""id"":7,""gohoops_id"":945,""gohoops_squad_id"":11932,""gohoops_event_id"":490,""gohoops_season_id"":213,""name"":""新北國王"",""status"":""ACTIVE"",""meta"":{""logo"":""https://assets.tpbl.basketball/logos/kings.webp"",""alt_name"":""kings""},""is_league"":false,""won_score"":110,""lost_score"":100},""away_team"":{""id"":2,""gohoops_id"":940,""gohoops_squad_id"":11937,""gohoops_event_id"":490,""gohoops_season_id"":213,""name"":""高雄全家海神"",""status"":""ACTIVE"",""meta"":{""logo"":""https://assets.tpbl.basketball/logos/aquas.webp"",""alt_name"":""aquas""},""is_league"":false,""won_score"":100,""lost_score"":110},""venue"":""新莊體育館"",""status"":""COMPLETED"",""is_live"":false,""round"":4,""meta"":{""recap"":""https://youtu.be/KJ21V2zMSRw"",""visitors"":""4568"",""live_stream_url"":""https://www.youtube.com/live/yU_q40g5r78?si=Tf2sx1BNJm0vxPPl"",""judgement_report"":""https://drive.google.com/file/d/1wQ373_5QLi92-nDjJiyMmjUFrBmP8hZc/view?usp=drive_link""},""game_date"":""2025-10-11"",""game_day_of_week"":""(六)"",""game_time"":""17:00:00"",""gamed_at"":""2025-10-11 17:00:00""}"
2025-26,1372,1372,8063,9,358,2,新莊體育館,COMPLETED,False,4,2025-10-12,(日),17:00:00,2025-10-12 17:00:00,"{""id"":1372,""gohoops_id"":8063,""division_id"":9,""gohoops_division_id"":358,""code"":""2"",""home_team"":{""id"":7,""gohoops_id"":945,""gohoops_squad_id"":11932,""gohoops_event_id"":490,""gohoops_season_id"":213,""name"":""新北國王"",""status"":""ACTIVE"",""meta"":{""logo"":""https://assets.tpbl.basketball/logos/kings.webp"",""alt_name"":""kings""},""is_league"":false,""won_score"":112,""lost_score"":93},""away_team"":{""id"":3,""gohoops_id"":941,""gohoops_squad_id"":11936,""gohoops_event_id"":490,""gohoops_season_id"":213,""name"":""福爾摩沙夢想家"",""status"":""ACTIVE"",""meta"":{""logo"":""https://assets.tpbl.basketball/logos/dreamers.webp"",""alt_name"":""dreamers""},""is_league"":false,""won_score"":93,""lost_score"":112},""venue"":""新莊體育館"",""status"":""COMPLETED"",""is_live"":false,""round"":4,""meta"":{""recap"":""https://youtu.be/8VHIRUG22U8"",""visitors"":""4047"",""live_stream_url"":""https://www.youtube.com/live/NOx21Zu5mes?si=HETHT7ZEFXFG_xEh"",""judgement_report"":""https://drive.google.com/file/d/1A_T6e1ix6pJVzbDZCboZz5kkMg1Y7MLj/view?usp=drive_link""},""game_date"":""2025-10-12"",""game_day_of_week"":""(日)"",""game_time"":""17:00:00"",""gamed_at"":""2025-10-12 17:00:00""}"
2025-26,1373,1373,8064,9,358,3,臺中洲際迷你蛋,COMPLETED,False,4,2025-10-18,(六),14:30:00,2025-10-18 14:30:00,"{""id"":1373,""gohoops_id"":8064,""division_id"":9,""gohoops_division_id"":358,""code"":""3"",""home_team"":{""id"":3,""gohoops_id"":941,""gohoops_squad_id"":11936,""gohoops_event_id"":490,""gohoops_season_id"":213,""name"":""福爾摩沙夢想家"",""status"":""ACTIVE"",""meta"":{""logo"":""https://assets.tpbl.basketball/logos/dreamers.webp"",""alt_name"":""dreamers""},""is_league"":false,""won_score"":101,""lost_score"":106},""away_team"":{""id"":2,""gohoops_id"":940,""gohoops_squad_id"":11937,""gohoops_event_id"":490,""gohoops_season_id"":213,""name"":""高雄全家海神"",""status"":""ACTIVE"",""meta"":{""logo"":""https://assets.tpbl.basketball/logos/aquas.webp"",""alt_name"":""aquas""},""is_league"":false,""won_score"":106,""lost_score"":101},""venue"":""臺中洲際迷你蛋"",""status"":""COMPLETED"",""is_live"":false,""round"":4,""meta"":{""recap"":""https://youtu.be/indqDqr3P_4"",""visitors"":""2616"",""live_stream_url"":""https://youtube.com/live/n8AEMw098D8?feature=share"",""judgement_report"":""https://drive.google.com/file/d/1GnZT-G0H1D6ZM_ubiSvwj3JwPF4SpENm/view?usp=drive_link""},""game_date"":""2025-10-18"",""game_day_of_week"":""(六)"",""game_time"":""14:30:00"",""gamed_at"":""2025-10-18 14:30:00""}"
2025-26,1374,1374,8065,9,358,4,新莊體育館,COMPLETED,False,4,2025-10-18,(六),17:00:00,2025-10-18 17:00:00,"{""id"":1374,""gohoops_id"":8065,""division_id"":9,""gohoops_division_id"":358,""code"":""4"",""home_team"":{""id"":7,""gohoops_id"":945,""gohoops_squad_id"":11932,""gohoops_event_id"":490,""gohoops_season_id"":213,""name"":""新北國王"",""status"":""ACTIVE"",""meta"":{""logo"":""https://assets.tpbl.basketball/logos/kings.webp"",""alt_name"":""kings""},""is_league"":false,""won_score"":89,""lost_score"":105},""away_team"":{""id"":6,""gohoops_id"":944,""gohoops_squad_id"":11933,""gohoops_event_id"":490,""gohoops_season_id"":213,""name"":""新北中信特攻"",""status"":""ACTIVE"",""meta"":{""logo"":""https://assets.tpbl.basketball/logos/dea.webp"",""alt_name"":""dea""},""is_league"":false,""won_score"":105,""lost_score"":89},""venue"":""新莊體育館"",""status"":""COMPLETED"",""is_live"":false,""round"":4,""meta"":{""recap"":""https://youtu.be/aPrA9q3BMnw"",""visitors"":""4385"",""live_stream_url"":""https://youtube.com/live/ndHsu11NsTc?feature=share"",""judgement_report"":""https://drive.google.com/file/d/1Rgy_qpANPIai5BiTGI-ljDRn-WiFD0t4/view?usp=drive_link""},""game_date"":""2025-10-18"",""game_day_of_week"":""(六)"",""game_time"":""17:00:00"",""gamed_at"":""2025-10-18 17:00:00""}"
2025-26,1375,1375,8066,9,358,5,臺中洲際迷你蛋,COMPLETED,False,4,2025-10-19,(日),14:30:00,2025-10-19 14:30:00,"{""id"":1375,""gohoops_id"":8066,""division_id"":9,""gohoops_division_id"":358,""code"":""5"",""home_team"":{""id"":3,""gohoops_id"":941,""gohoops_squad_id"":11936,""gohoops_event_id"":490,""gohoops_season_id"":213,""name"":""福爾摩沙夢想家"",""status"":""ACTIVE"",""meta"":{""logo"":""https://assets.tpbl.basketball/logos/dreamers.webp"",""alt_name"":""dreamers""},""is_league"":false,""won_score"":83,""lost_score"":104},""away_team"":{""id"":5,""gohoops_id"":943,""gohoops_squad_id"":11934,""gohoops_event_id"":490,""gohoops_season_id"":213,""name"":""桃園台啤永豐雲豹"",""status"":""ACTIVE"",""meta"":{""logo"":""https://assets.tpbl.basketball/logos/leopards.webp"",""alt_name"":""leopards""},""is_league"":false,""won_score"":104,""lost_score"":83},""venue"":""臺中洲際迷你蛋"",""status"":""COMPLETED"",""is_live"":false,""round"":4,""meta"":{""recap"":""https://youtu.be/cSwcJibsrZs"",""visitors"":""2637"",""live_stream_url"":""https://youtube.com/live/gDYPHdPFdT0?feature=share"",""judgement_report"":""https://drive.google.com/file/d/1az6H2GeCZh2d_31DZFm1wQUW0y5hnG2V/view?usp=drive_link""},""game_date"":""2025-10-19"",""game_day_of_week"":""(日)"",""game_time"":""14:30:00"",""gamed_at"":""2025-10-19 14:30:00""}"
2025-26,1376,1376,8067,9,358,6,新莊體育館,COMPLETED,False,5,2025-10-19,(日),17:00:00,2025-10-19 17:00:00,"{""id"":1376,""gohoops_id"":8067,""division_id"":9,""gohoops_division_id"":358,""code"":""6"",""home_team"":{""id"":7,""gohoops_id"":945,""gohoops_squad_id"":11932,""gohoops_event_id"":490,""gohoops_season_id"":213,""name"":""新北國王"",""status"":""ACTIVE"",""meta"":{""logo"":""https://assets.tpbl.basketball/logos/kings.webp"",""alt_name"":""kings""},""is_league"":false,""won_score"":120,""lost_score"":123},""away_team"":{""id"":8,""gohoops_id"":946,""gohoops_squad_id"":11931,""gohoops_event_id"":490,""gohoops_season_id"":213,""name"":""臺北台新戰神"",""status"":""ACTIVE"",""meta"":{""logo"":""https://assets.tpbl.basketball/logos/mars.webp"",""alt_name"":""mars""},""is_league"":false,""won_score"":123,""lost_score"":120},""venue"":""新莊體育館"",""status"":""COMPLETED"",""is_live"":false,""round"":5,""meta"":{""recap"":""https://youtu.be/PuwEa960Lu8"",""visitors"":""3650"",""live_stream_url"":""https://www.youtube.com/live/Uqw0aXM7xkg?si=vr8gU-m41vekgvvO"",""judgement_report"":""https://drive.google.com/file/d/1BohJ252Sw3KJbn9_oFin2FtiRoCJpWrj/view?usp=sharing""},""game_date"":""2025-10-19"",""game_day_of_week"":""(日)"",""game_time"":""17:00:00"",""gamed_at"":""2025-10-19 17:00:00""}"
2025-26,1377,1377,8068,9,358,7,高雄巨蛋,COMPLETED,False,4,2025-10-25,(六),14:30:00,2025-10-25 14:30:00,"{""id"":1377,""gohoops_id"":8068,""division_id"":9,""gohoops_division_id"":358,""code"":""7"",""home_team"":{""id"":2,""gohoops_id"":940,""gohoops_squad_id"":11937,""gohoops_event_id"":490,""gohoops_season_id"":213,""name"":""高雄全家海神"",""status"":""ACTIVE"",""meta"":{""logo"":""https://assets.tpbl.basketball/logos/aquas.webp"",""alt_name"":""aquas""},""is_league"":false,""won_score"":91,""lost_score"":79},""away_team"":{""id"":7,""gohoops_id"":945,""gohoops_squad_id"":11932,""gohoops_event_id"":490,""gohoops_season_id"":213,""name"":""新北國王"",""status"":""ACTIVE"",""meta"":{""logo"":""https://assets.tpbl.basketball/logos/kings.webp"",""alt_name"":""kings""},""is_league"":false,""won_score"":79,""lost_score"":91},""venue"":""高雄巨蛋"",""status"":""COMPLETED"",""is_live"":false,""round"":4,""meta"":{""recap"":""https://youtu.be/bF8ObqDqCmk"",""visitors"":""7138"",""live_stream_url"":""https://www.youtube.com/live/8MEGxzzyhew?si=QCdStGhc61PTKHbK"",""judgement_report"":""https://drive.google.com/file/d/1umMhYNoZ2SMBv53gXeOpVWfq477W8KR0/view?usp=sharing""},""game_date"":""2025-10-25"",""game_day_of_week"":""(六)"",""game_time"":""14:30:00"",""gamed_at"":""2025-10-25 14:30:00""}"
2025-26,1378,1378,8069,9,358,8,新莊體育館,COMPLETED,False,4,2025-10-25,(六),17:00:00,2025-10-25 17:00:00,"{""id"":1378,""gohoops_id"":8069,""division_id"":9,""gohoops_division_id"":358,""code"":""8"",""home_team"":{""id"":6,""gohoops_id"":944,""gohoops_squad_id"":11933,""gohoops_event_id"":490,""gohoops_season_id"":213,""name"":""新北中信特攻"",""status"":""ACTIVE"",""meta"":{""logo"":""https://assets.tpbl.basketball/logos/dea.webp"",""alt_name"":""dea""},""is_league"":false,""won_score"":91,""lost_score"":78},""away_team"":{""id"":8,""gohoops_id"":946,""gohoops_squad_id"":11931,""gohoops_event_id"":490,""gohoops_season_id"":213,""name"":""臺北台新戰神"",""status"":""ACTIVE"",""meta"":{""logo"":""https://assets.tpbl.basketball/logos/mars.webp"",""alt_name"":""mars""},""is_league"":false,""won_score"":78,""lost_score"":91},""venue"":""新莊體育館"",""status"":""COMPLETED"",""is_live"":false,""round"":4,""meta"":{""recap"":""https://youtu.be/0-pCPBAwDZ0?si=WaX9-11EAqwXF0iM"",""visitors"":""5851"",""live_stream_url"":""https://youtube.com/live/0fqd9LYSih0"",""judgement_report"":""https://drive.google.com/file/d/1izoZ57xY4xk4WH1QnPGtB0wccW0E4DyY/view?usp=drive_link""},""game_date"":""2025-10-25"",""game_day_of_week"":""(六)"",""game_time"":""17:00:00"",""gamed_at"":""2025-10-25 17:00:00""}"
2025-26,1379,1379,8070,9,358,9,高雄巨蛋,COMPLETED,False,4,2025-10-26,(日),14:30:00,2025-10-26 14:30:00,"{""id"":1379,""gohoops_id"":8070,""division_id"":9,""gohoops_division_id"":358,""code"":""9"",""home_team"":{""id"":2,""gohoops_id"":940,""gohoops_squad_id"":11937,""gohoops_event_id"":490,""gohoops_season_id"":213,""name"":""高雄全家海神"",""status"":""ACTIVE"",""meta"":{""logo"":""https://assets.tpbl.basketball/logos/aquas.webp"",""alt_name"":""aquas""},""is_league"":false,""won_score"":82,""lost_score"":101},""away_team"":{""id"":4,""gohoops_id"":942,""gohoops_squad_id"":11935,""gohoops_event_id"":490,""gohoops_season_id"":213,""name"":""新竹御嵿攻城獅"",""status"":""ACTIVE"",""meta"":{""logo"":""https://assets.tpbl.basketball/logos/lioneers.webp"",""alt_name"":""lioneers""},""is_league"":false,""won_score"":101,""lost_score"":82},""venue"":""高雄巨蛋"",""status"":""COMPLETED"",""is_live"":false,""round"":4,""meta"":{""recap"":""https://youtu.be/CrwslR5YjoM"",""visitors"":""4531"",""live_stream_url"":""https://youtube.com/live/Nr7iN_Yh5W4"",""judgement_report"":""https://drive.google.com/file/d/1_8nlZkne_FlVaL9JSbOqfkouFQaPrKKy/view?usp=drive_link""},""game_date"":""2025-10-26"",""game_day_of_week"":""(日)"",""game_time"":""14:30:00"",""gamed_at"":""2025-10-26 14:30:00""}"
2025-26,1380,1380,8071,9,358,10,新莊體育館,COMPLETED,False,4,2025-10-26,(日),17:00:00,2025-10-26 17:00:00,"{""id"":1380,""gohoops_id"":8071,""division_id"":9,""gohoops_division_id"":358,""code"":""10"",""home_team"":{""id"":6,""gohoops_id"":944,""gohoops_squad_id"":11933,""gohoops_event_id"":490,""gohoops_season_id"":213,""name"":""新北中信特攻"",""status"":""ACTIVE"",""meta"":{""logo"":""https://assets.tpbl.basketball/logos/dea.webp"",""alt_name"":""dea""},""is_league"":false,""won_score"":80,""lost_score"":104},""away_team"":{""id"":5,""gohoops_id"":943,""gohoops_squad_id"":11934,""gohoops_event_id"":490,""gohoops_season_id"":213,""name"":""桃園台啤永豐雲豹"",""status"":""ACTIVE"",""meta"":{""logo"":""https://assets.tpbl.basketball/logos/leopards.webp"",""alt_name"":""leopards""},""is_league"":false,""won_score"":104,""lost_score"":80},""venue"":""新莊體育館"",""status"":""COMPLETED"",""is_live"":false,""round"":4,""meta"":{""recap"":""https://youtu.be/sBRMlNETM2c?si=o4zuLDcZndAhdEix"",""visitors"":""5050"",""live_stream_url"":""https://youtube.com/live/pR2HBk-ilCA"",""judgement_report"":""https://drive.google.com/file/d/1E6Gt5cWHYPxMo8YD_Ua2wQj-IEUm2gqz/view?usp=drive_link""},""game_date"":""2025-10-26"",""game_day_of_week"":""(日)"",""game_time"":""17:00:00"",""gamed_at"":""2025-10-26 17:00:00""}"
2025-26,1381,1381,8072,9,358,11,高雄巨蛋,COMPLETED,False,4,2025-10-29,(三),19:00:00,2025-10-29 19:00:00,"{""id"":1381,""gohoops_id"":8072,""division_id"":9,""gohoops_division_id"":358,""code"":""11"",""home_team"":{""id"":2,""gohoops_id"":940,""gohoops_squad_id"":11937,""gohoops_event_id"":490,""gohoops_season_id"":213,""name"":""高雄全家海神"",""status"":""ACTIVE"",""meta"":{""logo"":""https://assets.tpbl.basketball/logos/aquas.webp"",""alt_name"":""aquas""},""is_league"":false,""won_score"":86,""lost_score"":99},""away_team"":{""id"":3,""gohoops_id"":941,""gohoops_squad_id"":11936,""gohoops_event_id"":490,""gohoops_season_id"":213,""name"":""福爾摩沙夢想家"",""status"":""ACTIVE"",""meta"":{""logo"":""https://assets.tpbl.basketball/logos/dreamers.webp"",""alt_name"":""dreamers""},""is_league"":false,""won_score"":99,""lost_score"":86},""venue"":""高雄巨蛋"",""status"":""COMPLETED"",""is_live"":false,""round"":4,""meta"":{""recap"":""https://youtu.be/9sV-fisIPyQ?si=ThWthCyFdAK65Zs_"",""visitors"":""2861"",""live_stream_url"":""https://www.youtube.com/live/xpjinuXti4w?si=XuUVjVXPhHR_1lft"",""judgement_report"":""https://drive.google.com/file/d/1VLXdOYsLmUOa4CID-SIP4qIBZrnSrvhS/view?usp=drive_link""},""game_date"":""2025-10-29"",""game_day_of_week"":""(三)"",""game_time"":""19:00:00"",""gamed_at"":""2025-10-29 19:00:00""}"
2025-26,1382,1382,8073,9,358,12,高雄巨蛋,COMPLETED,False,4,2025-11-01,(六),14:30:00,2025-11-01 14:30:00,"{""id"":1382,""gohoops_id"":8073,""division_id"":9,""gohoops_division_id"":358,""code"":""12"",""home_team"":{""id"":2,""gohoops_id"":940,""gohoops_squad_id"":11937,""gohoops_event_id"":490,""gohoops_season_id"":213,""name"":""高雄全家海神"",""status"":""ACTIVE"",""meta"":{""logo"":""https://assets.tpbl.basketball/logos/aquas.webp"",""alt_name"":""aquas""},""is_league"":false,""won_score"":105,""lost_score"":110},""away_team"":{""id"":8,""gohoops_id"":946,""gohoops_squad_id"":11931,""gohoops_event_id"":490,""gohoops_season_id"":213,""name"":""臺北台新戰神"",""status"":""ACTIVE"",""meta"":{""logo"":""https://assets.tpbl.basketball/logos/mars.webp"",""alt_name"":""mars""},""is_league"":false,""won_score"":110,""lost_score"":105},""venue"":""高雄巨蛋"",""status"":""COMPLETED"",""is_live"":false,""round"":4,""meta"":{""recap"":""https://youtu.be/w5GrawNwyrM"",""visitors"":""3657"",""live_stream_url"":""https://youtube.com/live/KZmr42gtats"",""judgement_report"":""https://drive.google.com/file/d/16i6XTPCmqH50qWBXq7jNOxNjRwtwnQN7/view?usp=drive_link""},""game_date"":""2025-11-01"",""game_day_of_week"":""(六)"",""game_time"":""14:30:00"",""gamed_at"":""2025-11-01 14:30:00""}"
2025-26,1383,1383,8074,9,358,13,新莊體育館,COMPLETED,False,4,2025-11-01,(六),17:00:00,2025-11-01 17:00:00,"{""id"":1383,""gohoops_id"":8074,""division_id"":9,""gohoops_division_id"":358,""code"":""13"",""home_team"":{""id"":6,""gohoops_id"":944,""gohoops_squad_id"":11933,""gohoops_event_id"":490,""gohoops_season_id"":213,""name"":""新北中信特攻"",""status"":""ACTIVE"",""meta"":{""logo"":""https://assets.tpbl.basketball/logos/dea.webp"",""alt_name"":""dea""},""is_league"":false,""won_score"":99,""lost_score"":91},""away_team"":{""id"":3,""gohoops_id"":941,""gohoops_squad_id"":11936,""gohoops_event_id"":490,""gohoops_season_id"":213,""name"":""福爾摩沙夢想家"",""status"":""ACTIVE"",""meta"":{""logo"":""https://assets.tpbl.basketball/logos/dreamers.webp"",""alt_name"":""dreamers""},""is_league"":false,""won_score"":91,""lost_score"":99},""venue"":""新莊體育館"",""status"":""COMPLETED"",""is_live"":false,""round"":4,""meta"":{""recap"":""https://youtu.be/ubP4Kbqeo54?si=923Jore462ikyrVC"",""visitors"":""4034"",""live_stream_url"":""https://youtube.com/live/Oq6g2oEpXno"",""judgement_report"":""https://drive.google.com/file/d/1Kyo9YWewaAZ3UN9icJK5uO4yLKo3bU-t/view?usp=drive_link""},""game_date"":""2025-11-01"",""game_day_of_week"":""(六)"",""game_time"":""17:00:00"",""gamed_at"":""2025-11-01 17:00:00""}"
2025-26,1384,1384,8075,9,358,14,高雄巨蛋,COMPLETED,False,4,2025-11-02,(日),14:30:00,2025-11-02 14:30:00,"{""id"":1384,""gohoops_id"":8075,""division_id"":9,""gohoops_division_id"":358,""code"":""14"",""home_team"":{""id"":2,""gohoops_id"":940,""gohoops_squad_id"":11937,""gohoops_event_id"":490,""gohoops_season_id"":213,""name"":""高雄全家海神"",""status"":""ACTIVE"",""meta"":{""logo"":""https://assets.tpbl.basketball/logos/aquas.webp"",""alt_name"":""aquas""},""is_league"":false,""won_score"":78,""lost_score"":100},""away_team"":{""id"":5,""gohoops_id"":943,""gohoops_squad_id"":11934,""gohoops_event_id"":490,""gohoops_season_id"":213,""name"":""桃園台啤永豐雲豹"",""status"":""ACTIVE"",""meta"":{""logo"":""https://assets.tpbl.basketball/logos/leopards.webp"",""alt_name"":""leopards""},""is_league"":false,""won_score"":100,""lost_score"":78},""venue"":""高雄巨蛋"",""status"":""COMPLETED"",""is_live"":false,""round"":4,""meta"":{""recap"":""https://youtu.be/fmmCUt9tzU0"",""visitors"":""3544"",""live_stream_url"":""https://youtube.com/live/zdDbAqALIZc"",""judgement_report"":""https://drive.google.com/file/d/1U5EVv6RNpz7M4wZ865B5RrIGaAByQZ3W/view?usp=drive_link""},""game_date"":""2025-11-02"",""game_day_of_week"":""(日)"",""game_time"":""14:30:00"",""gamed_at"":""2025-11-02 14:30:00""}"
2025-26,1385,1385,8076,9,358,15,新莊體育館,COMPLETED,False,4,2025-11-02,(日),17:00:00,2025-11-02 17:00:00,"{""id"":1385,""gohoops_id"":8076,""division_id"":9,""gohoops_division_id"":358,""code"":""15"",""home_team"":{""id"":6,""gohoops_id"":944,""gohoops_squad_id"":11933,""gohoops_event_id"":490,""gohoops_season_id"":213,""name"":""新北中信特攻"",""status"":""ACTIVE"",""meta"":{""logo"":""https://assets.tpbl.basketball/logos/dea.webp"",""alt_name"":""dea""},""is_league"":false,""won_score"":94,""lost_score"":91},""away_team"":{""id"":4,""gohoops_id"":942,""gohoops_squad_id"":11935,""gohoops_event_id"":490,""gohoops_season_id"":213,""name"":""新竹御嵿攻城獅"",""status"":""ACTIVE"",""meta"":{""logo"":""https://assets.tpbl.basketball/logos/lioneers.webp"",""alt_name"":""lioneers""},""is_league"":false,""won_score"":91,""lost_score"":94},""venue"":""新莊體育館"",""status"":""COMPLETED"",""is_live"":false,""round"":4,""meta"":{""recap"":""https://youtu.be/3IMGYlAVz2s?si=g549YduJqjdve7g5"",""visitors"":""4108"",""live_stream_url"":""https://youtube.com/live/7bTDl9br1rM"",""judgement_report"":""https://drive.google.com/file/d/1-xlk0dfYR4xGD8jzEWrC8DtSPOsz5-XZ/view?usp=drive_link""},""game_date"":""2025-11-02"",""game_day_of_week"":""(日)"",""game_time"":""17:00:00"",""gamed_at"":""2025-11-02 17:00:00""}"
2025-26,1386,1386,8077,9,358,16,臺中洲際迷你蛋,COMPLETED,False,4,2025-11-05,(三),19:00:00,2025-11-05 19:00:00,"{""id"":1386,""gohoops_id"":8077,""division_id"":9,""gohoops_division_id"":358,""code"":""16"",""home_team"":{""id"":3,""gohoops_id"":941,""gohoops_squad_id"":11936,""gohoops_event_id"":490,""gohoops_season_id"":213,""name"":""福爾摩沙夢想家"",""status"":""ACTIVE"",""meta"":{""logo"":""https://assets.tpbl.basketball/logos/dreamers.webp"",""alt_name"":""dreamers""},""is_league"":false,""won_score"":82,""lost_score"":81},""away_team"":{""id"":4,""gohoops_id"":942,""gohoops_squad_id"":11935,""gohoops_event_id"":490,""gohoops_season_id"":213,""name"":""新竹御嵿攻城獅"",""status"":""ACTIVE"",""meta"":{""logo"":""https://assets.tpbl.basketball/logos/lioneers.webp"",""alt_name"":""lioneers""},""is_league"":false,""won_score"":81,""lost_score"":82},""venue"":""臺中洲際迷你蛋"",""status"":""COMPLETED"",""is_live"":false,""round"":4,""meta"":{""recap"":""https://youtu.be/WyEIz7Y9fCQ"",""visitors"":""2109"",""live_stream_url"":""https://youtube.com/live/wYfMusf0XnQ?feature=share"",""judgement_report"":""https://drive.google.com/file/d/1IZ3y1uFo4hbhMigmBzNeQ_DniK-wkRIs/view?usp=drive_link""},""game_date"":""2025-11-05"",""game_day_of_week"":""(三)"",""game_time"":""19:00:00"",""gamed_at"":""2025-11-05 19:00:00""}"
2025-26,1387,1387,8078,9,358,17,臺中洲際迷你蛋,COMPLETED,False,4,2025-11-07,(五),19:00:00,2025-11-07 19:00:00,"{""id"":1387,""gohoops_id"":8078,""division_id"":9,""gohoops_division_id"":358,""code"":""17"",""home_team"":{""id"":3,""gohoops_id"":941,""gohoops_squad_id"":11936,""gohoops_event_id"":490,""gohoops_season_id"":213,""name"":""福爾摩沙夢想家"",""status"":""ACTIVE"",""meta"":{""logo"":""https://assets.tpbl.basketball/logos/dreamers.webp"",""alt_name"":""dreamers""},""is_league"":false,""won_score"":92,""lost_score"":87},""away_team"":{""id"":6,""gohoops_id"":944,""gohoops_squad_id"":11933,""gohoops_event_id"":490,""gohoops_season_id"":213,""name"":""新北中信特攻"",""status"":""ACTIVE"",""meta"":{""logo"":""https://assets.tpbl.basketball/logos/dea.webp"",""alt_name"":""dea""},""is_league"":false,""won_score"":87,""lost_score"":92},""venue"":""臺中洲際迷你蛋"",""status"":""COMPLETED"",""is_live"":false,""round"":4,""meta"":{""recap"":""https://youtu.be/AofQZ-miiRA"",""visitors"":""2280"",""live_stream_url"":""https://youtu.be/znT5NQFxK14"",""judgement_report"":""https://drive.google.com/file/d/1GkxJxzXfS4VOO0Zkfk3HmJF1HfNpK4OM/view?usp=drive_link""},""game_date"":""2025-11-07"",""game_day_of_week"":""(五)"",""game_time"":""19:00:00"",""gamed_at"":""2025-11-07 19:00:00""}"
2025-26,1388,1388,8079,9,358,18,新莊體育館,COMPLETED,False,4,2025-11-08,(六),14:30:00,2025-11-08 14:30:00,"{""id"":1388,""gohoops_id"":8079,""division_id"":9,""gohoops_division_id"":358,""code"":""18"",""home_team"":{""id"":7,""gohoops_id"":945,""gohoops_squad_id"":11932,""gohoops_event_id"":490,""gohoops_season_id"":213,""name"":""新北國王"",""status"":""ACTIVE"",""meta"":{""logo"":""https://assets.tpbl.basketball/logos/kings.webp"",""alt_name"":""kings""},""is_league"":false,""won_score"":89,""lost_score"":108},""away_team"":{""id"":4,""gohoops_id"":942,""gohoops_squad_id"":11935,""gohoops_event_id"":490,""gohoops_season_id"":213,""name"":""新竹御嵿攻城獅"",""status"":""ACTIVE"",""meta"":{""logo"":""https://assets.tpbl.basketball/logos/lioneers.webp"",""alt_name"":""lioneers""},""is_league"":false,""won_score"":108,""lost_score"":89},""venue"":""新莊體育館"",""status"":""COMPLETED"",""is_live"":false,""round"":4,""meta"":{""recap"":""https://youtu.be/nWaJELp759Y?si=_oLVYOGN4DLQBGc9"",""visitors"":""3678"",""live_stream_url"":""https://www.youtube.com/live/g7txxwJ5PzA?si=A6tZDUooGuObnKfj"",""judgement_report"":""https://drive.google.com/file/d/1L1R0M6ETszaP5aWGl5SYGKkPqicNBOyM/view?usp=drive_link""},""game_date"":""2025-11-08"",""game_day_of_week"":""(六)"",""game_time"":""14:30:00"",""gamed_at"":""2025-11-08 14:30:00""}"
2025-26,1389,1389,8080,9,358,19,桃園巨蛋,COMPLETED,False,4,2025-11-08,(六),17:00:00,2025-11-08 17:00:00,"{""id"":1389,""gohoops_id"":8080,""division_id"":9,""gohoops_division_id"":358,""code"":""19"",""home_team"":{""id"":5,""gohoops_id"":943,""gohoops_squad_id"":11934,""gohoops_event_id"":490,""gohoops_season_id"":213,""name"":""桃園台啤永豐雲豹"",""status"":""ACTIVE"",""meta"":{""logo"":""https://assets.tpbl.basketball/logos/leopards.webp"",""alt_name"":""leopards""},""is_league"":false,""won_score"":122,""lost_score"":102},""away_team"":{""id"":8,""gohoops_id"":946,""gohoops_squad_id"":11931,""gohoops_event_id"":490,""gohoops_season_id"":213,""name"":""臺北台新戰神"",""status"":""ACTIVE"",""meta"":{""logo"":""https://assets.tpbl.basketball/logos/mars.webp"",""alt_name"":""mars""},""is_league"":false,""won_score"":102,""lost_score"":122},""venue"":""桃園巨蛋"",""status"":""COMPLETED"",""is_live"":false,""round"":4,""meta"":{""recap"":""https://youtu.be/GY-LwiH6L04"",""visitors"":""6023"",""live_stream_url"":""https://youtube.com/live/SQwRRtN5pyI?feature=share"",""judgement_report"":""https://drive.google.com/file/d/16K_dMl8t8r5z-HSRgkAuJpE1YPxn_Feb/view?usp=drive_link""},""game_date"":""2025-11-08"",""game_day_of_week"":""(六)"",""game_time"":""17:00:00"",""gamed_at"":""2025-11-08 17:00:00""}"
2025-26,1390,1390,8081,9,358,20,新莊體育館,COMPLETED,False,4,2025-11-09,(日),14:30:00,2025-11-09 14:30:00,"{""id"":1390,""gohoops_id"":8081,""division_id"":9,""gohoops_division_id"":358,""code"":""20"",""home_team"":{""id"":7,""gohoops_id"":945,""gohoops_squad_id"":11932,""gohoops_event_id"":490,""gohoops_season_id"":213,""name"":""新北國王"",""status"":""ACTIVE"",""meta"":{""logo"":""https://assets.tpbl.basketball/logos/kings.webp"",""alt_name"":""kings""},""is_league"":false,""won_score"":111,""lost_score"":94},""away_team"":{""id"":2,""gohoops_id"":940,""gohoops_squad_id"":11937,""gohoops_event_id"":490,""gohoops_season_id"":213,""name"":""高雄全家海神"",""status"":""ACTIVE"",""meta"":{""logo"":""https://assets.tpbl.basketball/logos/aquas.webp"",""alt_name"":""aquas""},""is_league"":false,""won_score"":94,""lost_score"":111},""venue"":""新莊體育館"",""status"":""COMPLETED"",""is_live"":false,""round"":4,""meta"":{""recap"":""https://youtu.be/GrI5J80W0Qg?si=0FgfNFbfPtov38No"",""visitors"":""4085"",""live_stream_url"":""https://youtube.com/live/c33xtmeLXWs?feature=share"",""judgement_report"":""https://drive.google.com/file/d/1qFjKjRzvwGViGORq1vrVArr-5A_CvonI/view?usp=drive_link""},""game_date"":""2025-11-09"",""game_day_of_week"":""(日)"",""game_time"":""14:30:00"",""gamed_at"":""2025-11-09 14:30:00""}"
2025-26,1391,1391,8082,9,358,21,桃園巨蛋,COMPLETED,False,4,2025-11-09,(日),17:00:00,2025-11-09 17:00:00,"{""id"":1391,""gohoops_id"":8082,""division_id"":9,""gohoops_division_id"":358,""code"":""21"",""home_team"":{""id"":5,""gohoops_id"":943,""gohoops_squad_id"":11934,""gohoops_event_id"":490,""gohoops_season_id"":213,""name"":""桃園台啤永豐雲豹"",""status"":""ACTIVE"",""meta"":{""logo"":""https://assets.tpbl.basketball/logos/leopards.webp"",""alt_name"":""leopards""},""is_league"":false,""won_score"":85,""lost_score"":78},""away_team"":{""id"":6,""gohoops_id"":944,""gohoops_squad_id"":11933,""gohoops_event_id"":490,""gohoops_season_id"":213,""name"":""新北中信特攻"",""status"":""ACTIVE"",""meta"":{""logo"":""https://assets.tpbl.basketball/logos/dea.webp"",""alt_name"":""dea""},""is_league"":false,""won_score"":78,""lost_score"":85},""venue"":""桃園巨蛋"",""status"":""COMPLETED"",""is_live"":false,""round"":4,""meta"":{""recap"":""https://youtu.be/6CZHEvXH6Vs"",""visitors"":""4748"",""live_stream_url"":""https://youtube.com/live/fSuxpe73lpA?feature=share"",""judgement_report"":""https://drive.google.com/file/d/1AH8-O3ctu178kjGOeagHlCJOjFcTdKvo/view?usp=drive_link""},""game_date"":""2025-11-09"",""game_day_of_week"":""(日)"",""game_time"":""17:00:00"",""gamed_at"":""2025-11-09 17:00:00""}"
2025-26,1392,1392,8083,9,358,22,新莊體育館,COMPLETED,False,4,2025-11-12,(三),19:00:00,2025-11-12 19:00:00,"{""id"":1392,""gohoops_id"":8083,""division_id"":9,""gohoops_division_id"":358,""code"":""22"",""home_team"":{""id"":7,""gohoops_id"":945,""gohoops_squad_id"":11932,""gohoops_event_id"":490,""gohoops_season_id"":213,""name"":""新北國王"",""status"":""ACTIVE"",""meta"":{""logo"":""https://assets.tpbl.basketball/logos/kings.webp"",""alt_name"":""kings""},""is_league"":false,""won_score"":94,""lost_score"":91},""away_team"":{""id"":3,""gohoops_id"":941,""gohoops_squad_id"":11936,""gohoops_event_id"":490,""gohoops_season_id"":213,""name"":""福爾摩沙夢想家"",""status"":""ACTIVE"",""meta"":{""logo"":""https://assets.tpbl.basketball/logos/dreamers.webp"",""alt_name"":""dreamers""},""is_league"":false,""won_score"":91,""lost_score"":94},""venue"":""新莊體育館"",""status"":""COMPLETED"",""is_live"":false,""round"":4,""meta"":{""recap"":""https://www.youtube.com/watch?v=ish64fIXsh8&lc=UgwzOe_W4kXtdRgwHLB4AaABAg"",""visitors"":""3334"",""live_stream_url"":""https://www.youtube.com/watch?v=LB-aCQCpIs8"",""judgement_report"":""https://drive.google.com/file/d/1-FU9MeM1oQdGsV_ajlLpP6tTt7L9GRB6/view?usp=drive_link""},""game_date"":""2025-11-12"",""game_day_of_week"":""(三)"",""game_time"":""19:00:00"",""gamed_at"":""2025-11-12 19:00:00""}"
2025-26,1393,1393,8084,9,358,23,新竹縣體育館,COMPLETED,False,4,2025-11-15,(六),14:30:00,2025-11-15 14:30:00,"{""id"":1393,""gohoops_id"":8084,""division_id"":9,""gohoops_division_id"":358,""code"":""23"",""home_team"":{""id"":4,""gohoops_id"":942,""gohoops_squad_id"":11935,""gohoops_event_id"":490,""gohoops_season_id"":213,""name"":""新竹御嵿攻城獅"",""status"":""ACTIVE"",""meta"":{""logo"":""https://assets.tpbl.basketball/logos/lioneers.webp"",""alt_name"":""lioneers""},""is_league"":false,""won_score"":102,""lost_score"":85},""away_team"":{""id"":6,""gohoops_id"":944,""gohoops_squad_id"":11933,""gohoops_event_id"":490,""gohoops_season_id"":213,""name"":""新北中信特攻"",""status"":""ACTIVE"",""meta"":{""logo"":""https://assets.tpbl.basketball/logos/dea.webp"",""alt_name"":""dea""},""is_league"":false,""won_score"":85,""lost_score"":102},""venue"":""新竹縣體育館"",""status"":""COMPLETED"",""is_live"":false,""round"":4,""meta"":{""recap"":""https://youtu.be/sngNMog7S7k?si=KkFCRnAU78GRwbAk"",""visitors"":""5532"",""live_stream_url"":""https://www.youtube.com/live/5aytVVlnWY8?si=YqTzptVtVvsgh03f"",""judgement_report"":""https://drive.google.com/file/d/1bNN5TDnpMLRAvLWuJDUfSBuUH0Th9AoX/view?usp=drive_link""},""game_date"":""2025-11-15"",""game_day_of_week"":""(六)"",""game_time"":""14:30:00"",""gamed_at"":""2025-11-15 14:30:00""}"
2025-26,1394,1394,8085,9,358,24,和平籃球館,COMPLETED,False,4,2025-11-15,(六),17:00:00,2025-11-15 17:00:00,"{""id"":1394,""gohoops_id"":8085,""division_id"":9,""gohoops_division_id"":358,""code"":""24"",""home_team"":{""id"":8,""gohoops_id"":946,""gohoops_squad_id"":11931,""gohoops_event_id"":490,""gohoops_season_id"":213,""name"":""臺北台新戰神"",""status"":""ACTIVE"",""meta"":{""logo"":""https://assets.tpbl.basketball/logos/mars.webp"",""alt_name"":""mars""},""is_league"":false,""won_score"":97,""lost_score"":87},""away_team"":{""id"":7,""gohoops_id"":945,""gohoops_squad_id"":11932,""gohoops_event_id"":490,""gohoops_season_id"":213,""name"":""新北國王"",""status"":""ACTIVE"",""meta"":{""logo"":""https://assets.tpbl.basketball/logos/kings.webp"",""alt_name"":""kings""},""is_league"":false,""won_score"":87,""lost_score"":97},""venue"":""和平籃球館"",""status"":""COMPLETED"",""is_live"":false,""round"":4,""meta"":{""recap"":""https://youtu.be/kvndM_4NodU"",""visitors"":""5500"",""live_stream_url"":""https://youtube.com/live/5B1dw0b1BY0?feature=share"",""judgement_report"":""https://drive.google.com/file/d/17ebQUMP7vvtGT7BA1Hl_3XJP-NdKYRa3/view?usp=drive_link""},""game_date"":""2025-11-15"",""game_day_of_week"":""(六)"",""game_time"":""17:00:00"",""gamed_at"":""2025-11-15 17:00:00""}"
2025-26,1395,1395,8086,9,358,25,新竹縣體育館,COMPLETED,False,4,2025-11-16,(日),14:30:00,2025-11-16 14:30:00,"{""id"":1395,""gohoops_id"":8086,""division_id"":9,""gohoops_division_id"":358,""code"":""25"",""home_team"":{""id"":4,""gohoops_id"":942,""gohoops_squad_id"":11935,""gohoops_event_id"":490,""gohoops_season_id"":213,""name"":""新竹御嵿攻城獅"",""status"":""ACTIVE"",""meta"":{""logo"":""https://assets.tpbl.basketball/logos/lioneers.webp"",""alt_name"":""lioneers""},""is_league"":false,""won_score"":97,""lost_score"":89},""away_team"":{""id"":2,""gohoops_id"":940,""gohoops_squad_id"":11937,""gohoops_event_id"":490,""gohoops_season_id"":213,""name"":""高雄全家海神"",""status"":""ACTIVE"",""meta"":{""logo"":""https://assets.tpbl.basketball/logos/aquas.webp"",""alt_name"":""aquas""},""is_league"":false,""won_score"":89,""lost_score"":97},""venue"":""新竹縣體育館"",""status"":""COMPLETED"",""is_live"":false,""round"":4,""meta"":{""recap"":""https://youtu.be/lCusltL4MVs?si=8fstkiB8xojsKz3g"",""visitors"":""4821"",""live_stream_url"":""https://www.youtube.com/live/Qd-pBX8T07w?si=T7MDaTvmioNwzZdQ"",""judgement_report"":""https://drive.google.com/file/d/1juR_cXzCeS5eIkoh6tiSXw0io69rkiEt/view?usp=drive_link""},""game_date"":""2025-11-16"",""game_day_of_week"":""(日)"",""game_time"":""14:30:00"",""gamed_at"":""2025-11-16 14:30:00""}"
2025-26,1396,1396,8087,9,358,26,和平籃球館,COMPLETED,False,4,2025-11-16,(日),17:00:00,2025-11-16 17:00:00,"{""id"":1396,""gohoops_id"":8087,""division_id"":9,""gohoops_division_id"":358,""code"":""26"",""home_team"":{""id"":8,""gohoops_id"":946,""gohoops_squad_id"":11931,""gohoops_event_id"":490,""gohoops_season_id"":213,""name"":""臺北台新戰神"",""status"":""ACTIVE"",""meta"":{""logo"":""https://assets.tpbl.basketball/logos/mars.webp"",""alt_name"":""mars""},""is_league"":false,""won_score"":102,""lost_score"":112},""away_team"":{""id"":5,""gohoops_id"":943,""gohoops_squad_id"":11934,""gohoops_event_id"":490,""gohoops_season_id"":213,""name"":""桃園台啤永豐雲豹"",""status"":""ACTIVE"",""meta"":{""logo"":""https://assets.tpbl.basketball/logos/leopards.webp"",""alt_name"":""leopards""},""is_league"":false,""won_score"":112,""lost_score"":102},""venue"":""和平籃球館"",""status"":""COMPLETED"",""is_live"":false,""round"":4,""meta"":{""recap"":""https://youtu.be/Iho156ygx6w"",""visitors"":""4336"",""live_stream_url"":""https://www.youtube.com/live/9DCAWvbWm-w?si=R4lWfJ646q1eSHjZ"",""judgement_report"":""https://drive.google.com/file/d/1Ng8TT2u0_QcigO4k-tEisN3SorIJLVxv/view?usp=drive_link""},""game_date"":""2025-11-16"",""game_day_of_week"":""(日)"",""game_time"":""17:00:00"",""gamed_at"":""2025-11-16 17:00:00""}"
2025-26,1397,1397,8088,9,358,27,桃園巨蛋,COMPLETED,False,4,2025-11-19,(三),19:00:00,2025-11-19 19:00:00,"{""id"":1397,""gohoops_id"":8088,""division_id"":9,""gohoops_division_id"":358,""code"":""27"",""home_team"":{""id"":5,""gohoops_id"":943,""gohoops_squad_id"":11934,""gohoops_event_id"":490,""gohoops_season_id"":213,""name"":""桃園台啤永豐雲豹"",""status"":""ACTIVE"",""meta"":{""logo"":""https://assets.tpbl.basketball/logos/leopards.webp"",""alt_name"":""leopards""},""is_league"":false,""won_score"":90,""lost_score"":112},""away_team"":{""id"":2,""gohoops_id"":940,""gohoops_squad_id"":11937,""gohoops_event_id"":490,""gohoops_season_id"":213,""name"":""高雄全家海神"",""status"":""ACTIVE"",""meta"":{""logo"":""https://assets.tpbl.basketball/logos/aquas.webp"",""alt_name"":""aquas""},""is_league"":false,""won_score"":112,""lost_score"":90},""venue"":""桃園巨蛋"",""status"":""COMPLETED"",""is_live"":false,""round"":4,""meta"":{""recap"":""https://youtu.be/k2Nw0P98Jp0"",""visitors"":""2933"",""live_stream_url"":""https://youtube.com/live/bP6qJhS5Cm8?feature=share"",""judgement_report"":""https://drive.google.com/file/d/1M8K-lGgoZmUiyrIMJ2PYwLHHaml34Y-e/view?usp=drive_link""},""game_date"":""2025-11-19"",""game_day_of_week"":""(三)"",""game_time"":""19:00:00"",""gamed_at"":""2025-11-19 19:00:00""}"
2025-26,1398,1398,8089,9,358,28,臺中洲際迷你蛋,COMPLETED,False,4,2025-11-22,(六),14:30:00,2025-11-22 14:30:00,"{""id"":1398,""gohoops_id"":8089,""division_id"":9,""gohoops_division_id"":358,""code"":""28"",""home_team"":{""id"":3,""gohoops_id"":941,""gohoops_squad_id"":11936,""gohoops_event_id"":490,""gohoops_season_id"":213,""name"":""福爾摩沙夢想家"",""status"":""ACTIVE"",""meta"":{""logo"":""https://assets.tpbl.basketball/logos/dreamers.webp"",""alt_name"":""dreamers""},""is_league"":false,""won_score"":113,""lost_score"":98},""away_team"":{""id"":4,""gohoops_id"":942,""gohoops_squad_id"":11935,""gohoops_event_id"":490,""gohoops_season_id"":213,""name"":""新竹御嵿攻城獅"",""status"":""ACTIVE"",""meta"":{""logo"":""https://assets.tpbl.basketball/logos/lioneers.webp"",""alt_name"":""lioneers""},""is_league"":false,""won_score"":98,""lost_score"":113},""venue"":""臺中洲際迷你蛋"",""status"":""COMPLETED"",""is_live"":false,""round"":4,""meta"":{""recap"":""https://youtu.be/o2dgTBY25as"",""visitors"":""3000"",""live_stream_url"":""https://youtube.com/live/gyEtm_1yyk0"",""judgement_report"":""https://drive.google.com/file/d/1sXJKs9QYAvdw7gOhpSh2dPf3c78e7Dnb/view?usp=drive_link""},""game_date"":""2025-11-22"",""game_day_of_week"":""(六)"",""game_time"":""14:30:00"",""gamed_at"":""2025-11-22 14:30:00""}"
2025-26,1399,1399,8090,9,358,29,桃園巨蛋,COMPLETED,False,4,2025-11-22,(六),17:00:00,2025-11-22 17:00:00,"{""id"":1399,""gohoops_id"":8090,""division_id"":9,""gohoops_division_id"":358,""code"":""29"",""home_team"":{""id"":5,""gohoops_id"":943,""gohoops_squad_id"":11934,""gohoops_event_id"":490,""gohoops_season_id"":213,""name"":""桃園台啤永豐雲豹"",""status"":""ACTIVE"",""meta"":{""logo"":""https://assets.tpbl.basketball/logos/leopards.webp"",""alt_name"":""leopards""},""is_league"":false,""won_score"":103,""lost_score"":101},""away_team"":{""id"":7,""gohoops_id"":945,""gohoops_squad_id"":11932,""gohoops_event_id"":490,""gohoops_season_id"":213,""name"":""新北國王"",""status"":""ACTIVE"",""meta"":{""logo"":""https://assets.tpbl.basketball/logos/kings.webp"",""alt_name"":""kings""},""is_league"":false,""won_score"":101,""lost_score"":103},""venue"":""桃園巨蛋"",""status"":""COMPLETED"",""is_live"":false,""round"":4,""meta"":{""recap"":""https://youtu.be/s-6Uw5hCJtA?si=x0avoQnyfnIC3EvF"",""visitors"":""5917"",""live_stream_url"":""https://youtube.com/live/gyEtm_1yyk0"",""judgement_report"":""https://drive.google.com/file/d/14cWGRNhQhdhyQUm9wuH9WYiUWgW0OcQE/view?usp=drive_link""},""game_date"":""2025-11-22"",""game_day_of_week"":""(六)"",""game_time"":""17:00:00"",""gamed_at"":""2025-11-22 17:00:00""}"
2025-26,1400,1400,8091,9,358,30,臺中洲際迷你蛋,COMPLETED,False,4,2025-11-23,(日),14:30:00,2025-11-23 14:30:00,"{""id"":1400,""gohoops_id"":8091,""division_id"":9,""gohoops_division_id"":358,""code"":""30"",""home_team"":{""id"":3,""gohoops_id"":941,""gohoops_squad_id"":11936,""gohoops_event_id"":490,""gohoops_season_id"":213,""name"":""福爾摩沙夢想家"",""status"":""ACTIVE"",""meta"":{""logo"":""https://assets.tpbl.basketball/logos/dreamers.webp"",""alt_name"":""dreamers""},""is_league"":false,""won_score"":128,""lost_score"":117},""away_team"":{""id"":8,""gohoops_id"":946,""gohoops_squad_id"":11931,""gohoops_event_id"":490,""gohoops_season_id"":213,""name"":""臺北台新戰神"",""status"":""ACTIVE"",""meta"":{""logo"":""https://assets.tpbl.basketball/logos/mars.webp"",""alt_name"":""mars""},""is_league"":false,""won_score"":117,""lost_score"":128},""venue"":""臺中洲際迷你蛋"",""status"":""COMPLETED"",""is_live"":false,""round"":4,""meta"":{""recap"":""https://youtu.be/owagHQBHhwk"",""visitors"":""3000"",""live_stream_url"":""https://youtube.com/live/sJq0CcG2FIc"",""judgement_report"":""https://drive.google.com/file/d/1bEKN1EEA40HqxiLbf5CxnyozdZ88W32L/view?usp=drive_link""},""game_date"":""2025-11-23"",""game_day_of_week"":""(日)"",""game_time"":""14:30:00"",""gamed_at"":""2025-11-23 14:30:00""}"
2025-26,1401,1401,8092,9,358,31,桃園巨蛋,COMPLETED,False,4,2025-11-23,(日),17:00:00,2025-11-23 17:00:00,"{""id"":1401,""gohoops_id"":8092,""division_id"":9,""gohoops_division_id"":358,""code"":""31"",""home_team"":{""id"":5,""gohoops_id"":943,""gohoops_squad_id"":11934,""gohoops_event_id"":490,""gohoops_season_id"":213,""name"":""桃園台啤永豐雲豹"",""status"":""ACTIVE"",""meta"":{""logo"":""https://assets.tpbl.basketball/logos/leopards.webp"",""alt_name"":""leopards""},""is_league"":false,""won_score"":100,""lost_score"":77},""away_team"":{""id"":6,""gohoops_id"":944,""gohoops_squad_id"":11933,""gohoops_event_id"":490,""gohoops_season_id"":213,""name"":""新北中信特攻"",""status"":""ACTIVE"",""meta"":{""logo"":""https://assets.tpbl.basketball/logos/dea.webp"",""alt_name"":""dea""},""is_league"":false,""won_score"":77,""lost_score"":100},""venue"":""桃園巨蛋"",""status"":""COMPLETED"",""is_live"":false,""round"":4,""meta"":{""recap"":""https://youtu.be/6Rw3V5HyoKI"",""visitors"":""5029"",""live_stream_url"":""https://youtube.com/live/pebf40kXGbM"",""judgement_report"":""https://drive.google.com/file/d/1ygflB9OQHoY4nLTyoMoyxBhe5ItVZb6h/view?usp=drive_link""},""game_date"":""2025-11-23"",""game_day_of_week"":""(日)"",""game_time"":""17:00:00"",""gamed_at"":""2025-11-23 17:00:00""}"
2025-26,1402,1402,8093,9,358,32,和平籃球館,COMPLETED,False,4,2025-12-03,(三),19:00:00,2025-12-03 19:00:00,"{""id"":1402,""gohoops_id"":8093,""division_id"":9,""gohoops_division_id"":358,""code"":""32"",""home_team"":{""id"":8,""gohoops_id"":946,""gohoops_squad_id"":11931,""gohoops_event_id"":490,""gohoops_season_id"":213,""name"":""臺北台新戰神"",""status"":""ACTIVE"",""meta"":{""logo"":""https://assets.tpbl.basketball/logos/mars.webp"",""alt_name"":""mars""},""is_league"":false,""won_score"":100,""lost_score"":98},""away_team"":{""id"":4,""gohoops_id"":942,""gohoops_squad_id"":11935,""gohoops_event_id"":490,""gohoops_season_id"":213,""name"":""新竹御嵿攻城獅"",""status"":""ACTIVE"",""meta"":{""logo"":""https://assets.tpbl.basketball/logos/lioneers.webp"",""alt_name"":""lioneers""},""is_league"":false,""won_score"":98,""lost_score"":100},""venue"":""和平籃球館"",""status"":""COMPLETED"",""is_live"":false,""round"":4,""meta"":{""recap"":""https://youtu.be/5YXFkK8IhL4?si=neDI3Vt91Xm2K4Vl"",""visitors"":""3158"",""live_stream_url"":""https://www.youtube.com/live/AgqEIK_SJU8?si=1E4YOizO1mD6WSrc"",""judgement_report"":""https://drive.google.com/file/d/1uERubkzS3LkEGukh6YAwfNv4gXedsTsc/view?usp=drive_link""},""game_date"":""2025-12-03"",""game_day_of_week"":""(三)"",""game_time"":""19:00:00"",""gamed_at"":""2025-12-03 19:00:00""}"
2025-26,1403,1403,8094,9,358,33,桃園巨蛋,COMPLETED,False,4,2025-12-06,(六),14:30:00,2025-12-06 14:30:00,"{""id"":1403,""gohoops_id"":8094,""division_id"":9,""gohoops_division_id"":358,""code"":""33"",""home_team"":{""id"":5,""gohoops_id"":943,""gohoops_squad_id"":11934,""gohoops_event_id"":490,""gohoops_season_id"":213,""name"":""桃園台啤永豐雲豹"",""status"":""ACTIVE"",""meta"":{""logo"":""https://assets.tpbl.basketball/logos/leopards.webp"",""alt_name"":""leopards""},""is_league"":false,""won_score"":96,""lost_score"":94},""away_team"":{""id"":4,""gohoops_id"":942,""gohoops_squad_id"":11935,""gohoops_event_id"":490,""gohoops_season_id"":213,""name"":""新竹御嵿攻城獅"",""status"":""ACTIVE"",""meta"":{""logo"":""https://assets.tpbl.basketball/logos/lioneers.webp"",""alt_name"":""lioneers""},""is_league"":false,""won_score"":94,""lost_score"":96},""venue"":""桃園巨蛋"",""status"":""COMPLETED"",""is_live"":false,""round"":4,""meta"":{""recap"":""https://youtu.be/v_G1LWJMGGQ?si=GsDRg2DMDdU1bEI1"",""visitors"":""5827"",""live_stream_url"":""https://youtube.com/live/vsI_0NInpCU"",""judgement_report"":""https://drive.google.com/file/d/112j5G9gva9cBVnrsIZlSj_x5QmhPqLqK/view?usp=drive_link""},""game_date"":""2025-12-06"",""game_day_of_week"":""(六)"",""game_time"":""14:30:00"",""gamed_at"":""2025-12-06 14:30:00""}"
2025-26,1404,1404,8095,9,358,34,和平籃球館,COMPLETED,False,4,2025-12-06,(六),17:00:00,2025-12-06 17:00:00,"{""id"":1404,""gohoops_id"":8095,""division_id"":9,""gohoops_division_id"":358,""code"":""34"",""home_team"":{""id"":8,""gohoops_id"":946,""gohoops_squad_id"":11931,""gohoops_event_id"":490,""gohoops_season_id"":213,""name"":""臺北台新戰神"",""status"":""ACTIVE"",""meta"":{""logo"":""https://assets.tpbl.basketball/logos/mars.webp"",""alt_name"":""mars""},""is_league"":false,""won_score"":104,""lost_score"":108},""away_team"":{""id"":6,""gohoops_id"":944,""gohoops_squad_id"":11933,""gohoops_event_id"":490,""gohoops_season_id"":213,""name"":""新北中信特攻"",""status"":""ACTIVE"",""meta"":{""logo"":""https://assets.tpbl.basketball/logos/dea.webp"",""alt_name"":""dea""},""is_league"":false,""won_score"":108,""lost_score"":104},""venue"":""和平籃球館"",""status"":""COMPLETED"",""is_live"":false,""round"":4,""meta"":{""recap"":""https://youtu.be/ACuvzLL8WN8"",""visitors"":""5169"",""live_stream_url"":""https://youtube.com/live/hztHl4AwgOs"",""judgement_report"":""https://drive.google.com/file/d/1thkXOOl5Nn60uVCj5d9C2X36EuYaGU6J/view?usp=drive_link""},""game_date"":""2025-12-06"",""game_day_of_week"":""(六)"",""game_time"":""17:00:00"",""gamed_at"":""2025-12-06 17:00:00""}"
2025-26,1405,1405,8096,9,358,35,桃園巨蛋,COMPLETED,False,4,2025-12-07,(日),14:30:00,2025-12-07 14:30:00,"{""id"":1405,""gohoops_id"":8096,""division_id"":9,""gohoops_division_id"":358,""code"":""35"",""home_team"":{""id"":5,""gohoops_id"":943,""gohoops_squad_id"":11934,""gohoops_event_id"":490,""gohoops_season_id"":213,""name"":""桃園台啤永豐雲豹"",""status"":""ACTIVE"",""meta"":{""logo"":""https://assets.tpbl.basketball/logos/leopards.webp"",""alt_name"":""leopards""},""is_league"":false,""won_score"":105,""lost_score"":92},""away_team"":{""id"":3,""gohoops_id"":941,""gohoops_squad_id"":11936,""gohoops_event_id"":490,""gohoops_season_id"":213,""name"":""福爾摩沙夢想家"",""status"":""ACTIVE"",""meta"":{""logo"":""https://assets.tpbl.basketball/logos/dreamers.webp"",""alt_name"":""dreamers""},""is_league"":false,""won_score"":92,""lost_score"":105},""venue"":""桃園巨蛋"",""status"":""COMPLETED"",""is_live"":false,""round"":4,""meta"":{""recap"":""https://youtu.be/MSkp5VMBC4Y"",""visitors"":""5793"",""live_stream_url"":""https://youtube.com/live/uRIiZBXAVMw"",""judgement_report"":""https://drive.google.com/file/d/1NaqLFLTmPkja3TnNCEcKcIeUKBuLBXeF/view?usp=drive_link""},""game_date"":""2025-12-07"",""game_day_of_week"":""(日)"",""game_time"":""14:30:00"",""gamed_at"":""2025-12-07 14:30:00""}"
2025-26,1406,1406,8097,9,358,36,和平籃球館,COMPLETED,False,5,2025-12-07,(日),17:00:00,2025-12-07 17:00:00,"{""id"":1406,""gohoops_id"":8097,""division_id"":9,""gohoops_division_id"":358,""code"":""36"",""home_team"":{""id"":8,""gohoops_id"":946,""gohoops_squad_id"":11931,""gohoops_event_id"":490,""gohoops_season_id"":213,""name"":""臺北台新戰神"",""status"":""ACTIVE"",""meta"":{""logo"":""https://assets.tpbl.basketball/logos/mars.webp"",""alt_name"":""mars""},""is_league"":false,""won_score"":96,""lost_score"":91},""away_team"":{""id"":2,""gohoops_id"":940,""gohoops_squad_id"":11937,""gohoops_event_id"":490,""gohoops_season_id"":213,""name"":""高雄全家海神"",""status"":""ACTIVE"",""meta"":{""logo"":""https://assets.tpbl.basketball/logos/aquas.webp"",""alt_name"":""aquas""},""is_league"":false,""won_score"":91,""lost_score"":96},""venue"":""和平籃球館"",""status"":""COMPLETED"",""is_live"":false,""round"":5,""meta"":{""recap"":""https://youtu.be/0Sum5B_1rEs"",""visitors"":""4086"",""live_stream_url"":""https://youtube.com/live/QUi-G0hH2v0"",""judgement_report"":""https://drive.google.com/file/d/12X75vr97FFqa1NcrCJhAY9BgbDpS6Tpm/view?usp=drive_link""},""game_date"":""2025-12-07"",""game_day_of_week"":""(日)"",""game_time"":""17:00:00"",""gamed_at"":""2025-12-07 17:00:00""}"
2025-26,1407,1407,8098,9,358,37,高雄巨蛋,COMPLETED,False,4,2025-12-13,(六),14:30:00,2025-12-13 14:30:00,"{""id"":1407,""gohoops_id"":8098,""division_id"":9,""gohoops_division_id"":358,""code"":""37"",""home_team"":{""id"":2,""gohoops_id"":940,""gohoops_squad_id"":11937,""gohoops_event_id"":490,""gohoops_season_id"":213,""name"":""高雄全家海神"",""status"":""ACTIVE"",""meta"":{""logo"":""https://assets.tpbl.basketball/logos/aquas.webp"",""alt_name"":""aquas""},""is_league"":false,""won_score"":99,""lost_score"":89},""away_team"":{""id"":4,""gohoops_id"":942,""gohoops_squad_id"":11935,""gohoops_event_id"":490,""gohoops_season_id"":213,""name"":""新竹御嵿攻城獅"",""status"":""ACTIVE"",""meta"":{""logo"":""https://assets.tpbl.basketball/logos/lioneers.webp"",""alt_name"":""lioneers""},""is_league"":false,""won_score"":89,""lost_score"":99},""venue"":""高雄巨蛋"",""status"":""COMPLETED"",""is_live"":false,""round"":4,""meta"":{""recap"":""https://youtu.be/zPRin6eIAg4"",""visitors"":""4614"",""live_stream_url"":""https://youtube.com/live/k40C5ygBdmE"",""judgement_report"":""https://drive.google.com/file/d/10WgH1YOKAxx0lSdudHtw1_5F0ImgeuoT/view?usp=drive_link""},""game_date"":""2025-12-13"",""game_day_of_week"":""(六)"",""game_time"":""14:30:00"",""gamed_at"":""2025-12-13 14:30:00""}"
2025-26,1408,1408,8099,9,358,38,新莊體育館,COMPLETED,False,4,2025-12-13,(六),17:00:00,2025-12-13 17:00:00,"{""id"":1408,""gohoops_id"":8099,""division_id"":9,""gohoops_division_id"":358,""code"":""38"",""home_team"":{""id"":6,""gohoops_id"":944,""gohoops_squad_id"":11933,""gohoops_event_id"":490,""gohoops_season_id"":213,""name"":""新北中信特攻"",""status"":""ACTIVE"",""meta"":{""logo"":""https://assets.tpbl.basketball/logos/dea.webp"",""alt_name"":""dea""},""is_league"":false,""won_score"":85,""lost_score"":75},""away_team"":{""id"":5,""gohoops_id"":943,""gohoops_squad_id"":11934,""gohoops_event_id"":490,""gohoops_season_id"":213,""name"":""桃園台啤永豐雲豹"",""status"":""ACTIVE"",""meta"":{""logo"":""https://assets.tpbl.basketball/logos/leopards.webp"",""alt_name"":""leopards""},""is_league"":false,""won_score"":75,""lost_score"":85},""venue"":""新莊體育館"",""status"":""COMPLETED"",""is_live"":false,""round"":4,""meta"":{""recap"":""https://www.youtube.com/watch?v=cNci7rm4Ur8"",""visitors"":""5231"",""live_stream_url"":""https://youtube.com/live/IPeIT-cPgy4"",""judgement_report"":""https://drive.google.com/file/d/1HQwp9hiGvMP87RfF9RKeMnR8TCubvQhB/view?usp=drive_link""},""game_date"":""2025-12-13"",""game_day_of_week"":""(六)"",""game_time"":""17:00:00"",""gamed_at"":""2025-12-13 17:00:00""}"
2025-26,1409,1409,8100,9,358,39,高雄巨蛋,COMPLETED,False,4,2025-12-14,(日),14:30:00,2025-12-14 14:30:00,"{""id"":1409,""gohoops_id"":8100,""division_id"":9,""gohoops_division_id"":358,""code"":""39"",""home_team"":{""id"":2,""gohoops_id"":940,""gohoops_squad_id"":11937,""gohoops_event_id"":490,""gohoops_season_id"":213,""name"":""高雄全家海神"",""status"":""ACTIVE"",""meta"":{""logo"":""https://assets.tpbl.basketball/logos/aquas.webp"",""alt_name"":""aquas""},""is_league"":false,""won_score"":73,""lost_score"":99},""away_team"":{""id"":3,""gohoops_id"":941,""gohoops_squad_id"":11936,""gohoops_event_id"":490,""gohoops_season_id"":213,""name"":""福爾摩沙夢想家"",""status"":""ACTIVE"",""meta"":{""logo"":""https://assets.tpbl.basketball/logos/dreamers.webp"",""alt_name"":""dreamers""},""is_league"":false,""won_score"":99,""lost_score"":73},""venue"":""高雄巨蛋"",""status"":""COMPLETED"",""is_live"":false,""round"":4,""meta"":{""recap"":""https://youtu.be/BfMbEcm7YDw"",""visitors"":""5016"",""live_stream_url"":""https://youtube.com/live/LBZdtiqshps"",""judgement_report"":""https://drive.google.com/file/d/10FW_cFOEFQ1Vz0uTFu91w_GpcY1imRaV/view?usp=drive_link""},""game_date"":""2025-12-14"",""game_day_of_week"":""(日)"",""game_time"":""14:30:00"",""gamed_at"":""2025-12-14 14:30:00""}"
2025-26,1410,1410,8101,9,358,40,新莊體育館,COMPLETED,False,4,2025-12-14,(日),17:00:00,2025-12-14 17:00:00,"{""id"":1410,""gohoops_id"":8101,""division_id"":9,""gohoops_division_id"":358,""code"":""40"",""home_team"":{""id"":6,""gohoops_id"":944,""gohoops_squad_id"":11933,""gohoops_event_id"":490,""gohoops_season_id"":213,""name"":""新北中信特攻"",""status"":""ACTIVE"",""meta"":{""logo"":""https://assets.tpbl.basketball/logos/dea.webp"",""alt_name"":""dea""},""is_league"":false,""won_score"":114,""lost_score"":111},""away_team"":{""id"":7,""gohoops_id"":945,""gohoops_squad_id"":11932,""gohoops_event_id"":490,""gohoops_season_id"":213,""name"":""新北國王"",""status"":""ACTIVE"",""meta"":{""logo"":""https://assets.tpbl.basketball/logos/kings.webp"",""alt_name"":""kings""},""is_league"":false,""won_score"":111,""lost_score"":114},""venue"":""新莊體育館"",""status"":""COMPLETED"",""is_live"":false,""round"":4,""meta"":{""recap"":""https://youtu.be/wgml42uBPdE?si=L8dijyBkcCCZxUTw"",""visitors"":""5063"",""live_stream_url"":""https://youtube.com/live/funkYUSfysw"",""judgement_report"":""https://drive.google.com/file/d/1bmBvsCXSpIhvSiwNIGEInoDFaYc1C1Kn/view?usp=drive_link""},""game_date"":""2025-12-14"",""game_day_of_week"":""(日)"",""game_time"":""17:00:00"",""gamed_at"":""2025-12-14 17:00:00""}"
2025-26,1411,1411,8102,9,358,41,新莊體育館,COMPLETED,False,4,2025-12-20,(六),14:30:00,2025-12-20 14:30:00,"{""id"":1411,""gohoops_id"":8102,""division_id"":9,""gohoops_division_id"":358,""code"":""41"",""home_team"":{""id"":7,""gohoops_id"":945,""gohoops_squad_id"":11932,""gohoops_event_id"":490,""gohoops_season_id"":213,""name"":""新北國王"",""status"":""ACTIVE"",""meta"":{""logo"":""https://assets.tpbl.basketball/logos/kings.webp"",""alt_name"":""kings""},""is_league"":false,""won_score"":125,""lost_score"":103},""away_team"":{""id"":5,""gohoops_id"":943,""gohoops_squad_id"":11934,""gohoops_event_id"":490,""gohoops_season_id"":213,""name"":""桃園台啤永豐雲豹"",""status"":""ACTIVE"",""meta"":{""logo"":""https://assets.tpbl.basketball/logos/leopards.webp"",""alt_name"":""leopards""},""is_league"":false,""won_score"":103,""lost_score"":125},""venue"":""新莊體育館"",""status"":""COMPLETED"",""is_live"":false,""round"":4,""meta"":{""recap"":""https://youtu.be/R5LJwYp3uOk?si=ly1mv8bWmRLOssdF"",""visitors"":""4362"",""live_stream_url"":""https://www.youtube.com/live/7JBAc1lF6eU?si=r_qAz-CpPEvpkJn5"",""judgement_report"":""https://drive.google.com/file/d/1gWJ0_53XOjgMnkKrqghG4HYFoOpRbtQz/view?usp=sharing""},""game_date"":""2025-12-20"",""game_day_of_week"":""(六)"",""game_time"":""14:30:00"",""gamed_at"":""2025-12-20 14:30:00""}"
2025-26,1412,1412,8103,9,358,42,新竹縣體育館,COMPLETED,False,4,2025-12-20,(六),17:00:00,2025-12-20 17:00:00,"{""id"":1412,""gohoops_id"":8103,""division_id"":9,""gohoops_division_id"":358,""code"":""42"",""home_team"":{""id"":4,""gohoops_id"":942,""gohoops_squad_id"":11935,""gohoops_event_id"":490,""gohoops_season_id"":213,""name"":""新竹御嵿攻城獅"",""status"":""ACTIVE"",""meta"":{""logo"":""https://assets.tpbl.basketball/logos/lioneers.webp"",""alt_name"":""lioneers""},""is_league"":false,""won_score"":90,""lost_score"":85},""away_team"":{""id"":3,""gohoops_id"":941,""gohoops_squad_id"":11936,""gohoops_event_id"":490,""gohoops_season_id"":213,""name"":""福爾摩沙夢想家"",""status"":""ACTIVE"",""meta"":{""logo"":""https://assets.tpbl.basketball/logos/dreamers.webp"",""alt_name"":""dreamers""},""is_league"":false,""won_score"":85,""lost_score"":90},""venue"":""新竹縣體育館"",""status"":""COMPLETED"",""is_live"":false,""round"":4,""meta"":{""recap"":""https://youtu.be/vucvirgBJDs"",""visitors"":""4817"",""live_stream_url"":""https://youtube.com/live/Y8WhhBbMbLs"",""judgement_report"":""https://drive.google.com/file/d/1o1gsO1Zd7D-ZIRrxA0RaEYnpHS_J9oP1/view?usp=drive_link""},""game_date"":""2025-12-20"",""game_day_of_week"":""(六)"",""game_time"":""17:00:00"",""gamed_at"":""2025-12-20 17:00:00""}"
2025-26,1413,1413,8104,9,358,43,新莊體育館,COMPLETED,False,4,2025-12-21,(日),14:30:00,2025-12-21 14:30:00,"{""id"":1413,""gohoops_id"":8104,""division_id"":9,""gohoops_division_id"":358,""code"":""43"",""home_team"":{""id"":7,""gohoops_id"":945,""gohoops_squad_id"":11932,""gohoops_event_id"":490,""gohoops_season_id"":213,""name"":""新北國王"",""status"":""ACTIVE"",""meta"":{""logo"":""https://assets.tpbl.basketball/logos/kings.webp"",""alt_name"":""kings""},""is_league"":false,""won_score"":85,""lost_score"":78},""away_team"":{""id"":6,""gohoops_id"":944,""gohoops_squad_id"":11933,""gohoops_event_id"":490,""gohoops_season_id"":213,""name"":""新北中信特攻"",""status"":""ACTIVE"",""meta"":{""logo"":""https://assets.tpbl.basketball/logos/dea.webp"",""alt_name"":""dea""},""is_league"":false,""won_score"":78,""lost_score"":85},""venue"":""新莊體育館"",""status"":""COMPLETED"",""is_live"":false,""round"":4,""meta"":{""recap"":""https://youtu.be/8Uz2cRmXgEA?si=G6WmAkZBWpoWmp2U"",""visitors"":""4377"",""live_stream_url"":""https://www.youtube.com/live/qgnpEklD5DQ?si=JgLEigxII5Zcsuem"",""judgement_report"":""https://drive.google.com/file/d/1GZmlLNao9-NJv67NDp6UJhBUgIiXCevB/view?usp=drive_link""},""game_date"":""2025-12-21"",""game_day_of_week"":""(日)"",""game_time"":""14:30:00"",""gamed_at"":""2025-12-21 14:30:00""}"
2025-26,1414,1414,8105,9,358,44,新竹縣體育館,COMPLETED,False,4,2025-12-21,(日),17:00:00,2025-12-21 17:00:00,"{""id"":1414,""gohoops_id"":8105,""division_id"":9,""gohoops_division_id"":358,""code"":""44"",""home_team"":{""id"":4,""gohoops_id"":942,""gohoops_squad_id"":11935,""gohoops_event_id"":490,""gohoops_season_id"":213,""name"":""新竹御嵿攻城獅"",""status"":""ACTIVE"",""meta"":{""logo"":""https://assets.tpbl.basketball/logos/lioneers.webp"",""alt_name"":""lioneers""},""is_league"":false,""won_score"":83,""lost_score"":94},""away_team"":{""id"":8,""gohoops_id"":946,""gohoops_squad_id"":11931,""gohoops_event_id"":490,""gohoops_season_id"":213,""name"":""臺北台新戰神"",""status"":""ACTIVE"",""meta"":{""logo"":""https://assets.tpbl.basketball/logos/mars.webp"",""alt_name"":""mars""},""is_league"":false,""won_score"":94,""lost_score"":83},""venue"":""新竹縣體育館"",""status"":""COMPLETED"",""is_live"":false,""round"":4,""meta"":{""recap"":""https://youtu.be/sLu9lWWE3hA"",""visitors"":""4508"",""live_stream_url"":""https://youtube.com/live/xR4CRX_-YIM"",""judgement_report"":""https://drive.google.com/file/d/1bf_-ESZ2wOP-eoydtcgpkf9KQmvDiRcw/view?usp=drive_link""},""game_date"":""2025-12-21"",""game_day_of_week"":""(日)"",""game_time"":""17:00:00"",""gamed_at"":""2025-12-21 17:00:00""}"
2025-26,1415,1415,8106,9,358,45,新竹縣體育館,COMPLETED,False,4,2025-12-24,(三),19:00:00,2025-12-24 19:00:00,"{""id"":1415,""gohoops_id"":8106,""division_id"":9,""gohoops_division_id"":358,""code"":""45"",""home_team"":{""id"":4,""gohoops_id"":942,""gohoops_squad_id"":11935,""gohoops_event_id"":490,""gohoops_season_id"":213,""name"":""新竹御嵿攻城獅"",""status"":""ACTIVE"",""meta"":{""logo"":""https://assets.tpbl.basketball/logos/lioneers.webp"",""alt_name"":""lioneers""},""is_league"":false,""won_score"":98,""lost_score"":82},""away_team"":{""id"":5,""gohoops_id"":943,""gohoops_squad_id"":11934,""gohoops_event_id"":490,""gohoops_season_id"":213,""name"":""桃園台啤永豐雲豹"",""status"":""ACTIVE"",""meta"":{""logo"":""https://assets.tpbl.basketball/logos/leopards.webp"",""alt_name"":""leopards""},""is_league"":false,""won_score"":82,""lost_score"":98},""venue"":""新竹縣體育館"",""status"":""COMPLETED"",""is_live"":false,""round"":4,""meta"":{""recap"":""https://youtu.be/jizs_CvGDN4"",""visitors"":""4158"",""live_stream_url"":""https://youtube.com/live/yr2QBAmhoGI?feature=share"",""judgement_report"":""https://drive.google.com/file/d/1fBun7_zuwmUA5rFXldssph1xNBKbxUnT/view?usp=drive_link""},""game_date"":""2025-12-24"",""game_day_of_week"":""(三)"",""game_time"":""19:00:00"",""gamed_at"":""2025-12-24 19:00:00""}"
2025-26,1416,1416,8107,9,358,46,臺中洲際迷你蛋,COMPLETED,False,4,2025-12-27,(六),14:30:00,2025-12-27 14:30:00,"{""id"":1416,""gohoops_id"":8107,""division_id"":9,""gohoops_division_id"":358,""code"":""46"",""home_team"":{""id"":3,""gohoops_id"":941,""gohoops_squad_id"":11936,""gohoops_event_id"":490,""gohoops_season_id"":213,""name"":""福爾摩沙夢想家"",""status"":""ACTIVE"",""meta"":{""logo"":""https://assets.tpbl.basketball/logos/dreamers.webp"",""alt_name"":""dreamers""},""is_league"":false,""won_score"":108,""lost_score"":98},""away_team"":{""id"":8,""gohoops_id"":946,""gohoops_squad_id"":11931,""gohoops_event_id"":490,""gohoops_season_id"":213,""name"":""臺北台新戰神"",""status"":""ACTIVE"",""meta"":{""logo"":""https://assets.tpbl.basketball/logos/mars.webp"",""alt_name"":""mars""},""is_league"":false,""won_score"":98,""lost_score"":108},""venue"":""臺中洲際迷你蛋"",""status"":""COMPLETED"",""is_live"":false,""round"":4,""meta"":{""recap"":""https://youtu.be/geF34vwUxqQ"",""visitors"":""3000"",""live_stream_url"":""https://youtube.com/live/KN_iqgSz6ZI?feature=share"",""judgement_report"":""https://drive.google.com/file/d/1WN1A-Y9qiqo3JqvzdIGCHoR6GPeIq7fy/view?usp=drive_link""},""game_date"":""2025-12-27"",""game_day_of_week"":""(六)"",""game_time"":""14:30:00"",""gamed_at"":""2025-12-27 14:30:00""}"
2025-26,1417,1417,8108,9,358,47,新莊體育館,COMPLETED,False,4,2025-12-27,(六),17:00:00,2025-12-27 17:00:00,"{""id"":1417,""gohoops_id"":8108,""division_id"":9,""gohoops_division_id"":358,""code"":""47"",""home_team"":{""id"":7,""gohoops_id"":945,""gohoops_squad_id"":11932,""gohoops_event_id"":490,""gohoops_season_id"":213,""name"":""新北國王"",""status"":""ACTIVE"",""meta"":{""logo"":""https://assets.tpbl.basketball/logos/kings.webp"",""alt_name"":""kings""},""is_league"":false,""won_score"":90,""lost_score"":97},""away_team"":{""id"":4,""gohoops_id"":942,""gohoops_squad_id"":11935,""gohoops_event_id"":490,""gohoops_season_id"":213,""name"":""新竹御嵿攻城獅"",""status"":""ACTIVE"",""meta"":{""logo"":""https://assets.tpbl.basketball/logos/lioneers.webp"",""alt_name"":""lioneers""},""is_league"":false,""won_score"":97,""lost_score"":90},""venue"":""新莊體育館"",""status"":""COMPLETED"",""is_live"":false,""round"":4,""meta"":{""recap"":""https://youtu.be/UDxgk4LuNC0?si=IN-0phdaZ0GmCMwg"",""visitors"":""3868"",""live_stream_url"":""https://www.youtube.com/live/HfoSA_QFLzU?si=zG0MY9PJO12dUS-r"",""judgement_report"":""https://drive.google.com/file/d/1rKoNpJESDyvBrbEuLhH6l2Gb41k7OFUr/view?usp=drive_link""},""game_date"":""2025-12-27"",""game_day_of_week"":""(六)"",""game_time"":""17:00:00"",""gamed_at"":""2025-12-27 17:00:00""}"
2025-26,1418,1418,8109,9,358,48,臺中洲際迷你蛋,COMPLETED,False,4,2025-12-28,(日),14:30:00,2025-12-28 14:30:00,"{""id"":1418,""gohoops_id"":8109,""division_id"":9,""gohoops_division_id"":358,""code"":""48"",""home_team"":{""id"":3,""gohoops_id"":941,""gohoops_squad_id"":11936,""gohoops_event_id"":490,""gohoops_season_id"":213,""name"":""福爾摩沙夢想家"",""status"":""ACTIVE"",""meta"":{""logo"":""https://assets.tpbl.basketball/logos/dreamers.webp"",""alt_name"":""dreamers""},""is_league"":false,""won_score"":104,""lost_score"":118},""away_team"":{""id"":6,""gohoops_id"":944,""gohoops_squad_id"":11933,""gohoops_event_id"":490,""gohoops_season_id"":213,""name"":""新北中信特攻"",""status"":""ACTIVE"",""meta"":{""logo"":""https://assets.tpbl.basketball/logos/dea.webp"",""alt_name"":""dea""},""is_league"":false,""won_score"":118,""lost_score"":104},""venue"":""臺中洲際迷你蛋"",""status"":""COMPLETED"",""is_live"":false,""round"":4,""meta"":{""recap"":""https://youtu.be/Vd8hQsjhi78"",""visitors"":""3000"",""live_stream_url"":""https://youtube.com/live/nTo0dvErMGg?feature=share"",""judgement_report"":""https://drive.google.com/file/d/1u4Gffdzr9eaOcbrVwHs4SeeeHeqhuNIO/view?usp=drive_link""},""game_date"":""2025-12-28"",""game_day_of_week"":""(日)"",""game_time"":""14:30:00"",""gamed_at"":""2025-12-28 14:30:00""}"
2025-26,1419,1419,8110,9,358,49,新莊體育館,COMPLETED,False,4,2025-12-28,(日),17:00:00,2025-12-28 17:00:00,"{""id"":1419,""gohoops_id"":8110,""division_id"":9,""gohoops_division_id"":358,""code"":""49"",""home_team"":{""id"":7,""gohoops_id"":945,""gohoops_squad_id"":11932,""gohoops_event_id"":490,""gohoops_season_id"":213,""name"":""新北國王"",""status"":""ACTIVE"",""meta"":{""logo"":""https://assets.tpbl.basketball/logos/kings.webp"",""alt_name"":""kings""},""is_league"":false,""won_score"":86,""lost_score"":82},""away_team"":{""id"":2,""gohoops_id"":940,""gohoops_squad_id"":11937,""gohoops_event_id"":490,""gohoops_season_id"":213,""name"":""高雄全家海神"",""status"":""ACTIVE"",""meta"":{""logo"":""https://assets.tpbl.basketball/logos/aquas.webp"",""alt_name"":""aquas""},""is_league"":false,""won_score"":82,""lost_score"":86},""venue"":""新莊體育館"",""status"":""COMPLETED"",""is_live"":false,""round"":4,""meta"":{""recap"":""https://youtu.be/hGq54TGj3sI?si=icyHD4k4di72dZlC"",""visitors"":""6800"",""live_stream_url"":""https://www.youtube.com/live/shKyOGZci7o?si=rxXJjsiNBFlnE0p2"",""judgement_report"":""https://drive.google.com/file/d/1PSf7fc7r61YCdmV22pTDviQj_LwtVAyt/view?usp=drive_link""},""game_date"":""2025-12-28"",""game_day_of_week"":""(日)"",""game_time"":""17:00:00"",""gamed_at"":""2025-12-28 17:00:00""}"
2025-26,1420,1420,8111,9,358,50,新莊體育館,COMPLETED,False,4,2025-12-31,(三),19:00:00,2025-12-31 19:00:00,"{""id"":1420,""gohoops_id"":8111,""division_id"":9,""gohoops_division_id"":358,""code"":""50"",""home_team"":{""id"":6,""gohoops_id"":944,""gohoops_squad_id"":11933,""gohoops_event_id"":490,""gohoops_season_id"":213,""name"":""新北中信特攻"",""status"":""ACTIVE"",""meta"":{""logo"":""https://assets.tpbl.basketball/logos/dea.webp"",""alt_name"":""dea""},""is_league"":false,""won_score"":94,""lost_score"":82},""away_team"":{""id"":7,""gohoops_id"":945,""gohoops_squad_id"":11932,""gohoops_event_id"":490,""gohoops_season_id"":213,""name"":""新北國王"",""status"":""ACTIVE"",""meta"":{""logo"":""https://assets.tpbl.basketball/logos/kings.webp"",""alt_name"":""kings""},""is_league"":false,""won_score"":82,""lost_score"":94},""venue"":""新莊體育館"",""status"":""COMPLETED"",""is_live"":false,""round"":4,""meta"":{""recap"":""https://youtu.be/RKJVauSxigQ"",""visitors"":""4143"",""live_stream_url"":""https://youtube.com/live/IWqc1czMQQs?feature=share"",""judgement_report"":""https://drive.google.com/file/d/124dS4Mc-wHVuC8OFMuO5T05JNndYTbtr/view?usp=sharing""},""game_date"":""2025-12-31"",""game_day_of_week"":""(三)"",""game_time"":""19:00:00"",""gamed_at"":""2025-12-31 19:00:00""}"
2025-26,1421,1421,8112,9,358,51,高雄巨蛋,COMPLETED,False,4,2026-01-03,(六),14:30:00,2026-01-03 14:30:00,"{""id"":1421,""gohoops_id"":8112,""division_id"":9,""gohoops_division_id"":358,""code"":""51"",""home_team"":{""id"":2,""gohoops_id"":940,""gohoops_squad_id"":11937,""gohoops_event_id"":490,""gohoops_season_id"":213,""name"":""高雄全家海神"",""status"":""ACTIVE"",""meta"":{""logo"":""https://assets.tpbl.basketball/logos/aquas.webp"",""alt_name"":""aquas""},""is_league"":false,""won_score"":102,""lost_score"":108},""away_team"":{""id"":5,""gohoops_id"":943,""gohoops_squad_id"":11934,""gohoops_event_id"":490,""gohoops_season_id"":213,""name"":""桃園台啤永豐雲豹"",""status"":""ACTIVE"",""meta"":{""logo"":""https://assets.tpbl.basketball/logos/leopards.webp"",""alt_name"":""leopards""},""is_league"":false,""won_score"":108,""lost_score"":102},""venue"":""高雄巨蛋"",""status"":""COMPLETED"",""is_live"":false,""round"":4,""meta"":{""recap"":""https://youtu.be/wwkohf_mYY8"",""visitors"":""4810"",""live_stream_url"":""https://youtube.com/live/wv7amJz1zLE?feature=share"",""judgement_report"":""https://drive.google.com/file/d/1-DyrZagBMpHxFQ7rkItdc6wMpALpp_Sg/view?usp=drive_link""},""game_date"":""2026-01-03"",""game_day_of_week"":""(六)"",""game_time"":""14:30:00"",""gamed_at"":""2026-01-03 14:30:00""}"
2025-26,1422,1422,8113,9,358,52,新莊體育館,COMPLETED,False,4,2026-01-03,(六),17:00:00,2026-01-03 17:00:00,"{""id"":1422,""gohoops_id"":8113,""division_id"":9,""gohoops_division_id"":358,""code"":""52"",""home_team"":{""id"":6,""gohoops_id"":944,""gohoops_squad_id"":11933,""gohoops_event_id"":490,""gohoops_season_id"":213,""name"":""新北中信特攻"",""status"":""ACTIVE"",""meta"":{""logo"":""https://assets.tpbl.basketball/logos/dea.webp"",""alt_name"":""dea""},""is_league"":false,""won_score"":79,""lost_score"":84},""away_team"":{""id"":4,""gohoops_id"":942,""gohoops_squad_id"":11935,""gohoops_event_id"":490,""gohoops_season_id"":213,""name"":""新竹御嵿攻城獅"",""status"":""ACTIVE"",""meta"":{""logo"":""https://assets.tpbl.basketball/logos/lioneers.webp"",""alt_name"":""lioneers""},""is_league"":false,""won_score"":84,""lost_score"":79},""venue"":""新莊體育館"",""status"":""COMPLETED"",""is_live"":false,""round"":4,""meta"":{""recap"":""https://youtu.be/Cbh3esZahcs?si=vsG8JrWZGbIXTF3T"",""visitors"":""4872"",""live_stream_url"":""https://www.youtube.com/live/6OUsGJ_QMdA?si=d_GtTqrKPgzrhket"",""judgement_report"":""https://drive.google.com/file/d/1-PFax-nuf4bcHxQyhY4jqk3ifQrHa3lU/view?usp=drive_link""},""game_date"":""2026-01-03"",""game_day_of_week"":""(六)"",""game_time"":""17:00:00"",""gamed_at"":""2026-01-03 17:00:00""}"
2025-26,1423,1423,8114,9,358,53,高雄巨蛋,COMPLETED,False,4,2026-01-04,(日),14:30:00,2026-01-04 14:30:00,"{""id"":1423,""gohoops_id"":8114,""division_id"":9,""gohoops_division_id"":358,""code"":""53"",""home_team"":{""id"":2,""gohoops_id"":940,""gohoops_squad_id"":11937,""gohoops_event_id"":490,""gohoops_season_id"":213,""name"":""高雄全家海神"",""status"":""ACTIVE"",""meta"":{""logo"":""https://assets.tpbl.basketball/logos/aquas.webp"",""alt_name"":""aquas""},""is_league"":false,""won_score"":94,""lost_score"":111},""away_team"":{""id"":7,""gohoops_id"":945,""gohoops_squad_id"":11932,""gohoops_event_id"":490,""gohoops_season_id"":213,""name"":""新北國王"",""status"":""ACTIVE"",""meta"":{""logo"":""https://assets.tpbl.basketball/logos/kings.webp"",""alt_name"":""kings""},""is_league"":false,""won_score"":111,""lost_score"":94},""venue"":""高雄巨蛋"",""status"":""COMPLETED"",""is_live"":false,""round"":4,""meta"":{""recap"":""https://youtu.be/Y44Vz2-tm3o"",""visitors"":""4761"",""live_stream_url"":""https://youtube.com/live/-vtCpyW-2QQ?feature=share"",""judgement_report"":""https://drive.google.com/file/d/10oFDHD15daxKU47jaT-4b7zy3gtQEg46/view?usp=drive_link""},""game_date"":""2026-01-04"",""game_day_of_week"":""(日)"",""game_time"":""14:30:00"",""gamed_at"":""2026-01-04 14:30:00""}"
2025-26,1424,1424,8115,9,358,54,新莊體育館,COMPLETED,False,4,2026-01-04,(日),17:00:00,2026-01-04 17:00:00,"{""id"":1424,""gohoops_id"":8115,""division_id"":9,""gohoops_division_id"":358,""code"":""54"",""home_team"":{""id"":6,""gohoops_id"":944,""gohoops_squad_id"":11933,""gohoops_event_id"":490,""gohoops_season_id"":213,""name"":""新北中信特攻"",""status"":""ACTIVE"",""meta"":{""logo"":""https://assets.tpbl.basketball/logos/dea.webp"",""alt_name"":""dea""},""is_league"":false,""won_score"":115,""lost_score"":122},""away_team"":{""id"":3,""gohoops_id"":941,""gohoops_squad_id"":11936,""gohoops_event_id"":490,""gohoops_season_id"":213,""name"":""福爾摩沙夢想家"",""status"":""ACTIVE"",""meta"":{""logo"":""https://assets.tpbl.basketball/logos/dreamers.webp"",""alt_name"":""dreamers""},""is_league"":false,""won_score"":122,""lost_score"":115},""venue"":""新莊體育館"",""status"":""COMPLETED"",""is_live"":false,""round"":4,""meta"":{""recap"":""https://youtu.be/5S0l5R8V4us"",""visitors"":""4091"",""live_stream_url"":""https://www.youtube.com/live/Bpblrwl9dys?si=ElineG1vDVSS4CWA"",""judgement_report"":""https://drive.google.com/file/d/198NvoRBKFojAYeflCUHNGsgngiCDiKTk/view?usp=drive_link""},""game_date"":""2026-01-04"",""game_day_of_week"":""(日)"",""game_time"":""17:00:00"",""gamed_at"":""2026-01-04 17:00:00""}"
2025-26,1425,1425,8116,9,358,55,高雄巨蛋,COMPLETED,False,4,2026-01-07,(三),19:00:00,2026-01-07 19:00:00,"{""id"":1425,""gohoops_id"":8116,""division_id"":9,""gohoops_division_id"":358,""code"":""55"",""home_team"":{""id"":2,""gohoops_id"":940,""gohoops_squad_id"":11937,""gohoops_event_id"":490,""gohoops_season_id"":213,""name"":""高雄全家海神"",""status"":""ACTIVE"",""meta"":{""logo"":""https://assets.tpbl.basketball/logos/aquas.webp"",""alt_name"":""aquas""},""is_league"":false,""won_score"":108,""lost_score"":103},""away_team"":{""id"":8,""gohoops_id"":946,""gohoops_squad_id"":11931,""gohoops_event_id"":490,""gohoops_season_id"":213,""name"":""臺北台新戰神"",""status"":""ACTIVE"",""meta"":{""logo"":""https://assets.tpbl.basketball/logos/mars.webp"",""alt_name"":""mars""},""is_league"":false,""won_score"":103,""lost_score"":108},""venue"":""高雄巨蛋"",""status"":""COMPLETED"",""is_live"":false,""round"":4,""meta"":{""recap"":""https://youtu.be/HR3k9H-D87U"",""visitors"":""2815"",""live_stream_url"":""https://youtube.com/live/N1Gz1tRf6qQ"",""judgement_report"":""https://drive.google.com/file/d/16HLeAH6mbN8PeQ1iysbHrlSeC5Z3l1Pw/view?usp=drive_link""},""game_date"":""2026-01-07"",""game_day_of_week"":""(三)"",""game_time"":""19:00:00"",""gamed_at"":""2026-01-07 19:00:00""}"
2025-26,1426,1426,8117,9,358,56,中壢國民運動中心,COMPLETED,False,4,2026-01-09,(五),19:00:00,2026-01-09 19:00:00,"{""id"":1426,""gohoops_id"":8117,""division_id"":9,""gohoops_division_id"":358,""code"":""56"",""home_team"":{""id"":5,""gohoops_id"":943,""gohoops_squad_id"":11934,""gohoops_event_id"":490,""gohoops_season_id"":213,""name"":""桃園台啤永豐雲豹"",""status"":""ACTIVE"",""meta"":{""logo"":""https://assets.tpbl.basketball/logos/leopards.webp"",""alt_name"":""leopards""},""is_league"":false,""won_score"":110,""lost_score"":87},""away_team"":{""id"":7,""gohoops_id"":945,""gohoops_squad_id"":11932,""gohoops_event_id"":490,""gohoops_season_id"":213,""name"":""新北國王"",""status"":""ACTIVE"",""meta"":{""logo"":""https://assets.tpbl.basketball/logos/kings.webp"",""alt_name"":""kings""},""is_league"":false,""won_score"":87,""lost_score"":110},""venue"":""中壢國民運動中心"",""status"":""COMPLETED"",""is_live"":false,""round"":4,""meta"":{""recap"":""https://youtu.be/ty639FEuY-0"",""visitors"":""2000"",""live_stream_url"":""https://youtube.com/live/5qoUJi-LAJ4?feature=share"",""judgement_report"":""https://drive.google.com/file/d/1StN4JPvH1R_hDD_m6QEm73-HJJnu48_Y/view?usp=drive_link""},""game_date"":""2026-01-09"",""game_day_of_week"":""(五)"",""game_time"":""19:00:00"",""gamed_at"":""2026-01-09 19:00:00""}"
2025-26,1427,1427,8118,9,358,57,高雄巨蛋,COMPLETED,False,4,2026-01-10,(六),14:30:00,2026-01-10 14:30:00,"{""id"":1427,""gohoops_id"":8118,""division_id"":9,""gohoops_division_id"":358,""code"":""57"",""home_team"":{""id"":2,""gohoops_id"":940,""gohoops_squad_id"":11937,""gohoops_event_id"":490,""gohoops_season_id"":213,""name"":""高雄全家海神"",""status"":""ACTIVE"",""meta"":{""logo"":""https://assets.tpbl.basketball/logos/aquas.webp"",""alt_name"":""aquas""},""is_league"":false,""won_score"":114,""lost_score"":111},""away_team"":{""id"":6,""gohoops_id"":944,""gohoops_squad_id"":11933,""gohoops_event_id"":490,""gohoops_season_id"":213,""name"":""新北中信特攻"",""status"":""ACTIVE"",""meta"":{""logo"":""https://assets.tpbl.basketball/logos/dea.webp"",""alt_name"":""dea""},""is_league"":false,""won_score"":111,""lost_score"":114},""venue"":""高雄巨蛋"",""status"":""COMPLETED"",""is_live"":false,""round"":4,""meta"":{""recap"":""https://youtu.be/co4VkivrGGA"",""visitors"":""4950"",""live_stream_url"":""https://youtube.com/live/RdbMzKqcWAo"",""judgement_report"":""https://drive.google.com/file/d/1BeW8uXEBCoD-y8Hhro-50hLThr-R5nEn/view?usp=drive_link""},""game_date"":""2026-01-10"",""game_day_of_week"":""(六)"",""game_time"":""14:30:00"",""gamed_at"":""2026-01-10 14:30:00""}"
2025-26,1428,1428,8119,9,358,58,和平籃球館,COMPLETED,False,4,2026-01-10,(六),17:00:00,2026-01-10 17:00:00,"{""id"":1428,""gohoops_id"":8119,""division_id"":9,""gohoops_division_id"":358,""code"":""58"",""home_team"":{""id"":8,""gohoops_id"":946,""gohoops_squad_id"":11931,""gohoops_event_id"":490,""gohoops_season_id"":213,""name"":""臺北台新戰神"",""status"":""ACTIVE"",""meta"":{""logo"":""https://assets.tpbl.basketball/logos/mars.webp"",""alt_name"":""mars""},""is_league"":false,""won_score"":91,""lost_score"":110},""away_team"":{""id"":3,""gohoops_id"":941,""gohoops_squad_id"":11936,""gohoops_event_id"":490,""gohoops_season_id"":213,""name"":""福爾摩沙夢想家"",""status"":""ACTIVE"",""meta"":{""logo"":""https://assets.tpbl.basketball/logos/dreamers.webp"",""alt_name"":""dreamers""},""is_league"":false,""won_score"":110,""lost_score"":91},""venue"":""和平籃球館"",""status"":""COMPLETED"",""is_live"":false,""round"":4,""meta"":{""recap"":""https://youtu.be/I7ZVnHLLQO4"",""visitors"":""5162"",""live_stream_url"":""https://youtube.com/live/vjBOFC4UP7g?feature=share"",""judgement_report"":""https://drive.google.com/file/d/1B4XRijKW-O9maYWJiR351I9xinnea5t6/view?usp=drive_link""},""game_date"":""2026-01-10"",""game_day_of_week"":""(六)"",""game_time"":""17:00:00"",""gamed_at"":""2026-01-10 17:00:00""}"
2025-26,1429,1429,8120,9,358,59,高雄巨蛋,COMPLETED,False,4,2026-01-11,(日),14:30:00,2026-01-11 14:30:00,"{""id"":1429,""gohoops_id"":8120,""division_id"":9,""gohoops_division_id"":358,""code"":""59"",""home_team"":{""id"":2,""gohoops_id"":940,""gohoops_squad_id"":11937,""gohoops_event_id"":490,""gohoops_season_id"":213,""name"":""高雄全家海神"",""status"":""ACTIVE"",""meta"":{""logo"":""https://assets.tpbl.basketball/logos/aquas.webp"",""alt_name"":""aquas""},""is_league"":false,""won_score"":79,""lost_score"":95},""away_team"":{""id"":4,""gohoops_id"":942,""gohoops_squad_id"":11935,""gohoops_event_id"":490,""gohoops_season_id"":213,""name"":""新竹御嵿攻城獅"",""status"":""ACTIVE"",""meta"":{""logo"":""https://assets.tpbl.basketball/logos/lioneers.webp"",""alt_name"":""lioneers""},""is_league"":false,""won_score"":95,""lost_score"":79},""venue"":""高雄巨蛋"",""status"":""COMPLETED"",""is_live"":false,""round"":4,""meta"":{""recap"":""https://youtu.be/Q-P_2L_Wb3U"",""visitors"":""4858"",""live_stream_url"":""https://youtube.com/live/NljeNYxN4f8?feature=share"",""judgement_report"":""https://drive.google.com/file/d/1z6KZ4CIs5dSIIJBo4NVJWZxphPXNNzdx/view?usp=drive_link""},""game_date"":""2026-01-11"",""game_day_of_week"":""(日)"",""game_time"":""14:30:00"",""gamed_at"":""2026-01-11 14:30:00""}"
2025-26,1430,1430,8121,9,358,60,和平籃球館,COMPLETED,False,4,2026-01-11,(日),17:00:00,2026-01-11 17:00:00,"{""id"":1430,""gohoops_id"":8121,""division_id"":9,""gohoops_division_id"":358,""code"":""60"",""home_team"":{""id"":8,""gohoops_id"":946,""gohoops_squad_id"":11931,""gohoops_event_id"":490,""gohoops_season_id"":213,""name"":""臺北台新戰神"",""status"":""ACTIVE"",""meta"":{""logo"":""https://assets.tpbl.basketball/logos/mars.webp"",""alt_name"":""mars""},""is_league"":false,""won_score"":114,""lost_score"":108},""away_team"":{""id"":5,""gohoops_id"":943,""gohoops_squad_id"":11934,""gohoops_event_id"":490,""gohoops_season_id"":213,""name"":""桃園台啤永豐雲豹"",""status"":""ACTIVE"",""meta"":{""logo"":""https://assets.tpbl.basketball/logos/leopards.webp"",""alt_name"":""leopards""},""is_league"":false,""won_score"":108,""lost_score"":114},""venue"":""和平籃球館"",""status"":""COMPLETED"",""is_live"":false,""round"":4,""meta"":{""recap"":""https://youtu.be/cxHPFWE6lpY"",""visitors"":""4071"",""live_stream_url"":""https://youtube.com/live/Wy2LExIjbFA"",""judgement_report"":""https://drive.google.com/file/d/1HKmU59cksYvE6tSCLKKlUXmRzuMw4cv5/view?usp=drive_link""},""game_date"":""2026-01-11"",""game_day_of_week"":""(日)"",""game_time"":""17:00:00"",""gamed_at"":""2026-01-11 17:00:00""}"
2025-26,1431,1431,8122,9,358,61,臺中洲際迷你蛋,COMPLETED,False,4,2026-01-17,(六),14:30:00,2026-01-17 14:30:00,"{""id"":1431,""gohoops_id"":8122,""division_id"":9,""gohoops_division_id"":358,""code"":""61"",""home_team"":{""id"":3,""gohoops_id"":941,""gohoops_squad_id"":11936,""gohoops_event_id"":490,""gohoops_season_id"":213,""name"":""福爾摩沙夢想家"",""status"":""ACTIVE"",""meta"":{""logo"":""https://assets.tpbl.basketball/logos/dreamers.webp"",""alt_name"":""dreamers""},""is_league"":false,""won_score"":116,""lost_score"":96},""away_team"":{""id"":7,""gohoops_id"":945,""gohoops_squad_id"":11932,""gohoops_event_id"":490,""gohoops_season_id"":213,""name"":""新北國王"",""status"":""ACTIVE"",""meta"":{""logo"":""https://assets.tpbl.basketball/logos/kings.webp"",""alt_name"":""kings""},""is_league"":false,""won_score"":96,""lost_score"":116},""venue"":""臺中洲際迷你蛋"",""status"":""COMPLETED"",""is_live"":false,""round"":4,""meta"":{""recap"":""https://youtu.be/dRIBSgwD1ik"",""visitors"":""3000"",""live_stream_url"":""https://youtube.com/live/JdykizsM_EM?feature=share"",""judgement_report"":""https://drive.google.com/file/d/1Ik-82NBEKYQOMmGaT-tEabrmBhXHpXUo/view?usp=drive_link""},""game_date"":""2026-01-17"",""game_day_of_week"":""(六)"",""game_time"":""14:30:00"",""gamed_at"":""2026-01-17 14:30:00""}"
2025-26,1432,1432,8123,9,358,62,和平籃球館,COMPLETED,False,4,2026-01-17,(六),17:00:00,2026-01-17 17:00:00,"{""id"":1432,""gohoops_id"":8123,""division_id"":9,""gohoops_division_id"":358,""code"":""62"",""home_team"":{""id"":8,""gohoops_id"":946,""gohoops_squad_id"":11931,""gohoops_event_id"":490,""gohoops_season_id"":213,""name"":""臺北台新戰神"",""status"":""ACTIVE"",""meta"":{""logo"":""https://assets.tpbl.basketball/logos/mars.webp"",""alt_name"":""mars""},""is_league"":false,""won_score"":79,""lost_score"":95},""away_team"":{""id"":6,""gohoops_id"":944,""gohoops_squad_id"":11933,""gohoops_event_id"":490,""gohoops_season_id"":213,""name"":""新北中信特攻"",""status"":""ACTIVE"",""meta"":{""logo"":""https://assets.tpbl.basketball/logos/dea.webp"",""alt_name"":""dea""},""is_league"":false,""won_score"":95,""lost_score"":79},""venue"":""和平籃球館"",""status"":""COMPLETED"",""is_live"":false,""round"":4,""meta"":{""recap"":""https://www.youtube.com/watch?v=4tTPNs-dUtM"",""visitors"":""4550"",""live_stream_url"":""https://www.youtube.com/watch?v=Nfya4rpcNms"",""judgement_report"":""https://drive.google.com/file/d/11x2gUpPRRT2CoDQtZwiChypnWkva73bP/view?usp=drive_link""},""game_date"":""2026-01-17"",""game_day_of_week"":""(六)"",""game_time"":""17:00:00"",""gamed_at"":""2026-01-17 17:00:00""}"
2025-26,1433,1433,8124,9,358,63,臺中洲際迷你蛋,COMPLETED,False,4,2026-01-18,(日),14:30:00,2026-01-18 14:30:00,"{""id"":1433,""gohoops_id"":8124,""division_id"":9,""gohoops_division_id"":358,""code"":""63"",""home_team"":{""id"":3,""gohoops_id"":941,""gohoops_squad_id"":11936,""gohoops_event_id"":490,""gohoops_season_id"":213,""name"":""福爾摩沙夢想家"",""status"":""ACTIVE"",""meta"":{""logo"":""https://assets.tpbl.basketball/logos/dreamers.webp"",""alt_name"":""dreamers""},""is_league"":false,""won_score"":91,""lost_score"":98},""away_team"":{""id"":5,""gohoops_id"":943,""gohoops_squad_id"":11934,""gohoops_event_id"":490,""gohoops_season_id"":213,""name"":""桃園台啤永豐雲豹"",""status"":""ACTIVE"",""meta"":{""logo"":""https://assets.tpbl.basketball/logos/leopards.webp"",""alt_name"":""leopards""},""is_league"":false,""won_score"":98,""lost_score"":91},""venue"":""臺中洲際迷你蛋"",""status"":""COMPLETED"",""is_live"":false,""round"":4,""meta"":{""recap"":""https://youtu.be/PDyqiUgCpGM"",""visitors"":""3000"",""live_stream_url"":""https://youtube.com/live/U35tNU-Jy5E"",""judgement_report"":""https://drive.google.com/file/d/1qVhknLPK0ugoQlDMN_IF8jVvFlzIey6S/view?usp=drive_link""},""game_date"":""2026-01-18"",""game_day_of_week"":""(日)"",""game_time"":""14:30:00"",""gamed_at"":""2026-01-18 14:30:00""}"
2025-26,1434,1434,8125,9,358,64,和平籃球館,COMPLETED,False,4,2026-01-18,(日),17:00:00,2026-01-18 17:00:00,"{""id"":1434,""gohoops_id"":8125,""division_id"":9,""gohoops_division_id"":358,""code"":""64"",""home_team"":{""id"":8,""gohoops_id"":946,""gohoops_squad_id"":11931,""gohoops_event_id"":490,""gohoops_season_id"":213,""name"":""臺北台新戰神"",""status"":""ACTIVE"",""meta"":{""logo"":""https://assets.tpbl.basketball/logos/mars.webp"",""alt_name"":""mars""},""is_league"":false,""won_score"":98,""lost_score"":101},""away_team"":{""id"":4,""gohoops_id"":942,""gohoops_squad_id"":11935,""gohoops_event_id"":490,""gohoops_season_id"":213,""name"":""新竹御嵿攻城獅"",""status"":""ACTIVE"",""meta"":{""logo"":""https://assets.tpbl.basketball/logos/lioneers.webp"",""alt_name"":""lioneers""},""is_league"":false,""won_score"":101,""lost_score"":98},""venue"":""和平籃球館"",""status"":""COMPLETED"",""is_live"":false,""round"":4,""meta"":{""recap"":""https://youtu.be/IXVypJW6uLA"",""visitors"":""4075"",""live_stream_url"":""https://youtube.com/live/gw0QjTh6ICA?feature=share"",""judgement_report"":""https://drive.google.com/file/d/1MxSmf7BjtufDcIpNFJLXGSQ-b0x5YZWB/view?usp=drive_link""},""game_date"":""2026-01-18"",""game_day_of_week"":""(日)"",""game_time"":""17:00:00"",""gamed_at"":""2026-01-18 17:00:00""}"
2025-26,1435,1435,8126,9,358,65,新莊體育館,COMPLETED,False,4,2026-01-24,(六),14:30:00,2026-01-24 14:30:00,"{""id"":1435,""gohoops_id"":8126,""division_id"":9,""gohoops_division_id"":358,""code"":""65"",""home_team"":{""id"":6,""gohoops_id"":944,""gohoops_squad_id"":11933,""gohoops_event_id"":490,""gohoops_season_id"":213,""name"":""新北中信特攻"",""status"":""ACTIVE"",""meta"":{""logo"":""https://assets.tpbl.basketball/logos/dea.webp"",""alt_name"":""dea""},""is_league"":false,""won_score"":133,""lost_score"":91},""away_team"":{""id"":2,""gohoops_id"":940,""gohoops_squad_id"":11937,""gohoops_event_id"":490,""gohoops_season_id"":213,""name"":""高雄全家海神"",""status"":""ACTIVE"",""meta"":{""logo"":""https://assets.tpbl.basketball/logos/aquas.webp"",""alt_name"":""aquas""},""is_league"":false,""won_score"":91,""lost_score"":133},""venue"":""新莊體育館"",""status"":""COMPLETED"",""is_live"":false,""round"":4,""meta"":{""recap"":""https://youtu.be/j0_iYAAfP5k?si=SDVOVTuaEUJ5SY_B"",""visitors"":""4006"",""live_stream_url"":""https://www.youtube.com/live/8sfFUke60YI?si=oF0QuMACnYUrBAgx"",""judgement_report"":""https://drive.google.com/file/d/1wO65EOE0NPkne62a37Asj0CSJEfNUeyQ/view?usp=sharing""},""game_date"":""2026-01-24"",""game_day_of_week"":""(六)"",""game_time"":""14:30:00"",""gamed_at"":""2026-01-24 14:30:00""}"
2025-26,1436,1436,8127,9,358,66,新竹縣體育館,COMPLETED,False,4,2026-01-24,(六),17:00:00,2026-01-24 17:00:00,"{""id"":1436,""gohoops_id"":8127,""division_id"":9,""gohoops_division_id"":358,""code"":""66"",""home_team"":{""id"":4,""gohoops_id"":942,""gohoops_squad_id"":11935,""gohoops_event_id"":490,""gohoops_season_id"":213,""name"":""新竹御嵿攻城獅"",""status"":""ACTIVE"",""meta"":{""logo"":""https://assets.tpbl.basketball/logos/lioneers.webp"",""alt_name"":""lioneers""},""is_league"":false,""won_score"":95,""lost_score"":91},""away_team"":{""id"":3,""gohoops_id"":941,""gohoops_squad_id"":11936,""gohoops_event_id"":490,""gohoops_season_id"":213,""name"":""福爾摩沙夢想家"",""status"":""ACTIVE"",""meta"":{""logo"":""https://assets.tpbl.basketball/logos/dreamers.webp"",""alt_name"":""dreamers""},""is_league"":false,""won_score"":91,""lost_score"":95},""venue"":""新竹縣體育館"",""status"":""COMPLETED"",""is_live"":false,""round"":4,""meta"":{""recap"":""https://youtu.be/mop0IDa6TSk"",""visitors"":""5897"",""live_stream_url"":""https://youtube.com/live/BNu6t-r7A50?feature=share"",""judgement_report"":""https://drive.google.com/file/d/1dz1uKNLIEmQRrNp_JVkj1-sy7BgnGWaB/view?usp=drive_link""},""game_date"":""2026-01-24"",""game_day_of_week"":""(六)"",""game_time"":""17:00:00"",""gamed_at"":""2026-01-24 17:00:00""}"
2025-26,1437,1437,8128,9,358,67,新莊體育館,COMPLETED,False,4,2026-01-25,(日),14:30:00,2026-01-25 14:30:00,"{""id"":1437,""gohoops_id"":8128,""division_id"":9,""gohoops_division_id"":358,""code"":""67"",""home_team"":{""id"":6,""gohoops_id"":944,""gohoops_squad_id"":11933,""gohoops_event_id"":490,""gohoops_season_id"":213,""name"":""新北中信特攻"",""status"":""ACTIVE"",""meta"":{""logo"":""https://assets.tpbl.basketball/logos/dea.webp"",""alt_name"":""dea""},""is_league"":false,""won_score"":104,""lost_score"":112},""away_team"":{""id"":8,""gohoops_id"":946,""gohoops_squad_id"":11931,""gohoops_event_id"":490,""gohoops_season_id"":213,""name"":""臺北台新戰神"",""status"":""ACTIVE"",""meta"":{""logo"":""https://assets.tpbl.basketball/logos/mars.webp"",""alt_name"":""mars""},""is_league"":false,""won_score"":112,""lost_score"":104},""venue"":""新莊體育館"",""status"":""COMPLETED"",""is_live"":false,""round"":4,""meta"":{""recap"":""https://youtu.be/3VR0fjx3T9s?si=F4Qp2UJ1ytwRAqRh"",""visitors"":""4165"",""live_stream_url"":""https://www.youtube.com/live/78YDRrPQ25k?si=kg0hTHgZ4qAd8fb1"",""judgement_report"":""https://drive.google.com/file/d/1lLaM5ZvFSKNyqRoHbEtUuI72r3AMcF49/view?usp=drive_link""},""game_date"":""2026-01-25"",""game_day_of_week"":""(日)"",""game_time"":""14:30:00"",""gamed_at"":""2026-01-25 14:30:00""}"
2025-26,1438,1438,8129,9,358,68,新竹縣體育館,COMPLETED,False,4,2026-01-25,(日),17:00:00,2026-01-25 17:00:00,"{""id"":1438,""gohoops_id"":8129,""division_id"":9,""gohoops_division_id"":358,""code"":""68"",""home_team"":{""id"":4,""gohoops_id"":942,""gohoops_squad_id"":11935,""gohoops_event_id"":490,""gohoops_season_id"":213,""name"":""新竹御嵿攻城獅"",""status"":""ACTIVE"",""meta"":{""logo"":""https://assets.tpbl.basketball/logos/lioneers.webp"",""alt_name"":""lioneers""},""is_league"":false,""won_score"":87,""lost_score"":94},""away_team"":{""id"":7,""gohoops_id"":945,""gohoops_squad_id"":11932,""gohoops_event_id"":490,""gohoops_season_id"":213,""name"":""新北國王"",""status"":""ACTIVE"",""meta"":{""logo"":""https://assets.tpbl.basketball/logos/kings.webp"",""alt_name"":""kings""},""is_league"":false,""won_score"":94,""lost_score"":87},""venue"":""新竹縣體育館"",""status"":""COMPLETED"",""is_live"":false,""round"":4,""meta"":{""recap"":""https://youtu.be/NJqTgXf-c8s?"",""visitors"":""5559"",""live_stream_url"":""https://www.youtube.com/live/9YVO6x2PVjM?si=tt2ndYE8HYRF_BEq"",""judgement_report"":""https://drive.google.com/file/d/1O1Z5YYm9nz1OqNivnGE3dqXo504bydk5/view?usp=drive_link""},""game_date"":""2026-01-25"",""game_day_of_week"":""(日)"",""game_time"":""17:00:00"",""gamed_at"":""2026-01-25 17:00:00""}"
2025-26,1439,1439,8130,9,358,69,臺中洲際迷你蛋,COMPLETED,False,4,2026-01-31,(六),14:30:00,2026-01-31 14:30:00,"{""id"":1439,""gohoops_id"":8130,""division_id"":9,""gohoops_division_id"":358,""code"":""69"",""home_team"":{""id"":3,""gohoops_id"":941,""gohoops_squad_id"":11936,""gohoops_event_id"":490,""gohoops_season_id"":213,""name"":""福爾摩沙夢想家"",""status"":""ACTIVE"",""meta"":{""logo"":""https://assets.tpbl.basketball/logos/dreamers.webp"",""alt_name"":""dreamers""},""is_league"":false,""won_score"":97,""lost_score"":114},""away_team"":{""id"":7,""gohoops_id"":945,""gohoops_squad_id"":11932,""gohoops_event_id"":490,""gohoops_season_id"":213,""name"":""新北國王"",""status"":""ACTIVE"",""meta"":{""logo"":""https://assets.tpbl.basketball/logos/kings.webp"",""alt_name"":""kings""},""is_league"":false,""won_score"":114,""lost_score"":97},""venue"":""臺中洲際迷你蛋"",""status"":""COMPLETED"",""is_live"":false,""round"":4,""meta"":{""recap"":""https://youtu.be/dCJwafnsr1s?si=VAau22CjXVjqza4k"",""visitors"":""2778"",""live_stream_url"":""https://www.youtube.com/live/W4y1VUJLq8E?si=h8KpH1ZV85vNbHZM"",""judgement_report"":""https://drive.google.com/file/d/1JrHcDOwxWk6Bc2yheY2b0C1wiYnhSv9a/view?usp=sharing""},""game_date"":""2026-01-31"",""game_day_of_week"":""(六)"",""game_time"":""14:30:00"",""gamed_at"":""2026-01-31 14:30:00""}"
2025-26,1440,1440,8131,9,358,70,中壢國民運動中心,COMPLETED,False,4,2026-01-31,(六),17:00:00,2026-01-31 17:00:00,"{""id"":1440,""gohoops_id"":8131,""division_id"":9,""gohoops_division_id"":358,""code"":""70"",""home_team"":{""id"":5,""gohoops_id"":943,""gohoops_squad_id"":11934,""gohoops_event_id"":490,""gohoops_season_id"":213,""name"":""桃園台啤永豐雲豹"",""status"":""ACTIVE"",""meta"":{""logo"":""https://assets.tpbl.basketball/logos/leopards.webp"",""alt_name"":""leopards""},""is_league"":false,""won_score"":92,""lost_score"":88},""away_team"":{""id"":4,""gohoops_id"":942,""gohoops_squad_id"":11935,""gohoops_event_id"":490,""gohoops_season_id"":213,""name"":""新竹御嵿攻城獅"",""status"":""ACTIVE"",""meta"":{""logo"":""https://assets.tpbl.basketball/logos/lioneers.webp"",""alt_name"":""lioneers""},""is_league"":false,""won_score"":88,""lost_score"":92},""venue"":""中壢國民運動中心"",""status"":""COMPLETED"",""is_live"":false,""round"":4,""meta"":{""recap"":""https://youtu.be/ub2gNUotDWM?si=NDuQ9Cjx8NwUwMOi"",""visitors"":""2000"",""live_stream_url"":""https://www.youtube.com/live/zUZ7G5dzv3c?si=1k2nEJP3g5usqXsn"",""judgement_report"":""https://drive.google.com/file/d/1PX5TyScTwRA0TLmCGsWnJOOsN7h_xvAz/view?usp=drive_link""},""game_date"":""2026-01-31"",""game_day_of_week"":""(六)"",""game_time"":""17:00:00"",""gamed_at"":""2026-01-31 17:00:00""}"
2025-26,1441,1441,8132,9,358,71,臺中洲際迷你蛋,COMPLETED,False,4,2026-02-01,(日),14:30:00,2026-02-01 14:30:00,"{""id"":1441,""gohoops_id"":8132,""division_id"":9,""gohoops_division_id"":358,""code"":""71"",""home_team"":{""id"":3,""gohoops_id"":941,""gohoops_squad_id"":11936,""gohoops_event_id"":490,""gohoops_season_id"":213,""name"":""福爾摩沙夢想家"",""status"":""ACTIVE"",""meta"":{""logo"":""https://assets.tpbl.basketball/logos/dreamers.webp"",""alt_name"":""dreamers""},""is_league"":false,""won_score"":96,""lost_score"":93},""away_team"":{""id"":2,""gohoops_id"":940,""gohoops_squad_id"":11937,""gohoops_event_id"":490,""gohoops_season_id"":213,""name"":""高雄全家海神"",""status"":""ACTIVE"",""meta"":{""logo"":""https://assets.tpbl.basketball/logos/aquas.webp"",""alt_name"":""aquas""},""is_league"":false,""won_score"":93,""lost_score"":96},""venue"":""臺中洲際迷你蛋"",""status"":""COMPLETED"",""is_live"":false,""round"":4,""meta"":{""recap"":""https://youtu.be/vv8iL5Pn3BM"",""visitors"":""2899"",""live_stream_url"":""https://www.youtube.com/watch?v=wHF3FXUAXz8"",""judgement_report"":""https://drive.google.com/file/d/1ezx8XCD5809hTEfedPggyljUxIo6gzpF/view?usp=drive_link""},""game_date"":""2026-02-01"",""game_day_of_week"":""(日)"",""game_time"":""14:30:00"",""gamed_at"":""2026-02-01 14:30:00""}"
2025-26,1442,1442,8133,9,358,72,中壢國民運動中心,COMPLETED,False,4,2026-02-01,(日),17:00:00,2026-02-01 17:00:00,"{""id"":1442,""gohoops_id"":8133,""division_id"":9,""gohoops_division_id"":358,""code"":""72"",""home_team"":{""id"":5,""gohoops_id"":943,""gohoops_squad_id"":11934,""gohoops_event_id"":490,""gohoops_season_id"":213,""name"":""桃園台啤永豐雲豹"",""status"":""ACTIVE"",""meta"":{""logo"":""https://assets.tpbl.basketball/logos/leopards.webp"",""alt_name"":""leopards""},""is_league"":false,""won_score"":98,""lost_score"":87},""away_team"":{""id"":8,""gohoops_id"":946,""gohoops_squad_id"":11931,""gohoops_event_id"":490,""gohoops_season_id"":213,""name"":""臺北台新戰神"",""status"":""ACTIVE"",""meta"":{""logo"":""https://assets.tpbl.basketball/logos/mars.webp"",""alt_name"":""mars""},""is_league"":false,""won_score"":87,""lost_score"":98},""venue"":""中壢國民運動中心"",""status"":""COMPLETED"",""is_live"":false,""round"":4,""meta"":{""recap"":""https://youtu.be/kig8U4oXGZs"",""visitors"":""2000"",""live_stream_url"":""https://www.youtube.com/live/SVc6bmUaUl8?si=GFEd6Tpy3zKcV1Oe"",""judgement_report"":""https://drive.google.com/file/d/1564LkqYohNrt3yBZHmMTD-EuCxRbSkpI/view?usp=drive_link""},""game_date"":""2026-02-01"",""game_day_of_week"":""(日)"",""game_time"":""17:00:00"",""gamed_at"":""2026-02-01 17:00:00""}"
2025-26,1443,1443,8134,9,358,73,高雄巨蛋,COMPLETED,False,4,2026-02-07,(六),14:30:00,2026-02-07 14:30:00,"{""id"":1443,""gohoops_id"":8134,""division_id"":9,""gohoops_division_id"":358,""code"":""73"",""home_team"":{""id"":2,""gohoops_id"":940,""gohoops_squad_id"":11937,""gohoops_event_id"":490,""gohoops_season_id"":213,""name"":""高雄全家海神"",""status"":""ACTIVE"",""meta"":{""logo"":""https://assets.tpbl.basketball/logos/aquas.webp"",""alt_name"":""aquas""},""is_league"":false,""won_score"":75,""lost_score"":101},""away_team"":{""id"":5,""gohoops_id"":943,""gohoops_squad_id"":11934,""gohoops_event_id"":490,""gohoops_season_id"":213,""name"":""桃園台啤永豐雲豹"",""status"":""ACTIVE"",""meta"":{""logo"":""https://assets.tpbl.basketball/logos/leopards.webp"",""alt_name"":""leopards""},""is_league"":false,""won_score"":101,""lost_score"":75},""venue"":""高雄巨蛋"",""status"":""COMPLETED"",""is_live"":false,""round"":4,""meta"":{""recap"":""https://youtu.be/rQdnLkO_EHE"",""visitors"":""5075"",""live_stream_url"":""https://www.youtube.com/live/NXdQhV2o75c?si=N-dDqJFPICntvJdb"",""judgement_report"":""https://drive.google.com/file/d/1EQPNxEw9J9ykZgTFHd3aG02v3LVc0mVD/view?usp=drive_link""},""game_date"":""2026-02-07"",""game_day_of_week"":""(六)"",""game_time"":""14:30:00"",""gamed_at"":""2026-02-07 14:30:00""}"
2025-26,1444,1444,8135,9,358,74,和平籃球館,COMPLETED,False,4,2026-02-07,(六),17:00:00,2026-02-07 17:00:00,"{""id"":1444,""gohoops_id"":8135,""division_id"":9,""gohoops_division_id"":358,""code"":""74"",""home_team"":{""id"":8,""gohoops_id"":946,""gohoops_squad_id"":11931,""gohoops_event_id"":490,""gohoops_season_id"":213,""name"":""臺北台新戰神"",""status"":""ACTIVE"",""meta"":{""logo"":""https://assets.tpbl.basketball/logos/mars.webp"",""alt_name"":""mars""},""is_league"":false,""won_score"":96,""lost_score"":98},""away_team"":{""id"":7,""gohoops_id"":945,""gohoops_squad_id"":11932,""gohoops_event_id"":490,""gohoops_season_id"":213,""name"":""新北國王"",""status"":""ACTIVE"",""meta"":{""logo"":""https://assets.tpbl.basketball/logos/kings.webp"",""alt_name"":""kings""},""is_league"":false,""won_score"":98,""lost_score"":96},""venue"":""和平籃球館"",""status"":""COMPLETED"",""is_live"":false,""round"":4,""meta"":{""recap"":""https://youtu.be/uXQkddLMC1A?si=4fji_sDhQnHFbco6"",""visitors"":""5176"",""live_stream_url"":""https://www.youtube.com/live/29fKojLlX9M?si=8zPjgu4LKUapjspK"",""judgement_report"":""https://drive.google.com/file/d/1JAloZc-FAlchumVS1iel1G8POb8qqmgJ/view?usp=drive_link""},""game_date"":""2026-02-07"",""game_day_of_week"":""(六)"",""game_time"":""17:00:00"",""gamed_at"":""2026-02-07 17:00:00""}"
2025-26,1445,1445,8136,9,358,75,高雄巨蛋,COMPLETED,False,4,2026-02-08,(日),14:30:00,2026-02-08 14:30:00,"{""id"":1445,""gohoops_id"":8136,""division_id"":9,""gohoops_division_id"":358,""code"":""75"",""home_team"":{""id"":2,""gohoops_id"":940,""gohoops_squad_id"":11937,""gohoops_event_id"":490,""gohoops_season_id"":213,""name"":""高雄全家海神"",""status"":""ACTIVE"",""meta"":{""logo"":""https://assets.tpbl.basketball/logos/aquas.webp"",""alt_name"":""aquas""},""is_league"":false,""won_score"":84,""lost_score"":113},""away_team"":{""id"":6,""gohoops_id"":944,""gohoops_squad_id"":11933,""gohoops_event_id"":490,""gohoops_season_id"":213,""name"":""新北中信特攻"",""status"":""ACTIVE"",""meta"":{""logo"":""https://assets.tpbl.basketball/logos/dea.webp"",""alt_name"":""dea""},""is_league"":false,""won_score"":113,""lost_score"":84},""venue"":""高雄巨蛋"",""status"":""COMPLETED"",""is_live"":false,""round"":4,""meta"":{""recap"":""https://youtu.be/1D-m_X_WyhU"",""visitors"":""4659"",""live_stream_url"":""https://www.youtube.com/live/aSV4QB9A4SM?si=dvBV4L-WcqD63Zcq"",""judgement_report"":""https://drive.google.com/file/d/1e37bozyjN7YDy1mF9ZBmAG8V2epedUOi/view?usp=drive_link""},""game_date"":""2026-02-08"",""game_day_of_week"":""(日)"",""game_time"":""14:30:00"",""gamed_at"":""2026-02-08 14:30:00""}"
2025-26,1446,1446,8137,9,358,76,和平籃球館,COMPLETED,False,4,2026-02-08,(日),17:00:00,2026-02-08 17:00:00,"{""id"":1446,""gohoops_id"":8137,""division_id"":9,""gohoops_division_id"":358,""code"":""76"",""home_team"":{""id"":8,""gohoops_id"":946,""gohoops_squad_id"":11931,""gohoops_event_id"":490,""gohoops_season_id"":213,""name"":""臺北台新戰神"",""status"":""ACTIVE"",""meta"":{""logo"":""https://assets.tpbl.basketball/logos/mars.webp"",""alt_name"":""mars""},""is_league"":false,""won_score"":91,""lost_score"":104},""away_team"":{""id"":3,""gohoops_id"":941,""gohoops_squad_id"":11936,""gohoops_event_id"":490,""gohoops_season_id"":213,""name"":""福爾摩沙夢想家"",""status"":""ACTIVE"",""meta"":{""logo"":""https://assets.tpbl.basketball/logos/dreamers.webp"",""alt_name"":""dreamers""},""is_league"":false,""won_score"":104,""lost_score"":91},""venue"":""和平籃球館"",""status"":""COMPLETED"",""is_live"":false,""round"":4,""meta"":{""recap"":""https://youtu.be/-mRFhaau1yA"",""visitors"":""4520"",""live_stream_url"":""https://youtube.com/live/m5oXjfK1pUs?feature=share"",""judgement_report"":""https://drive.google.com/file/d/1t3Wp7kCmynqgqJK_c4C-fFo1EQeKQckt/view?usp=drive_link""},""game_date"":""2026-02-08"",""game_day_of_week"":""(日)"",""game_time"":""17:00:00"",""gamed_at"":""2026-02-08 17:00:00""}"
2025-26,1447,1447,8138,9,358,77,和平籃球館,COMPLETED,False,4,2026-02-11,(三),19:00:00,2026-02-11 19:00:00,"{""id"":1447,""gohoops_id"":8138,""division_id"":9,""gohoops_division_id"":358,""code"":""77"",""home_team"":{""id"":8,""gohoops_id"":946,""gohoops_squad_id"":11931,""gohoops_event_id"":490,""gohoops_season_id"":213,""name"":""臺北台新戰神"",""status"":""ACTIVE"",""meta"":{""logo"":""https://assets.tpbl.basketball/logos/mars.webp"",""alt_name"":""mars""},""is_league"":false,""won_score"":90,""lost_score"":104},""away_team"":{""id"":2,""gohoops_id"":940,""gohoops_squad_id"":11937,""gohoops_event_id"":490,""gohoops_season_id"":213,""name"":""高雄全家海神"",""status"":""ACTIVE"",""meta"":{""logo"":""https://assets.tpbl.basketball/logos/aquas.webp"",""alt_name"":""aquas""},""is_league"":false,""won_score"":104,""lost_score"":90},""venue"":""和平籃球館"",""status"":""COMPLETED"",""is_live"":false,""round"":4,""meta"":{""recap"":""https://youtu.be/CJKS5rBxfJc"",""visitors"":""3291"",""live_stream_url"":""https://youtube.com/live/e2hvKz4D6MM?feature=share"",""judgement_report"":""https://drive.google.com/file/d/1Uf4ea9e7ZZAhA1VF08_UrDw-80Np_SY_/view?usp=drive_link""},""game_date"":""2026-02-11"",""game_day_of_week"":""(三)"",""game_time"":""19:00:00"",""gamed_at"":""2026-02-11 19:00:00""}"
2025-26,1448,1448,8139,9,358,78,新莊體育館,COMPLETED,False,4,2026-02-14,(六),14:30:00,2026-02-14 14:30:00,"{""id"":1448,""gohoops_id"":8139,""division_id"":9,""gohoops_division_id"":358,""code"":""78"",""home_team"":{""id"":7,""gohoops_id"":945,""gohoops_squad_id"":11932,""gohoops_event_id"":490,""gohoops_season_id"":213,""name"":""新北國王"",""status"":""ACTIVE"",""meta"":{""logo"":""https://assets.tpbl.basketball/logos/kings.webp"",""alt_name"":""kings""},""is_league"":false,""won_score"":116,""lost_score"":95},""away_team"":{""id"":8,""gohoops_id"":946,""gohoops_squad_id"":11931,""gohoops_event_id"":490,""gohoops_season_id"":213,""name"":""臺北台新戰神"",""status"":""ACTIVE"",""meta"":{""logo"":""https://assets.tpbl.basketball/logos/mars.webp"",""alt_name"":""mars""},""is_league"":false,""won_score"":95,""lost_score"":116},""venue"":""新莊體育館"",""status"":""COMPLETED"",""is_live"":false,""round"":4,""meta"":{""recap"":""https://youtu.be/BUf7i90qsnY"",""visitors"":""3833"",""live_stream_url"":""https://www.youtube.com/live/NOaYUCQwi_4?si=1QMhe9qvvnnZPvF5"",""judgement_report"":""https://drive.google.com/file/d/1ErjijSp8jFN0ZdE9JZqegfRk_9qwltxk/view?usp=drive_link""},""game_date"":""2026-02-14"",""game_day_of_week"":""(六)"",""game_time"":""14:30:00"",""gamed_at"":""2026-02-14 14:30:00""}"
2025-26,1449,1449,8140,9,358,79,中壢國民運動中心,COMPLETED,False,4,2026-02-14,(六),17:00:00,2026-02-14 17:00:00,"{""id"":1449,""gohoops_id"":8140,""division_id"":9,""gohoops_division_id"":358,""code"":""79"",""home_team"":{""id"":5,""gohoops_id"":943,""gohoops_squad_id"":11934,""gohoops_event_id"":490,""gohoops_season_id"":213,""name"":""桃園台啤永豐雲豹"",""status"":""ACTIVE"",""meta"":{""logo"":""https://assets.tpbl.basketball/logos/leopards.webp"",""alt_name"":""leopards""},""is_league"":false,""won_score"":98,""lost_score"":100},""away_team"":{""id"":3,""gohoops_id"":941,""gohoops_squad_id"":11936,""gohoops_event_id"":490,""gohoops_season_id"":213,""name"":""福爾摩沙夢想家"",""status"":""ACTIVE"",""meta"":{""logo"":""https://assets.tpbl.basketball/logos/dreamers.webp"",""alt_name"":""dreamers""},""is_league"":false,""won_score"":100,""lost_score"":98},""venue"":""中壢國民運動中心"",""status"":""COMPLETED"",""is_live"":false,""round"":4,""meta"":{""recap"":""https://youtu.be/csivoUo0UgU"",""visitors"":""2000"",""live_stream_url"":""https://youtube.com/live/4efUnVouieM?feature=share"",""judgement_report"":""https://drive.google.com/file/d/1SYqm9p2kylx0U_ZLv8jGeaQddoh0VbUq/view?usp=drive_link""},""game_date"":""2026-02-14"",""game_day_of_week"":""(六)"",""game_time"":""17:00:00"",""gamed_at"":""2026-02-14 17:00:00""}"
2025-26,1450,1450,8141,9,358,80,新莊體育館,COMPLETED,False,4,2026-02-15,(日),14:30:00,2026-02-15 14:30:00,"{""id"":1450,""gohoops_id"":8141,""division_id"":9,""gohoops_division_id"":358,""code"":""80"",""home_team"":{""id"":7,""gohoops_id"":945,""gohoops_squad_id"":11932,""gohoops_event_id"":490,""gohoops_season_id"":213,""name"":""新北國王"",""status"":""ACTIVE"",""meta"":{""logo"":""https://assets.tpbl.basketball/logos/kings.webp"",""alt_name"":""kings""},""is_league"":false,""won_score"":100,""lost_score"":85},""away_team"":{""id"":4,""gohoops_id"":942,""gohoops_squad_id"":11935,""gohoops_event_id"":490,""gohoops_season_id"":213,""name"":""新竹御嵿攻城獅"",""status"":""ACTIVE"",""meta"":{""logo"":""https://assets.tpbl.basketball/logos/lioneers.webp"",""alt_name"":""lioneers""},""is_league"":false,""won_score"":85,""lost_score"":100},""venue"":""新莊體育館"",""status"":""COMPLETED"",""is_live"":false,""round"":4,""meta"":{""recap"":""https://youtu.be/Qz57HRSan-U"",""visitors"":""4059"",""live_stream_url"":""https://www.youtube.com/live/w6SvPaERzqA?si=WaCX6NPwWnFwdSPJ"",""judgement_report"":""https://drive.google.com/file/d/1zt_zHstvXULxGN9aRc7MJ-6e_sDVskzm/view?usp=drive_link""},""game_date"":""2026-02-15"",""game_day_of_week"":""(日)"",""game_time"":""14:30:00"",""gamed_at"":""2026-02-15 14:30:00""}"
2025-26,1451,1451,8142,9,358,81,中壢國民運動中心,COMPLETED,False,4,2026-02-15,(日),17:00:00,2026-02-15 17:00:00,"{""id"":1451,""gohoops_id"":8142,""division_id"":9,""gohoops_division_id"":358,""code"":""81"",""home_team"":{""id"":5,""gohoops_id"":943,""gohoops_squad_id"":11934,""gohoops_event_id"":490,""gohoops_season_id"":213,""name"":""桃園台啤永豐雲豹"",""status"":""ACTIVE"",""meta"":{""logo"":""https://assets.tpbl.basketball/logos/leopards.webp"",""alt_name"":""leopards""},""is_league"":false,""won_score"":96,""lost_score"":93},""away_team"":{""id"":6,""gohoops_id"":944,""gohoops_squad_id"":11933,""gohoops_event_id"":490,""gohoops_season_id"":213,""name"":""新北中信特攻"",""status"":""ACTIVE"",""meta"":{""logo"":""https://assets.tpbl.basketball/logos/dea.webp"",""alt_name"":""dea""},""is_league"":false,""won_score"":93,""lost_score"":96},""venue"":""中壢國民運動中心"",""status"":""COMPLETED"",""is_live"":false,""round"":4,""meta"":{""recap"":""https://youtu.be/2owxBJRKz4Y?si=EqsErPkRG4Ax4SSU"",""visitors"":""2000"",""live_stream_url"":""https://www.youtube.com/live/U114jMj4s2k?si=w14wpL_7Ftd7ZZok"",""judgement_report"":""https://drive.google.com/file/d/18z5vHjyeZMAGeilTq5BKF03SUhJ3yu-t/view?usp=drive_link""},""game_date"":""2026-02-15"",""game_day_of_week"":""(日)"",""game_time"":""17:00:00"",""gamed_at"":""2026-02-15 17:00:00""}"
2025-26,1452,1452,8143,9,358,82,新莊體育館,COMPLETED,False,4,2026-03-04,(三),19:00:00,2026-03-04 19:00:00,"{""id"":1452,""gohoops_id"":8143,""division_id"":9,""gohoops_division_id"":358,""code"":""82"",""home_team"":{""id"":7,""gohoops_id"":945,""gohoops_squad_id"":11932,""gohoops_event_id"":490,""gohoops_season_id"":213,""name"":""新北國王"",""status"":""ACTIVE"",""meta"":{""logo"":""https://assets.tpbl.basketball/logos/kings.webp"",""alt_name"":""kings""},""is_league"":false,""won_score"":100,""lost_score"":116},""away_team"":{""id"":5,""gohoops_id"":943,""gohoops_squad_id"":11934,""gohoops_event_id"":490,""gohoops_season_id"":213,""name"":""桃園台啤永豐雲豹"",""status"":""ACTIVE"",""meta"":{""logo"":""https://assets.tpbl.basketball/logos/leopards.webp"",""alt_name"":""leopards""},""is_league"":false,""won_score"":116,""lost_score"":100},""venue"":""新莊體育館"",""status"":""COMPLETED"",""is_live"":false,""round"":4,""meta"":{""recap"":""https://www.youtube.com/watch?v=sLlJwsYAKfo"",""visitors"":""3367"",""live_stream_url"":""https://www.youtube.com/watch?v=jhe-s_kWbJs"",""judgement_report"":""https://drive.google.com/file/d/1eMLIIrAJxRDWuNP7RcashnaX5xjMV7it/view?usp=drive_link""},""game_date"":""2026-03-04"",""game_day_of_week"":""(三)"",""game_time"":""19:00:00"",""gamed_at"":""2026-03-04 19:00:00""}"
2025-26,1453,1453,8144,9,358,83,新莊體育館,COMPLETED,False,4,2026-03-06,(五),19:00:00,2026-03-06 19:00:00,"{""id"":1453,""gohoops_id"":8144,""division_id"":9,""gohoops_division_id"":358,""code"":""83"",""home_team"":{""id"":7,""gohoops_id"":945,""gohoops_squad_id"":11932,""gohoops_event_id"":490,""gohoops_season_id"":213,""name"":""新北國王"",""status"":""ACTIVE"",""meta"":{""logo"":""https://assets.tpbl.basketball/logos/kings.webp"",""alt_name"":""kings""},""is_league"":false,""won_score"":93,""lost_score"":90},""away_team"":{""id"":8,""gohoops_id"":946,""gohoops_squad_id"":11931,""gohoops_event_id"":490,""gohoops_season_id"":213,""name"":""臺北台新戰神"",""status"":""ACTIVE"",""meta"":{""logo"":""https://assets.tpbl.basketball/logos/mars.webp"",""alt_name"":""mars""},""is_league"":false,""won_score"":90,""lost_score"":93},""venue"":""新莊體育館"",""status"":""COMPLETED"",""is_live"":false,""round"":4,""meta"":{""recap"":""https://www.youtube.com/watch?v=p-V0SeHtfxw"",""visitors"":""3716"",""live_stream_url"":""https://youtube.com/live/jhe-s_kWbJs"",""judgement_report"":""https://drive.google.com/file/d/1Ot8ICJsAacAYny4pu16VYdctTt-Jxksy/view?usp=drive_link""},""game_date"":""2026-03-06"",""game_day_of_week"":""(五)"",""game_time"":""19:00:00"",""gamed_at"":""2026-03-06 19:00:00""}"
2025-26,1454,1454,8145,9,358,84,高雄巨蛋,COMPLETED,False,4,2026-03-07,(六),14:30:00,2026-03-07 14:30:00,"{""id"":1454,""gohoops_id"":8145,""division_id"":9,""gohoops_division_id"":358,""code"":""84"",""home_team"":{""id"":2,""gohoops_id"":940,""gohoops_squad_id"":11937,""gohoops_event_id"":490,""gohoops_season_id"":213,""name"":""高雄全家海神"",""status"":""ACTIVE"",""meta"":{""logo"":""https://assets.tpbl.basketball/logos/aquas.webp"",""alt_name"":""aquas""},""is_league"":false,""won_score"":97,""lost_score"":107},""away_team"":{""id"":3,""gohoops_id"":941,""gohoops_squad_id"":11936,""gohoops_event_id"":490,""gohoops_season_id"":213,""name"":""福爾摩沙夢想家"",""status"":""ACTIVE"",""meta"":{""logo"":""https://assets.tpbl.basketball/logos/dreamers.webp"",""alt_name"":""dreamers""},""is_league"":false,""won_score"":107,""lost_score"":97},""venue"":""高雄巨蛋"",""status"":""COMPLETED"",""is_live"":false,""round"":4,""meta"":{""recap"":""https://youtu.be/5o58QCLXGkM"",""visitors"":""6051"",""live_stream_url"":""https://youtube.com/live/rGfPCO0ziBg?feature=share"",""judgement_report"":""https://drive.google.com/file/d/1r8g9BnB3P3rv0JXBE5k3mtWNtyqL5Ui1/view?usp=drive_link""},""game_date"":""2026-03-07"",""game_day_of_week"":""(六)"",""game_time"":""14:30:00"",""gamed_at"":""2026-03-07 14:30:00""}"
2025-26,1455,1455,8146,9,358,85,中壢國民運動中心,COMPLETED,False,4,2026-03-07,(六),17:00:00,2026-03-07 17:00:00,"{""id"":1455,""gohoops_id"":8146,""division_id"":9,""gohoops_division_id"":358,""code"":""85"",""home_team"":{""id"":5,""gohoops_id"":943,""gohoops_squad_id"":11934,""gohoops_event_id"":490,""gohoops_season_id"":213,""name"":""桃園台啤永豐雲豹"",""status"":""ACTIVE"",""meta"":{""logo"":""https://assets.tpbl.basketball/logos/leopards.webp"",""alt_name"":""leopards""},""is_league"":false,""won_score"":111,""lost_score"":114},""away_team"":{""id"":4,""gohoops_id"":942,""gohoops_squad_id"":11935,""gohoops_event_id"":490,""gohoops_season_id"":213,""name"":""新竹御嵿攻城獅"",""status"":""ACTIVE"",""meta"":{""logo"":""https://assets.tpbl.basketball/logos/lioneers.webp"",""alt_name"":""lioneers""},""is_league"":false,""won_score"":114,""lost_score"":111},""venue"":""中壢國民運動中心"",""status"":""COMPLETED"",""is_live"":false,""round"":4,""meta"":{""recap"":""https://youtu.be/BZClmMY025I"",""visitors"":""2000"",""live_stream_url"":""https://youtube.com/live/pHHqzLa6vnQ"",""judgement_report"":""https://drive.google.com/file/d/1hQ6iuVefXVHtdNUO313b9A9lE9yQkS-N/view?usp=drive_link""},""game_date"":""2026-03-07"",""game_day_of_week"":""(六)"",""game_time"":""17:00:00"",""gamed_at"":""2026-03-07 17:00:00""}"
2025-26,1456,1456,8147,9,358,86,高雄巨蛋,COMPLETED,False,4,2026-03-08,(日),14:30:00,2026-03-08 14:30:00,"{""id"":1456,""gohoops_id"":8147,""division_id"":9,""gohoops_division_id"":358,""code"":""86"",""home_team"":{""id"":2,""gohoops_id"":940,""gohoops_squad_id"":11937,""gohoops_event_id"":490,""gohoops_season_id"":213,""name"":""高雄全家海神"",""status"":""ACTIVE"",""meta"":{""logo"":""https://assets.tpbl.basketball/logos/aquas.webp"",""alt_name"":""aquas""},""is_league"":false,""won_score"":90,""lost_score"":88},""away_team"":{""id"":6,""gohoops_id"":944,""gohoops_squad_id"":11933,""gohoops_event_id"":490,""gohoops_season_id"":213,""name"":""新北中信特攻"",""status"":""ACTIVE"",""meta"":{""logo"":""https://assets.tpbl.basketball/logos/dea.webp"",""alt_name"":""dea""},""is_league"":false,""won_score"":88,""lost_score"":90},""venue"":""高雄巨蛋"",""status"":""COMPLETED"",""is_live"":false,""round"":4,""meta"":{""recap"":""https://youtu.be/hOL3YzL3pzs"",""visitors"":""3908"",""live_stream_url"":""https://youtube.com/live/_1Cfv4Fjr4U?feature=share"",""judgement_report"":""https://drive.google.com/file/d/1zs86md46BaaAV20qs0864RSdn5g8Q1y5/view?usp=drive_link""},""game_date"":""2026-03-08"",""game_day_of_week"":""(日)"",""game_time"":""14:30:00"",""gamed_at"":""2026-03-08 14:30:00""}"
2025-26,1457,1457,8148,9,358,87,中壢國民運動中心,COMPLETED,False,4,2026-03-08,(日),17:00:00,2026-03-08 17:00:00,"{""id"":1457,""gohoops_id"":8148,""division_id"":9,""gohoops_division_id"":358,""code"":""87"",""home_team"":{""id"":5,""gohoops_id"":943,""gohoops_squad_id"":11934,""gohoops_event_id"":490,""gohoops_season_id"":213,""name"":""桃園台啤永豐雲豹"",""status"":""ACTIVE"",""meta"":{""logo"":""https://assets.tpbl.basketball/logos/leopards.webp"",""alt_name"":""leopards""},""is_league"":false,""won_score"":101,""lost_score"":114},""away_team"":{""id"":7,""gohoops_id"":945,""gohoops_squad_id"":11932,""gohoops_event_id"":490,""gohoops_season_id"":213,""name"":""新北國王"",""status"":""ACTIVE"",""meta"":{""logo"":""https://assets.tpbl.basketball/logos/kings.webp"",""alt_name"":""kings""},""is_league"":false,""won_score"":114,""lost_score"":101},""venue"":""中壢國民運動中心"",""status"":""COMPLETED"",""is_live"":false,""round"":4,""meta"":{""recap"":""https://youtu.be/Zm5OoCLoDlA"",""visitors"":""2000"",""live_stream_url"":""https://youtube.com/live/YWYWsRvDJtc"",""judgement_report"":""https://drive.google.com/file/d/1zHgCtoFV9ud5NQHyLHgbfWZ4aA8H7Kxp/view?usp=drive_link""},""game_date"":""2026-03-08"",""game_day_of_week"":""(日)"",""game_time"":""17:00:00"",""gamed_at"":""2026-03-08 17:00:00""}"
2025-26,1458,1458,8149,9,358,88,新竹縣體育館,COMPLETED,False,4,2026-03-11,(三),19:00:00,2026-03-11 19:00:00,"{""id"":1458,""gohoops_id"":8149,""division_id"":9,""gohoops_division_id"":358,""code"":""88"",""home_team"":{""id"":4,""gohoops_id"":942,""gohoops_squad_id"":11935,""gohoops_event_id"":490,""gohoops_season_id"":213,""name"":""新竹御嵿攻城獅"",""status"":""ACTIVE"",""meta"":{""logo"":""https://assets.tpbl.basketball/logos/lioneers.webp"",""alt_name"":""lioneers""},""is_league"":false,""won_score"":94,""lost_score"":102},""away_team"":{""id"":8,""gohoops_id"":946,""gohoops_squad_id"":11931,""gohoops_event_id"":490,""gohoops_season_id"":213,""name"":""臺北台新戰神"",""status"":""ACTIVE"",""meta"":{""logo"":""https://assets.tpbl.basketball/logos/mars.webp"",""alt_name"":""mars""},""is_league"":false,""won_score"":102,""lost_score"":94},""venue"":""新竹縣體育館"",""status"":""COMPLETED"",""is_live"":false,""round"":4,""meta"":{""recap"":""https://youtu.be/iAM3yCn6q4Q?si=tNoCk1RvDeD_Qgfv"",""visitors"":""3411"",""live_stream_url"":""https://youtube.com/live/gYBWJJchtg4?feature=share"",""judgement_report"":""https://drive.google.com/file/d/146Rgj34Vg2XDzuQsFTOmozDwBm-q0HWm/view?usp=drive_link""},""game_date"":""2026-03-11"",""game_day_of_week"":""(三)"",""game_time"":""19:00:00"",""gamed_at"":""2026-03-11 19:00:00""}"
2025-26,1459,1459,8150,9,358,89,臺中洲際迷你蛋,COMPLETED,False,4,2026-03-14,(六),14:30:00,2026-03-14 14:30:00,"{""id"":1459,""gohoops_id"":8150,""division_id"":9,""gohoops_division_id"":358,""code"":""89"",""home_team"":{""id"":3,""gohoops_id"":941,""gohoops_squad_id"":11936,""gohoops_event_id"":490,""gohoops_season_id"":213,""name"":""福爾摩沙夢想家"",""status"":""ACTIVE"",""meta"":{""logo"":""https://assets.tpbl.basketball/logos/dreamers.webp"",""alt_name"":""dreamers""},""is_league"":false,""won_score"":100,""lost_score"":91},""away_team"":{""id"":6,""gohoops_id"":944,""gohoops_squad_id"":11933,""gohoops_event_id"":490,""gohoops_season_id"":213,""name"":""新北中信特攻"",""status"":""ACTIVE"",""meta"":{""logo"":""https://assets.tpbl.basketball/logos/dea.webp"",""alt_name"":""dea""},""is_league"":false,""won_score"":91,""lost_score"":100},""venue"":""臺中洲際迷你蛋"",""status"":""COMPLETED"",""is_live"":false,""round"":4,""meta"":{""recap"":""https://youtu.be/1mgGTLcQHIY"",""visitors"":""2290"",""live_stream_url"":""https://www.youtube.com/live/ZzfphbVS4nQ?si=VcPmVfjRZpJZIVxP"",""judgement_report"":""https://drive.google.com/file/d/1-aLK6-KzYo_06GMPFAEYYAcS_7v-1niz/view?usp=drive_link""},""game_date"":""2026-03-14"",""game_day_of_week"":""(六)"",""game_time"":""14:30:00"",""gamed_at"":""2026-03-14 14:30:00""}"
2025-26,1460,1460,8151,9,358,90,新竹縣體育館,COMPLETED,False,4,2026-03-14,(六),17:00:00,2026-03-14 17:00:00,"{""id"":1460,""gohoops_id"":8151,""division_id"":9,""gohoops_division_id"":358,""code"":""90"",""home_team"":{""id"":4,""gohoops_id"":942,""gohoops_squad_id"":11935,""gohoops_event_id"":490,""gohoops_season_id"":213,""name"":""新竹御嵿攻城獅"",""status"":""ACTIVE"",""meta"":{""logo"":""https://assets.tpbl.basketball/logos/lioneers.webp"",""alt_name"":""lioneers""},""is_league"":false,""won_score"":113,""lost_score"":97},""away_team"":{""id"":2,""gohoops_id"":940,""gohoops_squad_id"":11937,""gohoops_event_id"":490,""gohoops_season_id"":213,""name"":""高雄全家海神"",""status"":""ACTIVE"",""meta"":{""logo"":""https://assets.tpbl.basketball/logos/aquas.webp"",""alt_name"":""aquas""},""is_league"":false,""won_score"":97,""lost_score"":113},""venue"":""新竹縣體育館"",""status"":""COMPLETED"",""is_live"":false,""round"":4,""meta"":{""recap"":""https://youtu.be/5Ie1kXbZ3FM"",""visitors"":""5217"",""live_stream_url"":""https://youtube.com/live/q7Z0JGx9qlM"",""judgement_report"":""https://drive.google.com/file/d/1Zwa0EQHUEb7CDZLsMaY3dhvZVELHat9R/view?usp=drive_link""},""game_date"":""2026-03-14"",""game_day_of_week"":""(六)"",""game_time"":""17:00:00"",""gamed_at"":""2026-03-14 17:00:00""}"
2025-26,1461,1461,8152,9,358,91,臺中洲際迷你蛋,COMPLETED,False,4,2026-03-15,(日),14:30:00,2026-03-15 14:30:00,"{""id"":1461,""gohoops_id"":8152,""division_id"":9,""gohoops_division_id"":358,""code"":""91"",""home_team"":{""id"":3,""gohoops_id"":941,""gohoops_squad_id"":11936,""gohoops_event_id"":490,""gohoops_season_id"":213,""name"":""福爾摩沙夢想家"",""status"":""ACTIVE"",""meta"":{""logo"":""https://assets.tpbl.basketball/logos/dreamers.webp"",""alt_name"":""dreamers""},""is_league"":false,""won_score"":111,""lost_score"":84},""away_team"":{""id"":5,""gohoops_id"":943,""gohoops_squad_id"":11934,""gohoops_event_id"":490,""gohoops_season_id"":213,""name"":""桃園台啤永豐雲豹"",""status"":""ACTIVE"",""meta"":{""logo"":""https://assets.tpbl.basketball/logos/leopards.webp"",""alt_name"":""leopards""},""is_league"":false,""won_score"":84,""lost_score"":111},""venue"":""臺中洲際迷你蛋"",""status"":""COMPLETED"",""is_live"":false,""round"":4,""meta"":{""recap"":""https://youtu.be/pTfxSXYO9yI?si=W_tUKk9FvPnWRoNI"",""visitors"":""2556"",""live_stream_url"":""https://www.youtube.com/live/Ml84Hgm1DnI?si=NhO1x8ZAxVjb1ZHR"",""judgement_report"":""https://drive.google.com/file/d/1zsECZznQDOWN3QUDbaVJGhDS-a7rkYoG/view?usp=drive_link""},""game_date"":""2026-03-15"",""game_day_of_week"":""(日)"",""game_time"":""14:30:00"",""gamed_at"":""2026-03-15 14:30:00""}"
2025-26,1462,1462,8153,9,358,92,新竹縣體育館,COMPLETED,False,4,2026-03-15,(日),17:00:00,2026-03-15 17:00:00,"{""id"":1462,""gohoops_id"":8153,""division_id"":9,""gohoops_division_id"":358,""code"":""92"",""home_team"":{""id"":4,""gohoops_id"":942,""gohoops_squad_id"":11935,""gohoops_event_id"":490,""gohoops_season_id"":213,""name"":""新竹御嵿攻城獅"",""status"":""ACTIVE"",""meta"":{""logo"":""https://assets.tpbl.basketball/logos/lioneers.webp"",""alt_name"":""lioneers""},""is_league"":false,""won_score"":113,""lost_score"":90},""away_team"":{""id"":7,""gohoops_id"":945,""gohoops_squad_id"":11932,""gohoops_event_id"":490,""gohoops_season_id"":213,""name"":""新北國王"",""status"":""ACTIVE"",""meta"":{""logo"":""https://assets.tpbl.basketball/logos/kings.webp"",""alt_name"":""kings""},""is_league"":false,""won_score"":90,""lost_score"":113},""venue"":""新竹縣體育館"",""status"":""COMPLETED"",""is_live"":false,""round"":4,""meta"":{""recap"":""https://youtu.be/irGHUbwUVrI"",""visitors"":""4807"",""live_stream_url"":""https://youtube.com/live/_aq1RxsVeys?feature=share"",""judgement_report"":""https://drive.google.com/file/d/1BIqj1yOJ9aEkC8DGqCOuDMsrpyWM9blm/view?usp=drive_link""},""game_date"":""2026-03-15"",""game_day_of_week"":""(日)"",""game_time"":""17:00:00"",""gamed_at"":""2026-03-15 17:00:00""}"
2025-26,1463,1463,8154,9,358,93,新莊體育館,COMPLETED,False,4,2026-03-21,(六),14:30:00,2026-03-21 14:30:00,"{""id"":1463,""gohoops_id"":8154,""division_id"":9,""gohoops_division_id"":358,""code"":""93"",""home_team"":{""id"":6,""gohoops_id"":944,""gohoops_squad_id"":11933,""gohoops_event_id"":490,""gohoops_season_id"":213,""name"":""新北中信特攻"",""status"":""ACTIVE"",""meta"":{""logo"":""https://assets.tpbl.basketball/logos/dea.webp"",""alt_name"":""dea""},""is_league"":false,""won_score"":118,""lost_score"":91},""away_team"":{""id"":2,""gohoops_id"":940,""gohoops_squad_id"":11937,""gohoops_event_id"":490,""gohoops_season_id"":213,""name"":""高雄全家海神"",""status"":""ACTIVE"",""meta"":{""logo"":""https://assets.tpbl.basketball/logos/aquas.webp"",""alt_name"":""aquas""},""is_league"":false,""won_score"":91,""lost_score"":118},""venue"":""新莊體育館"",""status"":""COMPLETED"",""is_live"":false,""round"":4,""meta"":{""recap"":""https://youtu.be/JWUufo54VBk"",""visitors"":""4059"",""live_stream_url"":""https://youtube.com/live/YN8vY09wFFI?feature=share"",""judgement_report"":""https://drive.google.com/file/d/1rMJPcYQSn_XDtbzIS9i9bkJ8uySERiQB/view?usp=drive_link""},""game_date"":""2026-03-21"",""game_day_of_week"":""(六)"",""game_time"":""14:30:00"",""gamed_at"":""2026-03-21 14:30:00""}"
2025-26,1464,1464,8155,9,358,94,和平籃球館,COMPLETED,False,4,2026-03-21,(六),17:00:00,2026-03-21 17:00:00,"{""id"":1464,""gohoops_id"":8155,""division_id"":9,""gohoops_division_id"":358,""code"":""94"",""home_team"":{""id"":8,""gohoops_id"":946,""gohoops_squad_id"":11931,""gohoops_event_id"":490,""gohoops_season_id"":213,""name"":""臺北台新戰神"",""status"":""ACTIVE"",""meta"":{""logo"":""https://assets.tpbl.basketball/logos/mars.webp"",""alt_name"":""mars""},""is_league"":false,""won_score"":73,""lost_score"":99},""away_team"":{""id"":5,""gohoops_id"":943,""gohoops_squad_id"":11934,""gohoops_event_id"":490,""gohoops_season_id"":213,""name"":""桃園台啤永豐雲豹"",""status"":""ACTIVE"",""meta"":{""logo"":""https://assets.tpbl.basketball/logos/leopards.webp"",""alt_name"":""leopards""},""is_league"":false,""won_score"":99,""lost_score"":73},""venue"":""和平籃球館"",""status"":""COMPLETED"",""is_live"":false,""round"":4,""meta"":{""recap"":""https://youtu.be/KYo6lCNiqH8"",""visitors"":""5076"",""live_stream_url"":""https://youtube.com/live/Dx3deQqAsx8"",""judgement_report"":""https://drive.google.com/file/d/12Ji7K4vqPCY10f7Z-XWKEuOAp-gpSYvU/view?usp=drive_link""},""game_date"":""2026-03-21"",""game_day_of_week"":""(六)"",""game_time"":""17:00:00"",""gamed_at"":""2026-03-21 17:00:00""}"
2025-26,1465,1465,8156,9,358,95,新莊體育館,COMPLETED,False,4,2026-03-22,(日),14:30:00,2026-03-22 14:30:00,"{""id"":1465,""gohoops_id"":8156,""division_id"":9,""gohoops_division_id"":358,""code"":""95"",""home_team"":{""id"":6,""gohoops_id"":944,""gohoops_squad_id"":11933,""gohoops_event_id"":490,""gohoops_season_id"":213,""name"":""新北中信特攻"",""status"":""ACTIVE"",""meta"":{""logo"":""https://assets.tpbl.basketball/logos/dea.webp"",""alt_name"":""dea""},""is_league"":false,""won_score"":95,""lost_score"":75},""away_team"":{""id"":4,""gohoops_id"":942,""gohoops_squad_id"":11935,""gohoops_event_id"":490,""gohoops_season_id"":213,""name"":""新竹御嵿攻城獅"",""status"":""ACTIVE"",""meta"":{""logo"":""https://assets.tpbl.basketball/logos/lioneers.webp"",""alt_name"":""lioneers""},""is_league"":false,""won_score"":75,""lost_score"":95},""venue"":""新莊體育館"",""status"":""COMPLETED"",""is_live"":false,""round"":4,""meta"":{""recap"":""https://youtu.be/VgH_pzR6cMQ"",""visitors"":""4255"",""live_stream_url"":""https://www.youtube.com/live/pSBF_jlyKC4?si=L6L2onvevZCDNSEc"",""judgement_report"":""https://drive.google.com/file/d/1YcLtOMhBhEMGqq-0E9FpsaUFjy8q0gi4/view?usp=drive_link""},""game_date"":""2026-03-22"",""game_day_of_week"":""(日)"",""game_time"":""14:30:00"",""gamed_at"":""2026-03-22 14:30:00""}"
2025-26,1466,1466,8157,9,358,96,和平籃球館,COMPLETED,False,4,2026-03-22,(日),17:00:00,2026-03-22 17:00:00,"{""id"":1466,""gohoops_id"":8157,""division_id"":9,""gohoops_division_id"":358,""code"":""96"",""home_team"":{""id"":8,""gohoops_id"":946,""gohoops_squad_id"":11931,""gohoops_event_id"":490,""gohoops_season_id"":213,""name"":""臺北台新戰神"",""status"":""ACTIVE"",""meta"":{""logo"":""https://assets.tpbl.basketball/logos/mars.webp"",""alt_name"":""mars""},""is_league"":false,""won_score"":96,""lost_score"":118},""away_team"":{""id"":3,""gohoops_id"":941,""gohoops_squad_id"":11936,""gohoops_event_id"":490,""gohoops_season_id"":213,""name"":""福爾摩沙夢想家"",""status"":""ACTIVE"",""meta"":{""logo"":""https://assets.tpbl.basketball/logos/dreamers.webp"",""alt_name"":""dreamers""},""is_league"":false,""won_score"":118,""lost_score"":96},""venue"":""和平籃球館"",""status"":""COMPLETED"",""is_live"":false,""round"":4,""meta"":{""recap"":""https://youtu.be/UUtYzVpWD-E"",""visitors"":""3984"",""live_stream_url"":""https://youtube.com/live/l1yhw8qqNxY?feature=share"",""judgement_report"":""https://drive.google.com/file/d/1exQBiQNU000x84YHdond24g_ksX1Pz48/view?usp=drive_link""},""game_date"":""2026-03-22"",""game_day_of_week"":""(日)"",""game_time"":""17:00:00"",""gamed_at"":""2026-03-22 17:00:00""}"
2025-26,1467,1467,8158,9,358,97,臺中洲際迷你蛋,COMPLETED,False,4,2026-03-25,(三),19:00:00,2026-03-25 19:00:00,"{""id"":1467,""gohoops_id"":8158,""division_id"":9,""gohoops_division_id"":358,""code"":""97"",""home_team"":{""id"":3,""gohoops_id"":941,""gohoops_squad_id"":11936,""gohoops_event_id"":490,""gohoops_season_id"":213,""name"":""福爾摩沙夢想家"",""status"":""ACTIVE"",""meta"":{""logo"":""https://assets.tpbl.basketball/logos/dreamers.webp"",""alt_name"":""dreamers""},""is_league"":false,""won_score"":96,""lost_score"":90},""away_team"":{""id"":2,""gohoops_id"":940,""gohoops_squad_id"":11937,""gohoops_event_id"":490,""gohoops_season_id"":213,""name"":""高雄全家海神"",""status"":""ACTIVE"",""meta"":{""logo"":""https://assets.tpbl.basketball/logos/aquas.webp"",""alt_name"":""aquas""},""is_league"":false,""won_score"":90,""lost_score"":96},""venue"":""臺中洲際迷你蛋"",""status"":""COMPLETED"",""is_live"":false,""round"":4,""meta"":{""recap"":""https://youtu.be/Vvs59H_Y9Bk"",""visitors"":""3000"",""live_stream_url"":""https://youtube.com/live/eNqAqbm0xL4?feature=share"",""judgement_report"":""https://drive.google.com/file/d/11BiDZAkfeI2pQTUbdVpWPM288OKXPwlz/view?usp=drive_link""},""game_date"":""2026-03-25"",""game_day_of_week"":""(三)"",""game_time"":""19:00:00"",""gamed_at"":""2026-03-25 19:00:00""}"
2025-26,1468,1468,8159,9,358,98,臺中洲際迷你蛋,COMPLETED,False,4,2026-03-27,(五),19:00:00,2026-03-27 19:00:00,"{""id"":1468,""gohoops_id"":8159,""division_id"":9,""gohoops_division_id"":358,""code"":""98"",""home_team"":{""id"":3,""gohoops_id"":941,""gohoops_squad_id"":11936,""gohoops_event_id"":490,""gohoops_season_id"":213,""name"":""福爾摩沙夢想家"",""status"":""ACTIVE"",""meta"":{""logo"":""https://assets.tpbl.basketball/logos/dreamers.webp"",""alt_name"":""dreamers""},""is_league"":false,""won_score"":107,""lost_score"":90},""away_team"":{""id"":7,""gohoops_id"":945,""gohoops_squad_id"":11932,""gohoops_event_id"":490,""gohoops_season_id"":213,""name"":""新北國王"",""status"":""ACTIVE"",""meta"":{""logo"":""https://assets.tpbl.basketball/logos/kings.webp"",""alt_name"":""kings""},""is_league"":false,""won_score"":90,""lost_score"":107},""venue"":""臺中洲際迷你蛋"",""status"":""COMPLETED"",""is_live"":false,""round"":4,""meta"":{""recap"":""https://youtu.be/S5J0YaEYIQI?si=9SET_dm-z_wU8xsI"",""visitors"":""3000"",""live_stream_url"":""https://youtube.com/live/KCY1C1zpdMQ?feature=share"",""judgement_report"":""https://drive.google.com/file/d/1ygIYD6Pcwr1Fg6QI8G0x9iQs62EkbhGO/view?usp=drive_link""},""game_date"":""2026-03-27"",""game_day_of_week"":""(五)"",""game_time"":""19:00:00"",""gamed_at"":""2026-03-27 19:00:00""}"
2025-26,1469,1469,8160,9,358,99,新竹縣體育館,COMPLETED,False,4,2026-03-28,(六),14:30:00,2026-03-28 14:30:00,"{""id"":1469,""gohoops_id"":8160,""division_id"":9,""gohoops_division_id"":358,""code"":""99"",""home_team"":{""id"":4,""gohoops_id"":942,""gohoops_squad_id"":11935,""gohoops_event_id"":490,""gohoops_season_id"":213,""name"":""新竹御嵿攻城獅"",""status"":""ACTIVE"",""meta"":{""logo"":""https://assets.tpbl.basketball/logos/lioneers.webp"",""alt_name"":""lioneers""},""is_league"":false,""won_score"":103,""lost_score"":99},""away_team"":{""id"":6,""gohoops_id"":944,""gohoops_squad_id"":11933,""gohoops_event_id"":490,""gohoops_season_id"":213,""name"":""新北中信特攻"",""status"":""ACTIVE"",""meta"":{""logo"":""https://assets.tpbl.basketball/logos/dea.webp"",""alt_name"":""dea""},""is_league"":false,""won_score"":99,""lost_score"":103},""venue"":""新竹縣體育館"",""status"":""COMPLETED"",""is_live"":false,""round"":4,""meta"":{""recap"":""https://youtu.be/OGVkBFXKGNo"",""visitors"":""5291"",""live_stream_url"":""https://www.youtube.com/live/y5g1z3gjg4w?si=Tt8Q9TrpJdLRbZab"",""judgement_report"":""https://drive.google.com/file/d/1FQ-IL07LpoQYgoK5d6dZduUwChKqUN_h/view?usp=drive_link""},""game_date"":""2026-03-28"",""game_day_of_week"":""(六)"",""game_time"":""14:30:00"",""gamed_at"":""2026-03-28 14:30:00""}"
2025-26,1470,1470,8161,9,358,100,和平籃球館,COMPLETED,False,4,2026-03-28,(六),17:00:00,2026-03-28 17:00:00,"{""id"":1470,""gohoops_id"":8161,""division_id"":9,""gohoops_division_id"":358,""code"":""100"",""home_team"":{""id"":8,""gohoops_id"":946,""gohoops_squad_id"":11931,""gohoops_event_id"":490,""gohoops_season_id"":213,""name"":""臺北台新戰神"",""status"":""ACTIVE"",""meta"":{""logo"":""https://assets.tpbl.basketball/logos/mars.webp"",""alt_name"":""mars""},""is_league"":false,""won_score"":104,""lost_score"":112},""away_team"":{""id"":2,""gohoops_id"":940,""gohoops_squad_id"":11937,""gohoops_event_id"":490,""gohoops_season_id"":213,""name"":""高雄全家海神"",""status"":""ACTIVE"",""meta"":{""logo"":""https://assets.tpbl.basketball/logos/aquas.webp"",""alt_name"":""aquas""},""is_league"":false,""won_score"":112,""lost_score"":104},""venue"":""和平籃球館"",""status"":""COMPLETED"",""is_live"":false,""round"":4,""meta"":{""recap"":""https://youtu.be/AstnE9TOEw8"",""visitors"":""4658"",""live_stream_url"":""https://www.youtube.com/live/DLojtqeodkk?si=M6smexYc7mg--fjV"",""judgement_report"":""https://drive.google.com/file/d/13VuFz57kB0BmlNp6a0jY3uazWTtiNNWh/view?usp=drive_link""},""game_date"":""2026-03-28"",""game_day_of_week"":""(六)"",""game_time"":""17:00:00"",""gamed_at"":""2026-03-28 17:00:00""}"
2025-26,1471,1471,8162,9,358,101,新竹縣體育館,COMPLETED,False,4,2026-03-29,(日),14:30:00,2026-03-29 14:30:00,"{""id"":1471,""gohoops_id"":8162,""division_id"":9,""gohoops_division_id"":358,""code"":""101"",""home_team"":{""id"":4,""gohoops_id"":942,""gohoops_squad_id"":11935,""gohoops_event_id"":490,""gohoops_season_id"":213,""name"":""新竹御嵿攻城獅"",""status"":""ACTIVE"",""meta"":{""logo"":""https://assets.tpbl.basketball/logos/lioneers.webp"",""alt_name"":""lioneers""},""is_league"":false,""won_score"":102,""lost_score"":91},""away_team"":{""id"":5,""gohoops_id"":943,""gohoops_squad_id"":11934,""gohoops_event_id"":490,""gohoops_season_id"":213,""name"":""桃園台啤永豐雲豹"",""status"":""ACTIVE"",""meta"":{""logo"":""https://assets.tpbl.basketball/logos/leopards.webp"",""alt_name"":""leopards""},""is_league"":false,""won_score"":91,""lost_score"":102},""venue"":""新竹縣體育館"",""status"":""COMPLETED"",""is_live"":false,""round"":4,""meta"":{""recap"":""https://youtu.be/_oWoN4Fbjto?si=W9hJyd-RQ89ubwNe"",""visitors"":""5007"",""live_stream_url"":""https://youtube.com/live/4Ieh42E09OM?feature=share"",""judgement_report"":""https://drive.google.com/file/d/1KRrRz0b52xyY6iecf4yeae1SgjiZ7F47/view?usp=drive_link""},""game_date"":""2026-03-29"",""game_day_of_week"":""(日)"",""game_time"":""14:30:00"",""gamed_at"":""2026-03-29 14:30:00""}"
2025-26,1472,1472,8163,9,358,102,和平籃球館,COMPLETED,False,4,2026-03-29,(日),17:00:00,2026-03-29 17:00:00,"{""id"":1472,""gohoops_id"":8163,""division_id"":9,""gohoops_division_id"":358,""code"":""102"",""home_team"":{""id"":8,""gohoops_id"":946,""gohoops_squad_id"":11931,""gohoops_event_id"":490,""gohoops_season_id"":213,""name"":""臺北台新戰神"",""status"":""ACTIVE"",""meta"":{""logo"":""https://assets.tpbl.basketball/logos/mars.webp"",""alt_name"":""mars""},""is_league"":false,""won_score"":102,""lost_score"":116},""away_team"":{""id"":7,""gohoops_id"":945,""gohoops_squad_id"":11932,""gohoops_event_id"":490,""gohoops_season_id"":213,""name"":""新北國王"",""status"":""ACTIVE"",""meta"":{""logo"":""https://assets.tpbl.basketball/logos/kings.webp"",""alt_name"":""kings""},""is_league"":false,""won_score"":116,""lost_score"":102},""venue"":""和平籃球館"",""status"":""COMPLETED"",""is_live"":false,""round"":4,""meta"":{""recap"":""https://youtu.be/GKY92oqWBX4"",""visitors"":""4395"",""live_stream_url"":""https://youtube.com/live/G8O_lXbPisU?feature=share"",""judgement_report"":""https://drive.google.com/file/d/1B-BWINenCOJOgLd0DUTfTzO_37u-_loV/view?usp=drive_link""},""game_date"":""2026-03-29"",""game_day_of_week"":""(日)"",""game_time"":""17:00:00"",""gamed_at"":""2026-03-29 17:00:00""}"
2025-26,1473,1473,8164,9,358,103,新莊體育館,COMPLETED,False,4,2026-04-01,(三),19:00:00,2026-04-01 19:00:00,"{""id"":1473,""gohoops_id"":8164,""division_id"":9,""gohoops_division_id"":358,""code"":""103"",""home_team"":{""id"":6,""gohoops_id"":944,""gohoops_squad_id"":11933,""gohoops_event_id"":490,""gohoops_season_id"":213,""name"":""新北中信特攻"",""status"":""ACTIVE"",""meta"":{""logo"":""https://assets.tpbl.basketball/logos/dea.webp"",""alt_name"":""dea""},""is_league"":false,""won_score"":89,""lost_score"":91},""away_team"":{""id"":8,""gohoops_id"":946,""gohoops_squad_id"":11931,""gohoops_event_id"":490,""gohoops_season_id"":213,""name"":""臺北台新戰神"",""status"":""ACTIVE"",""meta"":{""logo"":""https://assets.tpbl.basketball/logos/mars.webp"",""alt_name"":""mars""},""is_league"":false,""won_score"":91,""lost_score"":89},""venue"":""新莊體育館"",""status"":""COMPLETED"",""is_live"":false,""round"":4,""meta"":{""recap"":""https://youtu.be/kyBplsTLdLY"",""visitors"":""3092"",""live_stream_url"":""https://www.youtube.com/live/9_HQHdigO9A?si=0i0V34fKTBIhVSRH"",""judgement_report"":""https://drive.google.com/file/d/1qqFwTzZQUCtVMeyFbJzdoLVAoR-8EM3h/view?usp=drive_link""},""game_date"":""2026-04-01"",""game_day_of_week"":""(三)"",""game_time"":""19:00:00"",""gamed_at"":""2026-04-01 19:00:00""}"
2025-26,1474,1474,8165,9,358,104,新莊體育館,COMPLETED,False,4,2026-04-04,(六),14:30:00,2026-04-04 14:30:00,"{""id"":1474,""gohoops_id"":8165,""division_id"":9,""gohoops_division_id"":358,""code"":""104"",""home_team"":{""id"":6,""gohoops_id"":944,""gohoops_squad_id"":11933,""gohoops_event_id"":490,""gohoops_season_id"":213,""name"":""新北中信特攻"",""status"":""ACTIVE"",""meta"":{""logo"":""https://assets.tpbl.basketball/logos/dea.webp"",""alt_name"":""dea""},""is_league"":false,""won_score"":108,""lost_score"":104},""away_team"":{""id"":3,""gohoops_id"":941,""gohoops_squad_id"":11936,""gohoops_event_id"":490,""gohoops_season_id"":213,""name"":""福爾摩沙夢想家"",""status"":""ACTIVE"",""meta"":{""logo"":""https://assets.tpbl.basketball/logos/dreamers.webp"",""alt_name"":""dreamers""},""is_league"":false,""won_score"":104,""lost_score"":108},""venue"":""新莊體育館"",""status"":""COMPLETED"",""is_live"":false,""round"":4,""meta"":{""recap"":""https://youtu.be/lFM-8OW_70w"",""visitors"":""4880"",""live_stream_url"":""https://youtube.com/live/kPHMTBcqKuQ"",""judgement_report"":""https://drive.google.com/file/d/1DYPEHiDgHQXmow02sqUQBvE6ZRVpG0Xk/view?usp=drive_link""},""game_date"":""2026-04-04"",""game_day_of_week"":""(六)"",""game_time"":""14:30:00"",""gamed_at"":""2026-04-04 14:30:00""}"
2025-26,1475,1475,8166,9,358,105,中壢國民運動中心,COMPLETED,False,4,2026-04-04,(六),17:00:00,2026-04-04 17:00:00,"{""id"":1475,""gohoops_id"":8166,""division_id"":9,""gohoops_division_id"":358,""code"":""105"",""home_team"":{""id"":5,""gohoops_id"":943,""gohoops_squad_id"":11934,""gohoops_event_id"":490,""gohoops_season_id"":213,""name"":""桃園台啤永豐雲豹"",""status"":""ACTIVE"",""meta"":{""logo"":""https://assets.tpbl.basketball/logos/leopards.webp"",""alt_name"":""leopards""},""is_league"":false,""won_score"":105,""lost_score"":74},""away_team"":{""id"":2,""gohoops_id"":940,""gohoops_squad_id"":11937,""gohoops_event_id"":490,""gohoops_season_id"":213,""name"":""高雄全家海神"",""status"":""ACTIVE"",""meta"":{""logo"":""https://assets.tpbl.basketball/logos/aquas.webp"",""alt_name"":""aquas""},""is_league"":false,""won_score"":74,""lost_score"":105},""venue"":""中壢國民運動中心"",""status"":""COMPLETED"",""is_live"":false,""round"":4,""meta"":{""recap"":""https://www.youtube.com/watch?v=5BDVpiKbgnE"",""visitors"":""2000"",""live_stream_url"":""https://www.youtube.com/live/k1busG2kJHo"",""judgement_report"":""https://drive.google.com/file/d/1mMWdqzFM1wJ_87_EtURdsW_xYYHWA8YP/view?usp=drive_link""},""game_date"":""2026-04-04"",""game_day_of_week"":""(六)"",""game_time"":""17:00:00"",""gamed_at"":""2026-04-04 17:00:00""}"
2025-26,1476,1476,8167,9,358,106,新莊體育館,COMPLETED,False,4,2026-04-05,(日),14:30:00,2026-04-05 14:30:00,"{""id"":1476,""gohoops_id"":8167,""division_id"":9,""gohoops_division_id"":358,""code"":""106"",""home_team"":{""id"":6,""gohoops_id"":944,""gohoops_squad_id"":11933,""gohoops_event_id"":490,""gohoops_season_id"":213,""name"":""新北中信特攻"",""status"":""ACTIVE"",""meta"":{""logo"":""https://assets.tpbl.basketball/logos/dea.webp"",""alt_name"":""dea""},""is_league"":false,""won_score"":98,""lost_score"":78},""away_team"":{""id"":7,""gohoops_id"":945,""gohoops_squad_id"":11932,""gohoops_event_id"":490,""gohoops_season_id"":213,""name"":""新北國王"",""status"":""ACTIVE"",""meta"":{""logo"":""https://assets.tpbl.basketball/logos/kings.webp"",""alt_name"":""kings""},""is_league"":false,""won_score"":78,""lost_score"":98},""venue"":""新莊體育館"",""status"":""COMPLETED"",""is_live"":false,""round"":4,""meta"":{""recap"":""https://youtu.be/pMRu-x7ObJw"",""visitors"":""4983"",""live_stream_url"":""https://youtube.com/live/flaB0Xfw_Bk"",""judgement_report"":""https://drive.google.com/file/d/14fuAxE7WWNWuknapYJ2jNrsHWR5ZDXxv/view?usp=drive_link""},""game_date"":""2026-04-05"",""game_day_of_week"":""(日)"",""game_time"":""14:30:00"",""gamed_at"":""2026-04-05 14:30:00""}"
2025-26,1477,1477,8168,9,358,107,中壢國民運動中心,COMPLETED,False,4,2026-04-05,(日),17:00:00,2026-04-05 17:00:00,"{""id"":1477,""gohoops_id"":8168,""division_id"":9,""gohoops_division_id"":358,""code"":""107"",""home_team"":{""id"":5,""gohoops_id"":943,""gohoops_squad_id"":11934,""gohoops_event_id"":490,""gohoops_season_id"":213,""name"":""桃園台啤永豐雲豹"",""status"":""ACTIVE"",""meta"":{""logo"":""https://assets.tpbl.basketball/logos/leopards.webp"",""alt_name"":""leopards""},""is_league"":false,""won_score"":107,""lost_score"":96},""away_team"":{""id"":8,""gohoops_id"":946,""gohoops_squad_id"":11931,""gohoops_event_id"":490,""gohoops_season_id"":213,""name"":""臺北台新戰神"",""status"":""ACTIVE"",""meta"":{""logo"":""https://assets.tpbl.basketball/logos/mars.webp"",""alt_name"":""mars""},""is_league"":false,""won_score"":96,""lost_score"":107},""venue"":""中壢國民運動中心"",""status"":""COMPLETED"",""is_live"":false,""round"":4,""meta"":{""recap"":""https://youtu.be/AybNnWsvO9k"",""visitors"":""2000"",""live_stream_url"":""https://youtube.com/live/N7N1l4UvQoM?feature=share"",""judgement_report"":""https://drive.google.com/file/d/18J76a5iT1n3AWqcW3TLCDlMrzHUfRgEM/view?usp=drive_link""},""game_date"":""2026-04-05"",""game_day_of_week"":""(日)"",""game_time"":""17:00:00"",""gamed_at"":""2026-04-05 17:00:00""}"
2025-26,1478,1478,8169,9,358,108,新竹縣體育館,COMPLETED,False,4,2026-04-08,(三),19:00:00,2026-04-08 19:00:00,"{""id"":1478,""gohoops_id"":8169,""division_id"":9,""gohoops_division_id"":358,""code"":""108"",""home_team"":{""id"":4,""gohoops_id"":942,""gohoops_squad_id"":11935,""gohoops_event_id"":490,""gohoops_season_id"":213,""name"":""新竹御嵿攻城獅"",""status"":""ACTIVE"",""meta"":{""logo"":""https://assets.tpbl.basketball/logos/lioneers.webp"",""alt_name"":""lioneers""},""is_league"":false,""won_score"":117,""lost_score"":100},""away_team"":{""id"":6,""gohoops_id"":944,""gohoops_squad_id"":11933,""gohoops_event_id"":490,""gohoops_season_id"":213,""name"":""新北中信特攻"",""status"":""ACTIVE"",""meta"":{""logo"":""https://assets.tpbl.basketball/logos/dea.webp"",""alt_name"":""dea""},""is_league"":false,""won_score"":100,""lost_score"":117},""venue"":""新竹縣體育館"",""status"":""COMPLETED"",""is_live"":false,""round"":4,""meta"":{""recap"":""https://youtu.be/T61BWurjkTo?si=IOqQBAZnvoYeiP2j"",""visitors"":""3327"",""live_stream_url"":""https://www.youtube.com/live/vLQ4ViZXWKk?si=m6lrTcDAnoIYIXa8"",""judgement_report"":""https://drive.google.com/file/d/1DzVqg_w4LaTzO9TVKC1XX8iSdxl4-Uaf/view?usp=drive_link""},""game_date"":""2026-04-08"",""game_day_of_week"":""(三)"",""game_time"":""19:00:00"",""gamed_at"":""2026-04-08 19:00:00""}"
2025-26,1479,1479,8170,9,358,109,高雄巨蛋,COMPLETED,False,4,2026-04-11,(六),14:30:00,2026-04-11 14:30:00,"{""id"":1479,""gohoops_id"":8170,""division_id"":9,""gohoops_division_id"":358,""code"":""109"",""home_team"":{""id"":2,""gohoops_id"":940,""gohoops_squad_id"":11937,""gohoops_event_id"":490,""gohoops_season_id"":213,""name"":""高雄全家海神"",""status"":""ACTIVE"",""meta"":{""logo"":""https://assets.tpbl.basketball/logos/aquas.webp"",""alt_name"":""aquas""},""is_league"":false,""won_score"":111,""lost_score"":112},""away_team"":{""id"":7,""gohoops_id"":945,""gohoops_squad_id"":11932,""gohoops_event_id"":490,""gohoops_season_id"":213,""name"":""新北國王"",""status"":""ACTIVE"",""meta"":{""logo"":""https://assets.tpbl.basketball/logos/kings.webp"",""alt_name"":""kings""},""is_league"":false,""won_score"":112,""lost_score"":111},""venue"":""高雄巨蛋"",""status"":""COMPLETED"",""is_live"":false,""round"":4,""meta"":{""recap"":""https://youtu.be/pAwiSKGC91I"",""visitors"":""5299"",""live_stream_url"":""https://www.youtube.com/live/jHWnF3KMJwk?si=6oPiFLCviH27bCwu"",""judgement_report"":""https://drive.google.com/file/d/1REC84p9Ip0yQYzbRTS3mI85XA4bhYqOW/view?usp=drive_link""},""game_date"":""2026-04-11"",""game_day_of_week"":""(六)"",""game_time"":""14:30:00"",""gamed_at"":""2026-04-11 14:30:00""}"
2025-26,1480,1480,8171,9,358,110,新竹縣體育館,COMPLETED,False,4,2026-04-11,(六),17:00:00,2026-04-11 17:00:00,"{""id"":1480,""gohoops_id"":8171,""division_id"":9,""gohoops_division_id"":358,""code"":""110"",""home_team"":{""id"":4,""gohoops_id"":942,""gohoops_squad_id"":11935,""gohoops_event_id"":490,""gohoops_season_id"":213,""name"":""新竹御嵿攻城獅"",""status"":""ACTIVE"",""meta"":{""logo"":""https://assets.tpbl.basketball/logos/lioneers.webp"",""alt_name"":""lioneers""},""is_league"":false,""won_score"":79,""lost_score"":76},""away_team"":{""id"":5,""gohoops_id"":943,""gohoops_squad_id"":11934,""gohoops_event_id"":490,""gohoops_season_id"":213,""name"":""桃園台啤永豐雲豹"",""status"":""ACTIVE"",""meta"":{""logo"":""https://assets.tpbl.basketball/logos/leopards.webp"",""alt_name"":""leopards""},""is_league"":false,""won_score"":76,""lost_score"":79},""venue"":""新竹縣體育館"",""status"":""COMPLETED"",""is_live"":false,""round"":4,""meta"":{""recap"":""https://youtu.be/bg-0n21-Xhk?"",""visitors"":""6012"",""live_stream_url"":""https://www.youtube.com/live/97H4JbTJfgk?si=5MGYlpdYH_ThRGa5"",""judgement_report"":""https://drive.google.com/file/d/1IGxii75W6X9a-IZ1v1pbQ3A2pRv77A-Z/view?usp=drive_link""},""game_date"":""2026-04-11"",""game_day_of_week"":""(六)"",""game_time"":""17:00:00"",""gamed_at"":""2026-04-11 17:00:00""}"
2025-26,1481,1481,8172,9,358,111,高雄巨蛋,COMPLETED,False,4,2026-04-12,(日),14:30:00,2026-04-12 14:30:00,"{""id"":1481,""gohoops_id"":8172,""division_id"":9,""gohoops_division_id"":358,""code"":""111"",""home_team"":{""id"":2,""gohoops_id"":940,""gohoops_squad_id"":11937,""gohoops_event_id"":490,""gohoops_season_id"":213,""name"":""高雄全家海神"",""status"":""ACTIVE"",""meta"":{""logo"":""https://assets.tpbl.basketball/logos/aquas.webp"",""alt_name"":""aquas""},""is_league"":false,""won_score"":93,""lost_score"":104},""away_team"":{""id"":8,""gohoops_id"":946,""gohoops_squad_id"":11931,""gohoops_event_id"":490,""gohoops_season_id"":213,""name"":""臺北台新戰神"",""status"":""ACTIVE"",""meta"":{""logo"":""https://assets.tpbl.basketball/logos/mars.webp"",""alt_name"":""mars""},""is_league"":false,""won_score"":104,""lost_score"":93},""venue"":""高雄巨蛋"",""status"":""COMPLETED"",""is_live"":false,""round"":4,""meta"":{""recap"":""https://youtu.be/fIQDwH3tr4M"",""visitors"":""3188"",""live_stream_url"":""https://www.youtube.com/live/E1ZTIY9rcPc?si=rVkzMsudxoQDASRn"",""judgement_report"":""https://drive.google.com/file/d/1FRwNy8e2-CuSypCnmPDl-bM3MH6oHlAC/view?usp=drive_link""},""game_date"":""2026-04-12"",""game_day_of_week"":""(日)"",""game_time"":""14:30:00"",""gamed_at"":""2026-04-12 14:30:00""}"
2025-26,1482,1482,8173,9,358,112,新竹縣體育館,COMPLETED,False,4,2026-04-12,(日),17:00:00,2026-04-12 17:00:00,"{""id"":1482,""gohoops_id"":8173,""division_id"":9,""gohoops_division_id"":358,""code"":""112"",""home_team"":{""id"":4,""gohoops_id"":942,""gohoops_squad_id"":11935,""gohoops_event_id"":490,""gohoops_season_id"":213,""name"":""新竹御嵿攻城獅"",""status"":""ACTIVE"",""meta"":{""logo"":""https://assets.tpbl.basketball/logos/lioneers.webp"",""alt_name"":""lioneers""},""is_league"":false,""won_score"":85,""lost_score"":94},""away_team"":{""id"":3,""gohoops_id"":941,""gohoops_squad_id"":11936,""gohoops_event_id"":490,""gohoops_season_id"":213,""name"":""福爾摩沙夢想家"",""status"":""ACTIVE"",""meta"":{""logo"":""https://assets.tpbl.basketball/logos/dreamers.webp"",""alt_name"":""dreamers""},""is_league"":false,""won_score"":94,""lost_score"":85},""venue"":""新竹縣體育館"",""status"":""COMPLETED"",""is_live"":false,""round"":4,""meta"":{""recap"":""https://youtu.be/jZn3KuCb7JM"",""visitors"":""5541"",""live_stream_url"":""https://www.youtube.com/live/qb1GVrePANg?si=ExrmSYlArajAzg1Z"",""judgement_report"":""https://drive.google.com/file/d/1FG8-3_5_UQ98gUvFF-PcMfeurPe6wsZv/view?usp=drive_link""},""game_date"":""2026-04-12"",""game_day_of_week"":""(日)"",""game_time"":""17:00:00"",""gamed_at"":""2026-04-12 17:00:00""}"
2025-26,1483,1483,8174,9,358,113,臺中洲際迷你蛋,COMPLETED,False,4,2026-04-18,(六),14:30:00,2026-04-18 14:30:00,"{""id"":1483,""gohoops_id"":8174,""division_id"":9,""gohoops_division_id"":358,""code"":""113"",""home_team"":{""id"":3,""gohoops_id"":941,""gohoops_squad_id"":11936,""gohoops_event_id"":490,""gohoops_season_id"":213,""name"":""福爾摩沙夢想家"",""status"":""ACTIVE"",""meta"":{""logo"":""https://assets.tpbl.basketball/logos/dreamers.webp"",""alt_name"":""dreamers""},""is_league"":false,""won_score"":99,""lost_score"":66},""away_team"":{""id"":8,""gohoops_id"":946,""gohoops_squad_id"":11931,""gohoops_event_id"":490,""gohoops_season_id"":213,""name"":""臺北台新戰神"",""status"":""ACTIVE"",""meta"":{""logo"":""https://assets.tpbl.basketball/logos/mars.webp"",""alt_name"":""mars""},""is_league"":false,""won_score"":66,""lost_score"":99},""venue"":""臺中洲際迷你蛋"",""status"":""COMPLETED"",""is_live"":false,""round"":4,""meta"":{""recap"":""https://youtu.be/BnJp8yENSs8"",""visitors"":""3000"",""live_stream_url"":""https://youtube.com/live/xxYN6FfOU8w?feature=share"",""judgement_report"":""https://drive.google.com/file/d/1oQOmMAjnROtwWWTWyfNeRTtbKDUPnwvP/view?usp=drive_link""},""game_date"":""2026-04-18"",""game_day_of_week"":""(六)"",""game_time"":""14:30:00"",""gamed_at"":""2026-04-18 14:30:00""}"
2025-26,1484,1484,8175,9,358,114,新莊體育館,COMPLETED,False,4,2026-04-18,(六),17:00:00,2026-04-18 17:00:00,"{""id"":1484,""gohoops_id"":8175,""division_id"":9,""gohoops_division_id"":358,""code"":""114"",""home_team"":{""id"":6,""gohoops_id"":944,""gohoops_squad_id"":11933,""gohoops_event_id"":490,""gohoops_season_id"":213,""name"":""新北中信特攻"",""status"":""ACTIVE"",""meta"":{""logo"":""https://assets.tpbl.basketball/logos/dea.webp"",""alt_name"":""dea""},""is_league"":false,""won_score"":107,""lost_score"":93},""away_team"":{""id"":5,""gohoops_id"":943,""gohoops_squad_id"":11934,""gohoops_event_id"":490,""gohoops_season_id"":213,""name"":""桃園台啤永豐雲豹"",""status"":""ACTIVE"",""meta"":{""logo"":""https://assets.tpbl.basketball/logos/leopards.webp"",""alt_name"":""leopards""},""is_league"":false,""won_score"":93,""lost_score"":107},""venue"":""新莊體育館"",""status"":""COMPLETED"",""is_live"":false,""round"":4,""meta"":{""recap"":""https://www.youtube.com/watch?v=VBaKSbSWrz4"",""visitors"":""5011"",""live_stream_url"":""https://youtube.com/live/MpWpq7-SApU?feature=share"",""judgement_report"":""https://drive.google.com/file/d/1tK8UTAah7xDMmS9rlyPKuOUsKl1TPJkU/view?usp=drive_link""},""game_date"":""2026-04-18"",""game_day_of_week"":""(六)"",""game_time"":""17:00:00"",""gamed_at"":""2026-04-18 17:00:00""}"
2025-26,1485,1485,8176,9,358,115,臺中洲際迷你蛋,COMPLETED,False,4,2026-04-19,(日),14:30:00,2026-04-19 14:30:00,"{""id"":1485,""gohoops_id"":8176,""division_id"":9,""gohoops_division_id"":358,""code"":""115"",""home_team"":{""id"":3,""gohoops_id"":941,""gohoops_squad_id"":11936,""gohoops_event_id"":490,""gohoops_season_id"":213,""name"":""福爾摩沙夢想家"",""status"":""ACTIVE"",""meta"":{""logo"":""https://assets.tpbl.basketball/logos/dreamers.webp"",""alt_name"":""dreamers""},""is_league"":false,""won_score"":92,""lost_score"":86},""away_team"":{""id"":4,""gohoops_id"":942,""gohoops_squad_id"":11935,""gohoops_event_id"":490,""gohoops_season_id"":213,""name"":""新竹御嵿攻城獅"",""status"":""ACTIVE"",""meta"":{""logo"":""https://assets.tpbl.basketball/logos/lioneers.webp"",""alt_name"":""lioneers""},""is_league"":false,""won_score"":86,""lost_score"":92},""venue"":""臺中洲際迷你蛋"",""status"":""COMPLETED"",""is_live"":false,""round"":4,""meta"":{""recap"":""https://youtu.be/fWd04Q5mb_8"",""visitors"":""3000"",""live_stream_url"":""https://youtube.com/live/QNQXxor-gzM?feature=share"",""judgement_report"":""https://drive.google.com/file/d/1iC9PaDpGLdE0f5VUqhm4X6pH2cI-ASrs/view?usp=drive_link""},""game_date"":""2026-04-19"",""game_day_of_week"":""(日)"",""game_time"":""14:30:00"",""gamed_at"":""2026-04-19 14:30:00""}"
2025-26,1486,1486,8177,9,358,116,新莊體育館,COMPLETED,False,4,2026-04-19,(日),17:00:00,2026-04-19 17:00:00,"{""id"":1486,""gohoops_id"":8177,""division_id"":9,""gohoops_division_id"":358,""code"":""116"",""home_team"":{""id"":6,""gohoops_id"":944,""gohoops_squad_id"":11933,""gohoops_event_id"":490,""gohoops_season_id"":213,""name"":""新北中信特攻"",""status"":""ACTIVE"",""meta"":{""logo"":""https://assets.tpbl.basketball/logos/dea.webp"",""alt_name"":""dea""},""is_league"":false,""won_score"":115,""lost_score"":99},""away_team"":{""id"":2,""gohoops_id"":940,""gohoops_squad_id"":11937,""gohoops_event_id"":490,""gohoops_season_id"":213,""name"":""高雄全家海神"",""status"":""ACTIVE"",""meta"":{""logo"":""https://assets.tpbl.basketball/logos/aquas.webp"",""alt_name"":""aquas""},""is_league"":false,""won_score"":99,""lost_score"":115},""venue"":""新莊體育館"",""status"":""COMPLETED"",""is_live"":false,""round"":4,""meta"":{""recap"":""https://www.youtube.com/watch?v=EogM1HnA0Ts"",""visitors"":""3817"",""live_stream_url"":""https://www.youtube.com/live/c_lOl_S4U3A?si=BtoA_gSgnQNFJipM"",""judgement_report"":""https://drive.google.com/file/d/1doEGgdVHXkVCOxIClyxCpmF6TwYwe87Z/view?usp=drive_link""},""game_date"":""2026-04-19"",""game_day_of_week"":""(日)"",""game_time"":""17:00:00"",""gamed_at"":""2026-04-19 17:00:00""}"
2025-26,1487,1487,8178,9,358,117,新莊體育館,COMPLETED,False,4,2026-04-24,(五),19:00:00,2026-04-24 19:00:00,"{""id"":1487,""gohoops_id"":8178,""division_id"":9,""gohoops_division_id"":358,""code"":""117"",""home_team"":{""id"":7,""gohoops_id"":945,""gohoops_squad_id"":11932,""gohoops_event_id"":490,""gohoops_season_id"":213,""name"":""新北國王"",""status"":""ACTIVE"",""meta"":{""logo"":""https://assets.tpbl.basketball/logos/kings.webp"",""alt_name"":""kings""},""is_league"":false,""won_score"":105,""lost_score"":99},""away_team"":{""id"":3,""gohoops_id"":941,""gohoops_squad_id"":11936,""gohoops_event_id"":490,""gohoops_season_id"":213,""name"":""福爾摩沙夢想家"",""status"":""ACTIVE"",""meta"":{""logo"":""https://assets.tpbl.basketball/logos/dreamers.webp"",""alt_name"":""dreamers""},""is_league"":false,""won_score"":99,""lost_score"":105},""venue"":""新莊體育館"",""status"":""COMPLETED"",""is_live"":false,""round"":4,""meta"":{""recap"":""https://youtu.be/o4z1bjEkyfE"",""visitors"":""3723"",""live_stream_url"":""https://www.youtube.com/live/7xNr2AYvIW4?si=2AD8GepZa_3edkIc"",""judgement_report"":""https://drive.google.com/file/d/1n931jp-SDCr4UKlEXqRSZfgMgk08a6SH/view?usp=drive_link""},""game_date"":""2026-04-24"",""game_day_of_week"":""(五)"",""game_time"":""19:00:00"",""gamed_at"":""2026-04-24 19:00:00""}"
2025-26,1503,1503,8203,9,358,118,桃園巨蛋,COMPLETED,False,4,2026-04-25,(六),14:30:00,2026-04-25 14:30:00,"{""id"":1503,""gohoops_id"":8203,""division_id"":9,""gohoops_division_id"":358,""code"":""118"",""home_team"":{""id"":5,""gohoops_id"":943,""gohoops_squad_id"":11934,""gohoops_event_id"":490,""gohoops_season_id"":213,""name"":""桃園台啤永豐雲豹"",""status"":""ACTIVE"",""meta"":{""logo"":""https://assets.tpbl.basketball/logos/leopards.webp"",""alt_name"":""leopards""},""is_league"":false,""won_score"":99,""lost_score"":85},""away_team"":{""id"":2,""gohoops_id"":940,""gohoops_squad_id"":11937,""gohoops_event_id"":490,""gohoops_season_id"":213,""name"":""高雄全家海神"",""status"":""ACTIVE"",""meta"":{""logo"":""https://assets.tpbl.basketball/logos/aquas.webp"",""alt_name"":""aquas""},""is_league"":false,""won_score"":85,""lost_score"":99},""venue"":""桃園巨蛋"",""status"":""COMPLETED"",""is_live"":false,""round"":4,""meta"":{""recap"":""https://youtu.be/ScJCvGmKYeE"",""visitors"":""5733"",""live_stream_url"":""https://youtube.com/live/34ZpNJFsf9M?feature=share"",""judgement_report"":""https://drive.google.com/file/d/1y2Ty4R_4hQKLMPAebfRyzb8SowvxTYpw/view?usp=drive_link""},""game_date"":""2026-04-25"",""game_day_of_week"":""(六)"",""game_time"":""14:30:00"",""gamed_at"":""2026-04-25 14:30:00""}"
2025-26,1488,1488,8179,9,358,119,和平籃球館,COMPLETED,False,4,2026-04-25,(六),17:00:00,2026-04-25 17:00:00,"{""id"":1488,""gohoops_id"":8179,""division_id"":9,""gohoops_division_id"":358,""code"":""119"",""home_team"":{""id"":8,""gohoops_id"":946,""gohoops_squad_id"":11931,""gohoops_event_id"":490,""gohoops_season_id"":213,""name"":""臺北台新戰神"",""status"":""ACTIVE"",""meta"":{""logo"":""https://assets.tpbl.basketball/logos/mars.webp"",""alt_name"":""mars""},""is_league"":false,""won_score"":86,""lost_score"":104},""away_team"":{""id"":4,""gohoops_id"":942,""gohoops_squad_id"":11935,""gohoops_event_id"":490,""gohoops_season_id"":213,""name"":""新竹御嵿攻城獅"",""status"":""ACTIVE"",""meta"":{""logo"":""https://assets.tpbl.basketball/logos/lioneers.webp"",""alt_name"":""lioneers""},""is_league"":false,""won_score"":104,""lost_score"":86},""venue"":""和平籃球館"",""status"":""COMPLETED"",""is_live"":false,""round"":4,""meta"":{""recap"":""https://youtu.be/5AZBeUg2z3Q?si=NKW4x7BkRfBFM6is"",""visitors"":""4653"",""live_stream_url"":""https://www.youtube.com/live/ToSwqV9Y-mo?si=9x80k1FBLASnKUx1"",""judgement_report"":""https://drive.google.com/file/d/1bW0q7Cv_nuC9NdQDoaFJYK1Re4jxYvZb/view?usp=drive_link""},""game_date"":""2026-04-25"",""game_day_of_week"":""(六)"",""game_time"":""17:00:00"",""gamed_at"":""2026-04-25 17:00:00""}"
2025-26,1489,1489,8180,9,358,120,桃園巨蛋,COMPLETED,False,4,2026-04-26,(日),14:30:00,2026-04-26 14:30:00,"{""id"":1489,""gohoops_id"":8180,""division_id"":9,""gohoops_division_id"":358,""code"":""120"",""home_team"":{""id"":5,""gohoops_id"":943,""gohoops_squad_id"":11934,""gohoops_event_id"":490,""gohoops_season_id"":213,""name"":""桃園台啤永豐雲豹"",""status"":""ACTIVE"",""meta"":{""logo"":""https://assets.tpbl.basketball/logos/leopards.webp"",""alt_name"":""leopards""},""is_league"":false,""won_score"":104,""lost_score"":100},""away_team"":{""id"":3,""gohoops_id"":941,""gohoops_squad_id"":11936,""gohoops_event_id"":490,""gohoops_season_id"":213,""name"":""福爾摩沙夢想家"",""status"":""ACTIVE"",""meta"":{""logo"":""https://assets.tpbl.basketball/logos/dreamers.webp"",""alt_name"":""dreamers""},""is_league"":false,""won_score"":100,""lost_score"":104},""venue"":""桃園巨蛋"",""status"":""COMPLETED"",""is_live"":false,""round"":4,""meta"":{""recap"":""https://youtu.be/-gm5h3okok0"",""visitors"":""6033"",""live_stream_url"":""https://www.youtube.com/live/aKvPUE56Vzk?si=8oXF1YM-9PC2At26"",""judgement_report"":""https://drive.google.com/file/d/1Nz1G0Kak-EbMnbIQyF3gesv6km_nHV2P/view?usp=drive_link""},""game_date"":""2026-04-26"",""game_day_of_week"":""(日)"",""game_time"":""14:30:00"",""gamed_at"":""2026-04-26 14:30:00""}"
2025-26,1490,1490,8181,9,358,121,和平籃球館,COMPLETED,False,4,2026-04-26,(日),17:00:00,2026-04-26 17:00:00,"{""id"":1490,""gohoops_id"":8181,""division_id"":9,""gohoops_division_id"":358,""code"":""121"",""home_team"":{""id"":8,""gohoops_id"":946,""gohoops_squad_id"":11931,""gohoops_event_id"":490,""gohoops_season_id"":213,""name"":""臺北台新戰神"",""status"":""ACTIVE"",""meta"":{""logo"":""https://assets.tpbl.basketball/logos/mars.webp"",""alt_name"":""mars""},""is_league"":false,""won_score"":103,""lost_score"":111},""away_team"":{""id"":6,""gohoops_id"":944,""gohoops_squad_id"":11933,""gohoops_event_id"":490,""gohoops_season_id"":213,""name"":""新北中信特攻"",""status"":""ACTIVE"",""meta"":{""logo"":""https://assets.tpbl.basketball/logos/dea.webp"",""alt_name"":""dea""},""is_league"":false,""won_score"":111,""lost_score"":103},""venue"":""和平籃球館"",""status"":""COMPLETED"",""is_live"":false,""round"":4,""meta"":{""recap"":""https://youtu.be/W7x70bn4KRg?si=wHafLeLJfn6NNI28"",""visitors"":""4022"",""live_stream_url"":""https://www.youtube.com/live/CiJ_S3xk8hI?si=eTxmNwCEtuOD24cM"",""judgement_report"":""https://drive.google.com/file/d/1W5yfr7I0cwHxXyM5Gypg3glsmNUdG8Si/view?usp=drive_link""},""game_date"":""2026-04-26"",""game_day_of_week"":""(日)"",""game_time"":""17:00:00"",""gamed_at"":""2026-04-26 17:00:00""}"
2025-26,1491,1491,8182,9,358,122,新竹縣體育館,COMPLETED,False,4,2026-04-29,(三),19:00:00,2026-04-29 19:00:00,"{""id"":1491,""gohoops_id"":8182,""division_id"":9,""gohoops_division_id"":358,""code"":""122"",""home_team"":{""id"":4,""gohoops_id"":942,""gohoops_squad_id"":11935,""gohoops_event_id"":490,""gohoops_season_id"":213,""name"":""新竹御嵿攻城獅"",""status"":""ACTIVE"",""meta"":{""logo"":""https://assets.tpbl.basketball/logos/lioneers.webp"",""alt_name"":""lioneers""},""is_league"":false,""won_score"":98,""lost_score"":78},""away_team"":{""id"":7,""gohoops_id"":945,""gohoops_squad_id"":11932,""gohoops_event_id"":490,""gohoops_season_id"":213,""name"":""新北國王"",""status"":""ACTIVE"",""meta"":{""logo"":""https://assets.tpbl.basketball/logos/kings.webp"",""alt_name"":""kings""},""is_league"":false,""won_score"":78,""lost_score"":98},""venue"":""新竹縣體育館"",""status"":""COMPLETED"",""is_live"":false,""round"":4,""meta"":{""recap"":""https://youtu.be/-w-kJASLLDQ"",""visitors"":""3761"",""live_stream_url"":""https://youtube.com/live/s_mM6TpxrQQ?feature=share"",""judgement_report"":""https://drive.google.com/file/d/1hz0zeBCMPxFLa6NKKCOjZUaGo0f9fLpQ/view?usp=drive_link""},""game_date"":""2026-04-29"",""game_day_of_week"":""(三)"",""game_time"":""19:00:00"",""gamed_at"":""2026-04-29 19:00:00""}"
2025-26,1492,1492,8183,9,358,123,新竹縣體育館,COMPLETED,False,4,2026-05-02,(六),14:30:00,2026-05-02 14:30:00,"{""id"":1492,""gohoops_id"":8183,""division_id"":9,""gohoops_division_id"":358,""code"":""123"",""home_team"":{""id"":4,""gohoops_id"":942,""gohoops_squad_id"":11935,""gohoops_event_id"":490,""gohoops_season_id"":213,""name"":""新竹御嵿攻城獅"",""status"":""ACTIVE"",""meta"":{""logo"":""https://assets.tpbl.basketball/logos/lioneers.webp"",""alt_name"":""lioneers""},""is_league"":false,""won_score"":96,""lost_score"":73},""away_team"":{""id"":8,""gohoops_id"":946,""gohoops_squad_id"":11931,""gohoops_event_id"":490,""gohoops_season_id"":213,""name"":""臺北台新戰神"",""status"":""ACTIVE"",""meta"":{""logo"":""https://assets.tpbl.basketball/logos/mars.webp"",""alt_name"":""mars""},""is_league"":false,""won_score"":73,""lost_score"":96},""venue"":""新竹縣體育館"",""status"":""COMPLETED"",""is_live"":false,""round"":4,""meta"":{""recap"":""https://youtu.be/mlAwG6D_a0w"",""visitors"":""5050"",""live_stream_url"":""https://youtube.com/live/s_mM6TpxrQQ?feature=share"",""judgement_report"":""https://drive.google.com/file/d/1HVwzVsuw0wSB-fNvJXrKm56T6umP68Jh/view?usp=drive_link""},""game_date"":""2026-05-02"",""game_day_of_week"":""(六)"",""game_time"":""14:30:00"",""gamed_at"":""2026-05-02 14:30:00""}"
2025-26,1493,1493,8184,9,358,124,新莊體育館,COMPLETED,False,4,2026-05-02,(六),17:00:00,2026-05-02 17:00:00,"{""id"":1493,""gohoops_id"":8184,""division_id"":9,""gohoops_division_id"":358,""code"":""124"",""home_team"":{""id"":7,""gohoops_id"":945,""gohoops_squad_id"":11932,""gohoops_event_id"":490,""gohoops_season_id"":213,""name"":""新北國王"",""status"":""ACTIVE"",""meta"":{""logo"":""https://assets.tpbl.basketball/logos/kings.webp"",""alt_name"":""kings""},""is_league"":false,""won_score"":97,""lost_score"":94},""away_team"":{""id"":5,""gohoops_id"":943,""gohoops_squad_id"":11934,""gohoops_event_id"":490,""gohoops_season_id"":213,""name"":""桃園台啤永豐雲豹"",""status"":""ACTIVE"",""meta"":{""logo"":""https://assets.tpbl.basketball/logos/leopards.webp"",""alt_name"":""leopards""},""is_league"":false,""won_score"":94,""lost_score"":97},""venue"":""新莊體育館"",""status"":""COMPLETED"",""is_live"":false,""round"":4,""meta"":{""recap"":""https://youtu.be/ULf5VKGsCPQ?si=9WhxLhwtgx89bt2u"",""visitors"":""5185"",""live_stream_url"":""https://youtube.com/live/vPPq-iDs468?feature=share"",""judgement_report"":""https://drive.google.com/file/d/1JTm4Rj9Q3DyOmgURVtXiI2bvI-Zlhmq0/view?usp=drive_link""},""game_date"":""2026-05-02"",""game_day_of_week"":""(六)"",""game_time"":""17:00:00"",""gamed_at"":""2026-05-02 17:00:00""}"
2025-26,1494,1494,8185,9,358,125,新竹縣體育館,COMPLETED,False,4,2026-05-03,(日),14:30:00,2026-05-03 14:30:00,"{""id"":1494,""gohoops_id"":8185,""division_id"":9,""gohoops_division_id"":358,""code"":""125"",""home_team"":{""id"":4,""gohoops_id"":942,""gohoops_squad_id"":11935,""gohoops_event_id"":490,""gohoops_season_id"":213,""name"":""新竹御嵿攻城獅"",""status"":""ACTIVE"",""meta"":{""logo"":""https://assets.tpbl.basketball/logos/lioneers.webp"",""alt_name"":""lioneers""},""is_league"":false,""won_score"":102,""lost_score"":99},""away_team"":{""id"":2,""gohoops_id"":940,""gohoops_squad_id"":11937,""gohoops_event_id"":490,""gohoops_season_id"":213,""name"":""高雄全家海神"",""status"":""ACTIVE"",""meta"":{""logo"":""https://assets.tpbl.basketball/logos/aquas.webp"",""alt_name"":""aquas""},""is_league"":false,""won_score"":99,""lost_score"":102},""venue"":""新竹縣體育館"",""status"":""COMPLETED"",""is_live"":false,""round"":4,""meta"":{""recap"":""https://www.youtube.com/watch?v=5jevE9R2Vok"",""visitors"":""4887"",""live_stream_url"":""https://www.youtube.com/live/XCPxQRPKxd4?"",""judgement_report"":""https://drive.google.com/file/d/1H9BWgDYXAvktxBZYcsOBYsHHa5LgLYPP/view?usp=drive_link""},""game_date"":""2026-05-03"",""game_day_of_week"":""(日)"",""game_time"":""14:30:00"",""gamed_at"":""2026-05-03 14:30:00""}"
2025-26,1495,1495,8186,9,358,126,新莊體育館,COMPLETED,False,4,2026-05-03,(日),17:00:00,2026-05-03 17:00:00,"{""id"":1495,""gohoops_id"":8186,""division_id"":9,""gohoops_division_id"":358,""code"":""126"",""home_team"":{""id"":7,""gohoops_id"":945,""gohoops_squad_id"":11932,""gohoops_event_id"":490,""gohoops_season_id"":213,""name"":""新北國王"",""status"":""ACTIVE"",""meta"":{""logo"":""https://assets.tpbl.basketball/logos/kings.webp"",""alt_name"":""kings""},""is_league"":false,""won_score"":87,""lost_score"":111},""away_team"":{""id"":6,""gohoops_id"":944,""gohoops_squad_id"":11933,""gohoops_event_id"":490,""gohoops_season_id"":213,""name"":""新北中信特攻"",""status"":""ACTIVE"",""meta"":{""logo"":""https://assets.tpbl.basketball/logos/dea.webp"",""alt_name"":""dea""},""is_league"":false,""won_score"":111,""lost_score"":87},""venue"":""新莊體育館"",""status"":""COMPLETED"",""is_live"":false,""round"":4,""meta"":{""recap"":""https://youtu.be/LT7ZEZj9IfU?si=4ja3cr-a7oSLK1lu"",""visitors"":""5513"",""live_stream_url"":""https://www.youtube.com/live/1D5VWKgA2BM?si=iTgP4IQPZbD627q9"",""judgement_report"":""https://drive.google.com/file/d/1Wl7hYpF_jNmdRAxQrhjzMHNhSXA4tXFN/view?usp=drive_link""},""game_date"":""2026-05-03"",""game_day_of_week"":""(日)"",""game_time"":""17:00:00"",""gamed_at"":""2026-05-03 17:00:00""}"
2025-26,6316,6316,9590,12,467,AG1,桃園巨蛋,COMPLETED,False,4,2026-05-10,(日),17:00:00,2026-05-10 17:00:00,"{""id"":6316,""gohoops_id"":9590,""division_id"":12,""gohoops_division_id"":467,""code"":""AG1"",""home_team"":{""id"":5,""gohoops_id"":943,""gohoops_squad_id"":11934,""gohoops_event_id"":490,""gohoops_season_id"":213,""name"":""桃園台啤永豐雲豹"",""status"":""ACTIVE"",""meta"":{""logo"":""https://assets.tpbl.basketball/logos/leopards.webp"",""alt_name"":""leopards""},""is_league"":false,""won_score"":105,""lost_score"":113},""away_team"":{""id"":7,""gohoops_id"":945,""gohoops_squad_id"":11932,""gohoops_event_id"":490,""gohoops_season_id"":213,""name"":""新北國王"",""status"":""ACTIVE"",""meta"":{""logo"":""https://assets.tpbl.basketball/logos/kings.webp"",""alt_name"":""kings""},""is_league"":false,""won_score"":113,""lost_score"":105},""venue"":""桃園巨蛋"",""status"":""COMPLETED"",""is_live"":false,""round"":4,""meta"":{""recap"":""https://youtu.be/P2aON3gG4vE?si=i-_rbkYzHvtwbhVN"",""visitors"":""5508"",""live_stream_url"":""https://www.youtube.com/live/2KzKCXcdJhk?si=2wjJYSIMYVmC2Rm2"",""judgement_report"":""https://drive.google.com/file/d/1H6BagqME1fAhAEqQz12IcDwRECGlQ2e0/view?usp=drivesdk""},""game_date"":""2026-05-10"",""game_day_of_week"":""(日)"",""game_time"":""17:00:00"",""gamed_at"":""2026-05-10 17:00:00""}"
2025-26,6317,6317,9591,12,467,AG2,桃園巨蛋,COMPLETED,False,4,2026-05-13,(三),19:00:00,2026-05-13 19:00:00,"{""id"":6317,""gohoops_id"":9591,""division_id"":12,""gohoops_division_id"":467,""code"":""AG2"",""home_team"":{""id"":5,""gohoops_id"":943,""gohoops_squad_id"":11934,""gohoops_event_id"":490,""gohoops_season_id"":213,""name"":""桃園台啤永豐雲豹"",""status"":""ACTIVE"",""meta"":{""logo"":""https://assets.tpbl.basketball/logos/leopards.webp"",""alt_name"":""leopards""},""is_league"":false,""won_score"":114,""lost_score"":92},""away_team"":{""id"":7,""gohoops_id"":945,""gohoops_squad_id"":11932,""gohoops_event_id"":490,""gohoops_season_id"":213,""name"":""新北國王"",""status"":""ACTIVE"",""meta"":{""logo"":""https://assets.tpbl.basketball/logos/kings.webp"",""alt_name"":""kings""},""is_league"":false,""won_score"":92,""lost_score"":114},""venue"":""桃園巨蛋"",""status"":""COMPLETED"",""is_live"":false,""round"":4,""meta"":{""recap"":""https://youtu.be/42QDckUxk-U?si=NWyi5SAv8xgIEeiR"",""visitors"":""3520"",""live_stream_url"":""https://www.youtube.com/live/HLnb6HyQlRg?si=yMRdyWflCzA10Sxz"",""judgement_report"":""https://drive.google.com/file/d/1XyCZ63nhqxzDQa1ebGWVAkPhcyG4kmEl/view?usp=drive_link""},""game_date"":""2026-05-13"",""game_day_of_week"":""(三)"",""game_time"":""19:00:00"",""gamed_at"":""2026-05-13 19:00:00""}"
2025-26,6318,6318,9592,12,467,AG3,和平籃球館,COMPLETED,False,4,2026-05-15,(五),19:00:00,2026-05-15 19:00:00,"{""id"":6318,""gohoops_id"":9592,""division_id"":12,""gohoops_division_id"":467,""code"":""AG3"",""home_team"":{""id"":7,""gohoops_id"":945,""gohoops_squad_id"":11932,""gohoops_event_id"":490,""gohoops_season_id"":213,""name"":""新北國王"",""status"":""ACTIVE"",""meta"":{""logo"":""https://assets.tpbl.basketball/logos/kings.webp"",""alt_name"":""kings""},""is_league"":false,""won_score"":104,""lost_score"":102},""away_team"":{""id"":5,""gohoops_id"":943,""gohoops_squad_id"":11934,""gohoops_event_id"":490,""gohoops_season_id"":213,""name"":""桃園台啤永豐雲豹"",""status"":""ACTIVE"",""meta"":{""logo"":""https://assets.tpbl.basketball/logos/leopards.webp"",""alt_name"":""leopards""},""is_league"":false,""won_score"":102,""lost_score"":104},""venue"":""和平籃球館"",""status"":""COMPLETED"",""is_live"":false,""round"":4,""meta"":{""recap"":""https://youtu.be/KuqKuvvmdXk?si=-Bup2blnJTN2hDvd"",""visitors"":""5591"",""live_stream_url"":""https://www.youtube.com/live/AZEwnOWcmO8?si=GFRW_iAKcyaaC7jh"",""judgement_report"":""https://drive.google.com/file/d/1RwA95knT42WiUTdfBDTexpC2YgzqdQVC/view?usp=drive_link""},""game_date"":""2026-05-15"",""game_day_of_week"":""(五)"",""game_time"":""19:00:00"",""gamed_at"":""2026-05-15 19:00:00""}"
2025-26,6319,6319,9593,12,467,AG4,和平籃球館,COMPLETED,False,4,2026-05-17,(日),17:00:00,2026-05-17 17:00:00,"{""id"":6319,""gohoops_id"":9593,""division_id"":12,""gohoops_division_id"":467,""code"":""AG4"",""home_team"":{""id"":7,""gohoops_id"":945,""gohoops_squad_id"":11932,""gohoops_event_id"":490,""gohoops_season_id"":213,""name"":""新北國王"",""status"":""ACTIVE"",""meta"":{""logo"":""https://assets.tpbl.basketball/logos/kings.webp"",""alt_name"":""kings""},""is_league"":false,""won_score"":116,""lost_score"":114},""away_team"":{""id"":5,""gohoops_id"":943,""gohoops_squad_id"":11934,""gohoops_event_id"":490,""gohoops_season_id"":213,""name"":""桃園台啤永豐雲豹"",""status"":""ACTIVE"",""meta"":{""logo"":""https://assets.tpbl.basketball/logos/leopards.webp"",""alt_name"":""leopards""},""is_league"":false,""won_score"":114,""lost_score"":116},""venue"":""和平籃球館"",""status"":""COMPLETED"",""is_live"":false,""round"":4,""meta"":{""recap"":""https://youtu.be/qlS8_-ob4d4?si=KPVgr0C9xj5HwJpy"",""visitors"":""5838"",""live_stream_url"":""https://www.youtube.com/live/eJO2mGA7SPc?si=IZXKlOF47B0K7VaO"",""judgement_report"":""https://drive.google.com/file/d/1-FBBKEWABLjREXKp5MfgrAcPk_L5GFEN/view?usp=drive_link""},""game_date"":""2026-05-17"",""game_day_of_week"":""(日)"",""game_time"":""17:00:00"",""gamed_at"":""2026-05-17 17:00:00""}"
2025-26,6033,6033,9479,12,467,BG1,臺中洲際迷你蛋,COMPLETED,False,4,2026-05-09,(六),17:00:00,2026-05-09 17:00:00,"{""id"":6033,""gohoops_id"":9479,""division_id"":12,""gohoops_division_id"":467,""code"":""BG1"",""home_team"":{""id"":3,""gohoops_id"":941,""gohoops_squad_id"":11936,""gohoops_event_id"":490,""gohoops_season_id"":213,""name"":""福爾摩沙夢想家"",""status"":""ACTIVE"",""meta"":{""logo"":""https://assets.tpbl.basketball/logos/dreamers.webp"",""alt_name"":""dreamers""},""is_league"":false,""won_score"":94,""lost_score"":97},""away_team"":{""id"":4,""gohoops_id"":942,""gohoops_squad_id"":11935,""gohoops_event_id"":490,""gohoops_season_id"":213,""name"":""新竹御嵿攻城獅"",""status"":""ACTIVE"",""meta"":{""logo"":""https://assets.tpbl.basketball/logos/lioneers.webp"",""alt_name"":""lioneers""},""is_league"":false,""won_score"":97,""lost_score"":94},""venue"":""臺中洲際迷你蛋"",""status"":""COMPLETED"",""is_live"":false,""round"":4,""meta"":{""recap"":""https://youtu.be/60jstU930U0"",""visitors"":""3000"",""live_stream_url"":""https://www.youtube.com/live/7HXVOXVqmB0?si=_r0eD0g9eznhW7Ng"",""judgement_report"":""https://drive.google.com/file/d/1-ROrFysnIIrEQwefzyou1qdySAGwnLsN/view?usp=sharing""},""game_date"":""2026-05-09"",""game_day_of_week"":""(六)"",""game_time"":""17:00:00"",""gamed_at"":""2026-05-09 17:00:00""}"
2025-26,6034,6034,9480,12,467,BG2,臺中洲際迷你蛋,COMPLETED,False,4,2026-05-12,(二),19:00:00,2026-05-12 19:00:00,"{""id"":6034,""gohoops_id"":9480,""division_id"":12,""gohoops_division_id"":467,""code"":""BG2"",""home_team"":{""id"":3,""gohoops_id"":941,""gohoops_squad_id"":11936,""gohoops_event_id"":490,""gohoops_season_id"":213,""name"":""福爾摩沙夢想家"",""status"":""ACTIVE"",""meta"":{""logo"":""https://assets.tpbl.basketball/logos/dreamers.webp"",""alt_name"":""dreamers""},""is_league"":false,""won_score"":83,""lost_score"":61},""away_team"":{""id"":4,""gohoops_id"":942,""gohoops_squad_id"":11935,""gohoops_event_id"":490,""gohoops_season_id"":213,""name"":""新竹御嵿攻城獅"",""status"":""ACTIVE"",""meta"":{""logo"":""https://assets.tpbl.basketball/logos/lioneers.webp"",""alt_name"":""lioneers""},""is_league"":false,""won_score"":61,""lost_score"":83},""venue"":""臺中洲際迷你蛋"",""status"":""COMPLETED"",""is_live"":false,""round"":4,""meta"":{""recap"":""https://youtu.be/MoIT9TA_ln4"",""visitors"":""3000"",""live_stream_url"":""https://youtube.com/live/XddG9A8Yo2I?feature=share"",""judgement_report"":""https://drive.google.com/file/d/1iZTZWoSX0Fv0jnlEqSqx5nIotua-Y5fX/view?usp=drive_link""},""game_date"":""2026-05-12"",""game_day_of_week"":""(二)"",""game_time"":""19:00:00"",""gamed_at"":""2026-05-12 19:00:00""}"
2025-26,6035,6035,9481,12,467,BG3,新竹縣體育館,COMPLETED,False,4,2026-05-14,(四),19:00:00,2026-05-14 19:00:00,"{""id"":6035,""gohoops_id"":9481,""division_id"":12,""gohoops_division_id"":467,""code"":""BG3"",""home_team"":{""id"":4,""gohoops_id"":942,""gohoops_squad_id"":11935,""gohoops_event_id"":490,""gohoops_season_id"":213,""name"":""新竹御嵿攻城獅"",""status"":""ACTIVE"",""meta"":{""logo"":""https://assets.tpbl.basketball/logos/lioneers.webp"",""alt_name"":""lioneers""},""is_league"":false,""won_score"":106,""lost_score"":114},""away_team"":{""id"":3,""gohoops_id"":941,""gohoops_squad_id"":11936,""gohoops_event_id"":490,""gohoops_season_id"":213,""name"":""福爾摩沙夢想家"",""status"":""ACTIVE"",""meta"":{""logo"":""https://assets.tpbl.basketball/logos/dreamers.webp"",""alt_name"":""dreamers""},""is_league"":false,""won_score"":114,""lost_score"":106},""venue"":""新竹縣體育館"",""status"":""COMPLETED"",""is_live"":false,""round"":4,""meta"":{""recap"":""https://youtu.be/-lONa6KUBf4"",""visitors"":""5127"",""live_stream_url"":""https://youtube.com/live/VED1YEhKENs?feature=share"",""judgement_report"":""https://drive.google.com/file/d/1WRimzGtoCw3y6uLhbrGAyvCuXOnxqHi7/view?usp=drive_link""},""game_date"":""2026-05-14"",""game_day_of_week"":""(四)"",""game_time"":""19:00:00"",""gamed_at"":""2026-05-14 19:00:00""}"
2025-26,6036,6036,9482,12,467,BG4,新竹縣體育館,COMPLETED,False,4,2026-05-16,(六),17:00:00,2026-05-16 17:00:00,"{""id"":6036,""gohoops_id"":9482,""division_id"":12,""gohoops_division_id"":467,""code"":""BG4"",""home_team"":{""id"":4,""gohoops_id"":942,""gohoops_squad_id"":11935,""gohoops_event_id"":490,""gohoops_season_id"":213,""name"":""新竹御嵿攻城獅"",""status"":""ACTIVE"",""meta"":{""logo"":""https://assets.tpbl.basketball/logos/lioneers.webp"",""alt_name"":""lioneers""},""is_league"":false,""won_score"":93,""lost_score"":104},""away_team"":{""id"":3,""gohoops_id"":941,""gohoops_squad_id"":11936,""gohoops_event_id"":490,""gohoops_season_id"":213,""name"":""福爾摩沙夢想家"",""status"":""ACTIVE"",""meta"":{""logo"":""https://assets.tpbl.basketball/logos/dreamers.webp"",""alt_name"":""dreamers""},""is_league"":false,""won_score"":104,""lost_score"":93},""venue"":""新竹縣體育館"",""status"":""COMPLETED"",""is_live"":false,""round"":4,""meta"":{""recap"":""https://youtu.be/GMik4wg4z6s"",""visitors"":""6055"",""live_stream_url"":""https://youtube.com/live/9Z2agsrXJJ0?feature=share"",""judgement_report"":""https://drive.google.com/file/d/18kq5zoj-bgexOIzE1IOknGoUpYQT-Mi2/view?usp=drive_link""},""game_date"":""2026-05-16"",""game_day_of_week"":""(六)"",""game_time"":""17:00:00"",""gamed_at"":""2026-05-16 17:00:00""}"
2025-26,8635,8635,9695,35,576,G1,洲際迷你蛋,COMPLETED,False,4,2026-05-24,(日),17:00:00,2026-05-24 17:00:00,"{""id"":8635,""gohoops_id"":9695,""division_id"":35,""gohoops_division_id"":576,""code"":""G1"",""home_team"":{""id"":3,""gohoops_id"":941,""gohoops_squad_id"":11936,""gohoops_event_id"":490,""gohoops_season_id"":213,""name"":""福爾摩沙夢想家"",""status"":""ACTIVE"",""meta"":{""logo"":""https://assets.tpbl.basketball/logos/dreamers.webp"",""alt_name"":""dreamers""},""is_league"":false,""won_score"":90,""lost_score"":91},""away_team"":{""id"":7,""gohoops_id"":945,""gohoops_squad_id"":11932,""gohoops_event_id"":490,""gohoops_season_id"":213,""name"":""新北國王"",""status"":""ACTIVE"",""meta"":{""logo"":""https://assets.tpbl.basketball/logos/kings.webp"",""alt_name"":""kings""},""is_league"":false,""won_score"":91,""lost_score"":90},""venue"":""洲際迷你蛋"",""status"":""COMPLETED"",""is_live"":false,""round"":4,""meta"":{""recap"":""https://youtu.be/qt5f9eKGu5c?si=B98B6u5aJX1NisCL"",""visitors"":""3000"",""live_stream_url"":""https://youtube.com/live/ejo_YMeluTo?feature=share"",""judgement_report"":""https://drive.google.com/file/d/1BB8P1IsKk2GcMixlhUOcql-lfVsrrtvR/view?usp=drive_link""},""game_date"":""2026-05-24"",""game_day_of_week"":""(日)"",""game_time"":""17:00:00"",""gamed_at"":""2026-05-24 17:00:00""}"
2025-26,1496,1496,8187,8,357,G1,屏東縣立體育館,COMPLETED,False,4,2025-10-03,(五),14:30:00,2025-10-03 14:30:00,"{""id"":1496,""gohoops_id"":8187,""division_id"":8,""gohoops_division_id"":357,""code"":""G1"",""home_team"":{""id"":3,""gohoops_id"":941,""gohoops_squad_id"":11936,""gohoops_event_id"":490,""gohoops_season_id"":213,""name"":""福爾摩沙夢想家"",""status"":""ACTIVE"",""meta"":{""logo"":""https://assets.tpbl.basketball/logos/dreamers.webp"",""alt_name"":""dreamers""},""is_league"":false,""won_score"":111,""lost_score"":109},""away_team"":{""id"":6,""gohoops_id"":944,""gohoops_squad_id"":11933,""gohoops_event_id"":490,""gohoops_season_id"":213,""name"":""新北中信特攻"",""status"":""ACTIVE"",""meta"":{""logo"":""https://assets.tpbl.basketball/logos/dea.webp"",""alt_name"":""dea""},""is_league"":false,""won_score"":109,""lost_score"":111},""venue"":""屏東縣立體育館"",""status"":""COMPLETED"",""is_live"":false,""round"":4,""meta"":{""recap"":""https://youtu.be/B_Tj_8Jvkok"",""visitors"":null,""live_stream_url"":""https://www.youtube.com/live/8rmeP8In0R0?si=C30f5Vqpdmf79uJy""},""game_date"":""2025-10-03"",""game_day_of_week"":""(五)"",""game_time"":""14:30:00"",""gamed_at"":""2025-10-03 14:30:00""}"
2025-26,6026,6026,9472,11,466,G2,新莊體育館,COMPLETED,False,4,2026-05-05,(二),19:00:00,2026-05-05 19:00:00,"{""id"":6026,""gohoops_id"":9472,""division_id"":11,""gohoops_division_id"":466,""code"":""G2"",""home_team"":{""id"":7,""gohoops_id"":945,""gohoops_squad_id"":11932,""gohoops_event_id"":490,""gohoops_season_id"":213,""name"":""新北國王"",""status"":""ACTIVE"",""meta"":{""logo"":""https://assets.tpbl.basketball/logos/kings.webp"",""alt_name"":""kings""},""is_league"":false,""won_score"":102,""lost_score"":86},""away_team"":{""id"":6,""gohoops_id"":944,""gohoops_squad_id"":11933,""gohoops_event_id"":490,""gohoops_season_id"":213,""name"":""新北中信特攻"",""status"":""ACTIVE"",""meta"":{""logo"":""https://assets.tpbl.basketball/logos/dea.webp"",""alt_name"":""dea""},""is_league"":false,""won_score"":86,""lost_score"":102},""venue"":""新莊體育館"",""status"":""COMPLETED"",""is_live"":false,""round"":4,""meta"":{""recap"":""https://youtu.be/wqAKkgNmVWE"",""visitors"":""2323"",""live_stream_url"":""https://www.youtube.com/live/rOUE9xqcMrQ?si=yo-cZmqva_21WJbl"",""judgement_report"":""https://drive.google.com/file/d/1E8jC5zFQ_RN1yExp0aMbTE9ZRjZ0Ue8-/view?usp=drive_link""},""game_date"":""2026-05-05"",""game_day_of_week"":""(二)"",""game_time"":""19:00:00"",""gamed_at"":""2026-05-05 19:00:00""}"
2025-26,8636,8636,9696,35,576,G2,洲際迷你蛋,COMPLETED,False,4,2026-05-26,(二),19:00:00,2026-05-26 19:00:00,"{""id"":8636,""gohoops_id"":9696,""division_id"":35,""gohoops_division_id"":576,""code"":""G2"",""home_team"":{""id"":3,""gohoops_id"":941,""gohoops_squad_id"":11936,""gohoops_event_id"":490,""gohoops_season_id"":213,""name"":""福爾摩沙夢想家"",""status"":""ACTIVE"",""meta"":{""logo"":""https://assets.tpbl.basketball/logos/dreamers.webp"",""alt_name"":""dreamers""},""is_league"":false,""won_score"":99,""lost_score"":90},""away_team"":{""id"":7,""gohoops_id"":945,""gohoops_squad_id"":11932,""gohoops_event_id"":490,""gohoops_season_id"":213,""name"":""新北國王"",""status"":""ACTIVE"",""meta"":{""logo"":""https://assets.tpbl.basketball/logos/kings.webp"",""alt_name"":""kings""},""is_league"":false,""won_score"":90,""lost_score"":99},""venue"":""洲際迷你蛋"",""status"":""COMPLETED"",""is_live"":false,""round"":4,""meta"":{""recap"":""https://youtu.be/dtMdl8L8yN8"",""visitors"":""3000"",""live_stream_url"":""https://youtube.com/live/4C0ftY8dWPo?feature=share"",""judgement_report"":""https://drive.google.com/file/d/1bYGC9N_OlZXgxLW9qw8wWeCQSpj1TROc/view?usp=drive_link""},""game_date"":""2026-05-26"",""game_day_of_week"":""(二)"",""game_time"":""19:00:00"",""gamed_at"":""2026-05-26 19:00:00""}"
2025-26,1497,1497,8188,8,357,G2,屏東縣立體育館,COMPLETED,False,4,2025-10-03,(五),17:00:00,2025-10-03 17:00:00,"{""id"":1497,""gohoops_id"":8188,""division_id"":8,""gohoops_division_id"":357,""code"":""G2"",""home_team"":{""id"":2,""gohoops_id"":940,""gohoops_squad_id"":11937,""gohoops_event_id"":490,""gohoops_season_id"":213,""name"":""高雄全家海神"",""status"":""ACTIVE"",""meta"":{""logo"":""https://assets.tpbl.basketball/logos/aquas.webp"",""alt_name"":""aquas""},""is_league"":false,""won_score"":88,""lost_score"":98},""away_team"":{""id"":4,""gohoops_id"":942,""gohoops_squad_id"":11935,""gohoops_event_id"":490,""gohoops_season_id"":213,""name"":""新竹御嵿攻城獅"",""status"":""ACTIVE"",""meta"":{""logo"":""https://assets.tpbl.basketball/logos/lioneers.webp"",""alt_name"":""lioneers""},""is_league"":false,""won_score"":98,""lost_score"":88},""venue"":""屏東縣立體育館"",""status"":""COMPLETED"",""is_live"":false,""round"":4,""meta"":{""recap"":""https://youtu.be/VMj5bozkLV8?si=swwKu_yLOW93zK5o"",""visitors"":null,""live_stream_url"":""https://www.youtube.com/live/9Cspp72yl3A?si=EmyinOzQmj2P64bZ""},""game_date"":""2025-10-03"",""game_day_of_week"":""(五)"",""game_time"":""17:00:00"",""gamed_at"":""2025-10-03 17:00:00""}"
2025-26,6027,6027,9473,11,466,G3,和平籃球館,COMPLETED,False,4,2026-05-06,(三),19:00:00,2026-05-06 19:00:00,"{""id"":6027,""gohoops_id"":9473,""division_id"":11,""gohoops_division_id"":466,""code"":""G3"",""home_team"":{""id"":6,""gohoops_id"":944,""gohoops_squad_id"":11933,""gohoops_event_id"":490,""gohoops_season_id"":213,""name"":""新北中信特攻"",""status"":""ACTIVE"",""meta"":{""logo"":""https://assets.tpbl.basketball/logos/dea.webp"",""alt_name"":""dea""},""is_league"":false,""won_score"":90,""lost_score"":96},""away_team"":{""id"":7,""gohoops_id"":945,""gohoops_squad_id"":11932,""gohoops_event_id"":490,""gohoops_season_id"":213,""name"":""新北國王"",""status"":""ACTIVE"",""meta"":{""logo"":""https://assets.tpbl.basketball/logos/kings.webp"",""alt_name"":""kings""},""is_league"":false,""won_score"":96,""lost_score"":90},""venue"":""和平籃球館"",""status"":""COMPLETED"",""is_live"":false,""round"":4,""meta"":{""recap"":""https://youtu.be/Dl-9qfGYn3s?si=kgemiG7rOhgUuAa0"",""visitors"":""2479"",""live_stream_url"":""https://youtu.be/HAtoP_cR0m4"",""judgement_report"":""https://drive.google.com/file/d/16Uqm_LmCHwI6NW-F0Ltl_ogoolo1NFGG/view?usp=sharing""},""game_date"":""2026-05-06"",""game_day_of_week"":""(三)"",""game_time"":""19:00:00"",""gamed_at"":""2026-05-06 19:00:00""}"
2025-26,8637,8637,9697,35,576,G3,新莊體育館,COMPLETED,False,4,2026-05-29,(五),19:00:00,2026-05-29 19:00:00,"{""id"":8637,""gohoops_id"":9697,""division_id"":35,""gohoops_division_id"":576,""code"":""G3"",""home_team"":{""id"":7,""gohoops_id"":945,""gohoops_squad_id"":11932,""gohoops_event_id"":490,""gohoops_season_id"":213,""name"":""新北國王"",""status"":""ACTIVE"",""meta"":{""logo"":""https://assets.tpbl.basketball/logos/kings.webp"",""alt_name"":""kings""},""is_league"":false,""won_score"":109,""lost_score"":84},""away_team"":{""id"":3,""gohoops_id"":941,""gohoops_squad_id"":11936,""gohoops_event_id"":490,""gohoops_season_id"":213,""name"":""福爾摩沙夢想家"",""status"":""ACTIVE"",""meta"":{""logo"":""https://assets.tpbl.basketball/logos/dreamers.webp"",""alt_name"":""dreamers""},""is_league"":false,""won_score"":84,""lost_score"":109},""venue"":""新莊體育館"",""status"":""COMPLETED"",""is_live"":false,""round"":4,""meta"":{""recap"":""https://youtu.be/5E2E8r8BWds?si=7SZN1wwrvQtU_spF"",""visitors"":""6187"",""live_stream_url"":""https://www.youtube.com/live/S3MMIU1wuIk?si=IMfTHVqlZNKC0JcW"",""judgement_report"":""https://drive.google.com/file/d/1RRD_oaPSJDZtOXbiqqkgyRkti2NBvnRC/view?usp=drive_link""},""game_date"":""2026-05-29"",""game_day_of_week"":""(五)"",""game_time"":""19:00:00"",""gamed_at"":""2026-05-29 19:00:00""}"
2025-26,1498,1498,8189,8,357,G3,屏東縣立體育館,COMPLETED,False,4,2025-10-04,(六),12:00:00,2025-10-04 12:00:00,"{""id"":1498,""gohoops_id"":8189,""division_id"":8,""gohoops_division_id"":357,""code"":""G3"",""home_team"":{""id"":7,""gohoops_id"":945,""gohoops_squad_id"":11932,""gohoops_event_id"":490,""gohoops_season_id"":213,""name"":""新北國王"",""status"":""ACTIVE"",""meta"":{""logo"":""https://assets.tpbl.basketball/logos/kings.webp"",""alt_name"":""kings""},""is_league"":false,""won_score"":100,""lost_score"":105},""away_team"":{""id"":8,""gohoops_id"":946,""gohoops_squad_id"":11931,""gohoops_event_id"":490,""gohoops_season_id"":213,""name"":""臺北台新戰神"",""status"":""ACTIVE"",""meta"":{""logo"":""https://assets.tpbl.basketball/logos/mars.webp"",""alt_name"":""mars""},""is_league"":false,""won_score"":105,""lost_score"":100},""venue"":""屏東縣立體育館"",""status"":""COMPLETED"",""is_live"":false,""round"":4,""meta"":{""recap"":""https://youtu.be/uGJ341lTTdA"",""visitors"":null,""live_stream_url"":""https://www.youtube.com/live/9XLCqouiqQw?si=97Ecu3rXFB_y-tU3""},""game_date"":""2025-10-04"",""game_day_of_week"":""(六)"",""game_time"":""12:00:00"",""gamed_at"":""2025-10-04 12:00:00""}"
2025-26,8638,8638,9698,35,576,G4,新莊體育館,COMPLETED,False,4,2026-05-31,(日),17:00:00,2026-05-31 17:00:00,"{""id"":8638,""gohoops_id"":9698,""division_id"":35,""gohoops_division_id"":576,""code"":""G4"",""home_team"":{""id"":7,""gohoops_id"":945,""gohoops_squad_id"":11932,""gohoops_event_id"":490,""gohoops_season_id"":213,""name"":""新北國王"",""status"":""ACTIVE"",""meta"":{""logo"":""https://assets.tpbl.basketball/logos/kings.webp"",""alt_name"":""kings""},""is_league"":false,""won_score"":96,""lost_score"":93},""away_team"":{""id"":3,""gohoops_id"":941,""gohoops_squad_id"":11936,""gohoops_event_id"":490,""gohoops_season_id"":213,""name"":""福爾摩沙夢想家"",""status"":""ACTIVE"",""meta"":{""logo"":""https://assets.tpbl.basketball/logos/dreamers.webp"",""alt_name"":""dreamers""},""is_league"":false,""won_score"":93,""lost_score"":96},""venue"":""新莊體育館"",""status"":""COMPLETED"",""is_live"":false,""round"":4,""meta"":{""recap"":""https://youtu.be/10lqoFEAQRA"",""visitors"":""6800"",""live_stream_url"":""https://www.youtube.com/live/1Hpz9BtBzY4?"",""judgement_report"":""https://drive.google.com/file/d/1wM5KTZnkmZgtKusRqGpQp0BIilJFrQBc/view?usp=drive_link""},""game_date"":""2026-05-31"",""game_day_of_week"":""(日)"",""game_time"":""17:00:00"",""gamed_at"":""2026-05-31 17:00:00""}"
2025-26,1499,1499,8190,8,357,G4,屏東縣立體育館,COMPLETED,False,4,2025-10-04,(六),14:30:00,2025-10-04 14:30:00,"{""id"":1499,""gohoops_id"":8190,""division_id"":8,""gohoops_division_id"":357,""code"":""G4"",""home_team"":{""id"":6,""gohoops_id"":944,""gohoops_squad_id"":11933,""gohoops_event_id"":490,""gohoops_season_id"":213,""name"":""新北中信特攻"",""status"":""ACTIVE"",""meta"":{""logo"":""https://assets.tpbl.basketball/logos/dea.webp"",""alt_name"":""dea""},""is_league"":false,""won_score"":101,""lost_score"":81},""away_team"":{""id"":5,""gohoops_id"":943,""gohoops_squad_id"":11934,""gohoops_event_id"":490,""gohoops_season_id"":213,""name"":""桃園台啤永豐雲豹"",""status"":""ACTIVE"",""meta"":{""logo"":""https://assets.tpbl.basketball/logos/leopards.webp"",""alt_name"":""leopards""},""is_league"":false,""won_score"":81,""lost_score"":101},""venue"":""屏東縣立體育館"",""status"":""COMPLETED"",""is_live"":false,""round"":4,""meta"":{""recap"":""https://youtu.be/EQveaHBTB7s"",""visitors"":null,""live_stream_url"":""https://www.youtube.com/live/a_BUdUaM4Z0?si=8lOdZkao_gEXuMMh""},""game_date"":""2025-10-04"",""game_day_of_week"":""(六)"",""game_time"":""14:30:00"",""gamed_at"":""2025-10-04 14:30:00""}"
2025-26,8639,8639,9699,35,576,G5,洲際迷你蛋,COMPLETED,False,4,2026-06-02,(二),19:00:00,2026-06-02 19:00:00,"{""id"":8639,""gohoops_id"":9699,""division_id"":35,""gohoops_division_id"":576,""code"":""G5"",""home_team"":{""id"":3,""gohoops_id"":941,""gohoops_squad_id"":11936,""gohoops_event_id"":490,""gohoops_season_id"":213,""name"":""福爾摩沙夢想家"",""status"":""ACTIVE"",""meta"":{""logo"":""https://assets.tpbl.basketball/logos/dreamers.webp"",""alt_name"":""dreamers""},""is_league"":false,""won_score"":105,""lost_score"":69},""away_team"":{""id"":7,""gohoops_id"":945,""gohoops_squad_id"":11932,""gohoops_event_id"":490,""gohoops_season_id"":213,""name"":""新北國王"",""status"":""ACTIVE"",""meta"":{""logo"":""https://assets.tpbl.basketball/logos/kings.webp"",""alt_name"":""kings""},""is_league"":false,""won_score"":69,""lost_score"":105},""venue"":""洲際迷你蛋"",""status"":""COMPLETED"",""is_live"":false,""round"":4,""meta"":{""recap"":""https://youtu.be/BF4hNaaWWzA"",""visitors"":""3000"",""live_stream_url"":""https://www.youtube.com/live/ripBD4sEGmc?"",""judgement_report"":""https://drive.google.com/file/d/1qjJP4ZHNVSk2TvLJoB3rdn2EHVjG-5zT/view?usp=drive_link""},""game_date"":""2026-06-02"",""game_day_of_week"":""(二)"",""game_time"":""19:00:00"",""gamed_at"":""2026-06-02 19:00:00""}"
2025-26,1500,1500,8191,8,357,G5,屏東縣立體育館,COMPLETED,False,4,2025-10-04,(六),17:00:00,2025-10-04 17:00:00,"{""id"":1500,""gohoops_id"":8191,""division_id"":8,""gohoops_division_id"":357,""code"":""G5"",""home_team"":{""id"":4,""gohoops_id"":942,""gohoops_squad_id"":11935,""gohoops_event_id"":490,""gohoops_season_id"":213,""name"":""新竹御嵿攻城獅"",""status"":""ACTIVE"",""meta"":{""logo"":""https://assets.tpbl.basketball/logos/lioneers.webp"",""alt_name"":""lioneers""},""is_league"":false,""won_score"":88,""lost_score"":94},""away_team"":{""id"":3,""gohoops_id"":941,""gohoops_squad_id"":11936,""gohoops_event_id"":490,""gohoops_season_id"":213,""name"":""福爾摩沙夢想家"",""status"":""ACTIVE"",""meta"":{""logo"":""https://assets.tpbl.basketball/logos/dreamers.webp"",""alt_name"":""dreamers""},""is_league"":false,""won_score"":94,""lost_score"":88},""venue"":""屏東縣立體育館"",""status"":""COMPLETED"",""is_live"":false,""round"":4,""meta"":{""recap"":""https://youtu.be/JehBrNAuKT4"",""visitors"":null,""live_stream_url"":""https://www.youtube.com/live/zTeAux7D_GI?si=N53I3Ilsa6S22NoH""},""game_date"":""2025-10-04"",""game_day_of_week"":""(六)"",""game_time"":""17:00:00"",""gamed_at"":""2025-10-04 17:00:00""}"
2025-26,8640,8640,9700,35,576,G6,新莊體育館,COMPLETED,False,4,2026-06-04,(四),19:00:00,2026-06-04 19:00:00,"{""id"":8640,""gohoops_id"":9700,""division_id"":35,""gohoops_division_id"":576,""code"":""G6"",""home_team"":{""id"":7,""gohoops_id"":945,""gohoops_squad_id"":11932,""gohoops_event_id"":490,""gohoops_season_id"":213,""name"":""新北國王"",""status"":""ACTIVE"",""meta"":{""logo"":""https://assets.tpbl.basketball/logos/kings.webp"",""alt_name"":""kings""},""is_league"":false,""won_score"":88,""lost_score"":91},""away_team"":{""id"":3,""gohoops_id"":941,""gohoops_squad_id"":11936,""gohoops_event_id"":490,""gohoops_season_id"":213,""name"":""福爾摩沙夢想家"",""status"":""ACTIVE"",""meta"":{""logo"":""https://assets.tpbl.basketball/logos/dreamers.webp"",""alt_name"":""dreamers""},""is_league"":false,""won_score"":91,""lost_score"":88},""venue"":""新莊體育館"",""status"":""COMPLETED"",""is_live"":false,""round"":4,""meta"":{""recap"":""https://youtu.be/POPCfq-YpCQ"",""visitors"":""6648"",""live_stream_url"":""https://youtube.com/live/HkwzE4A3jAI?feature=share"",""judgement_report"":""https://drive.google.com/file/d/1o4XEaOByWyuoXYpwzdtay2DIEblV9p8K/view?usp=drive_link""},""game_date"":""2026-06-04"",""game_day_of_week"":""(四)"",""game_time"":""19:00:00"",""gamed_at"":""2026-06-04 19:00:00""}"
2025-26,1501,1501,8192,8,357,G6,屏東縣立體育館,COMPLETED,False,4,2025-10-05,(日),12:00:00,2025-10-05 12:00:00,"{""id"":1501,""gohoops_id"":8192,""division_id"":8,""gohoops_division_id"":357,""code"":""G6"",""home_team"":{""id"":8,""gohoops_id"":946,""gohoops_squad_id"":11931,""gohoops_event_id"":490,""gohoops_season_id"":213,""name"":""臺北台新戰神"",""status"":""ACTIVE"",""meta"":{""logo"":""https://assets.tpbl.basketball/logos/mars.webp"",""alt_name"":""mars""},""is_league"":false,""won_score"":79,""lost_score"":93},""away_team"":{""id"":2,""gohoops_id"":940,""gohoops_squad_id"":11937,""gohoops_event_id"":490,""gohoops_season_id"":213,""name"":""高雄全家海神"",""status"":""ACTIVE"",""meta"":{""logo"":""https://assets.tpbl.basketball/logos/aquas.webp"",""alt_name"":""aquas""},""is_league"":false,""won_score"":93,""lost_score"":79},""venue"":""屏東縣立體育館"",""status"":""COMPLETED"",""is_live"":false,""round"":4,""meta"":{""recap"":""https://youtu.be/FauXcCrpxXI"",""visitors"":null,""live_stream_url"":""https://www.youtube.com/live/4rGcpWMXJog?si=YLHewn2NfZyD4p-U""},""game_date"":""2025-10-05"",""game_day_of_week"":""(日)"",""game_time"":""12:00:00"",""gamed_at"":""2025-10-05 12:00:00""}"
2025-26,8641,8641,9701,35,576,G7,洲際迷你蛋,COMPLETED,False,4,2026-06-06,(六),17:00:00,2026-06-06 17:00:00,"{""id"":8641,""gohoops_id"":9701,""division_id"":35,""gohoops_division_id"":576,""code"":""G7"",""home_team"":{""id"":3,""gohoops_id"":941,""gohoops_squad_id"":11936,""gohoops_event_id"":490,""gohoops_season_id"":213,""name"":""福爾摩沙夢想家"",""status"":""ACTIVE"",""meta"":{""logo"":""https://assets.tpbl.basketball/logos/dreamers.webp"",""alt_name"":""dreamers""},""is_league"":false,""won_score"":90,""lost_score"":78},""away_team"":{""id"":7,""gohoops_id"":945,""gohoops_squad_id"":11932,""gohoops_event_id"":490,""gohoops_season_id"":213,""name"":""新北國王"",""status"":""ACTIVE"",""meta"":{""logo"":""https://assets.tpbl.basketball/logos/kings.webp"",""alt_name"":""kings""},""is_league"":false,""won_score"":78,""lost_score"":90},""venue"":""洲際迷你蛋"",""status"":""COMPLETED"",""is_live"":false,""round"":4,""meta"":{""recap"":""https://youtu.be/l3xRHGavA1s"",""visitors"":""3000"",""live_stream_url"":""https://youtube.com/live/_fqQ6SDUMZs?feature=share"",""judgement_report"":""https://drive.google.com/file/d/1n6LkLGqYJv4S1uRxl2zaMKjNkI4Qgh06/view?usp=sharing""},""game_date"":""2026-06-06"",""game_day_of_week"":""(六)"",""game_time"":""17:00:00"",""gamed_at"":""2026-06-06 17:00:00""}"
2025-26,1502,1502,8193,8,357,G7,屏東縣立體育館,COMPLETED,False,4,2025-10-05,(日),14:30:00,2025-10-05 14:30:00,"{""id"":1502,""gohoops_id"":8193,""division_id"":8,""gohoops_division_id"":357,""code"":""G7"",""home_team"":{""id"":5,""gohoops_id"":943,""gohoops_squad_id"":11934,""gohoops_event_id"":490,""gohoops_season_id"":213,""name"":""桃園台啤永豐雲豹"",""status"":""ACTIVE"",""meta"":{""logo"":""https://assets.tpbl.basketball/logos/leopards.webp"",""alt_name"":""leopards""},""is_league"":false,""won_score"":89,""lost_score"":99},""away_team"":{""id"":7,""gohoops_id"":945,""gohoops_squad_id"":11932,""gohoops_event_id"":490,""gohoops_season_id"":213,""name"":""新北國王"",""status"":""ACTIVE"",""meta"":{""logo"":""https://assets.tpbl.basketball/logos/kings.webp"",""alt_name"":""kings""},""is_league"":false,""won_score"":99,""lost_score"":89},""venue"":""屏東縣立體育館"",""status"":""COMPLETED"",""is_live"":false,""round"":4,""meta"":{""recap"":""https://youtu.be/SnZooCRaKCw"",""visitors"":null,""live_stream_url"":""https://www.youtube.com/live/xm2l-7K68VE?si=sm-Ku5m522e0Hd1Y""},""game_date"":""2025-10-05"",""game_day_of_week"":""(日)"",""game_time"":""14:30:00"",""gamed_at"":""2025-10-05 14:30:00""}"
