season,season_id,division_id,competition_phase,game_id,game_date,periods,team_id,team,opponent_id,opponent,home_away,source_url,field_goals_made,field_goals_missed,field_goals_attempted,field_goals,field_goals_percentage,two_pointers_made,two_pointers_missed,two_pointers_attempted,two_pointers,two_pointers_percentage,three_pointers_made,three_pointers_missed,three_pointers_attempted,three_pointers,three_pointers_percentage,free_throws_made,free_throws_missed,free_throws_attempted,free_throws,free_throws_percentage,won_score,total_won_score,lost_score,total_lost_score,rebounds,defensive_rebounds,offensive_rebounds,defensive_fouls,offensive_fouls,personal_fouls,fouls,assists,steals,blocks,turnovers,points_in_paint,second_chance_points,fast_break_points,source_json
2025-26,2,9,regular_season,1371,2025-10-11,4,7,新北國王,2,高雄全家海神,home,https://api.tpbl.basketball/api/games/1371/stats,40,58,98,40/98,40.8,31,30,61,31/61,50.8,9,28,37,9/37,24.3,21,12,33,21/33,63.6,110,110,100,100,64,36,28,29,2,31,31,21,9,5,16,54,19,7,"{""field_goals_made"":40,""field_goals_missed"":58,""field_goals_attempted"":98,""field_goals"":""40/98"",""field_goals_percentage"":""40.8"",""two_pointers_made"":31,""two_pointers_missed"":30,""two_pointers_attempted"":61,""two_pointers"":""31/61"",""two_pointers_percentage"":""50.8"",""three_pointers_made"":9,""three_pointers_missed"":28,""three_pointers_attempted"":37,""three_pointers"":""9/37"",""three_pointers_percentage"":""24.3"",""free_throws_made"":21,""free_throws_missed"":12,""free_throws_attempted"":33,""free_throws"":""21/33"",""free_throws_percentage"":""63.6"",""won_score"":110,""total_won_score"":110,""lost_score"":100,""total_lost_score"":100,""rebounds"":64,""defensive_rebounds"":36,""offensive_rebounds"":28,""defensive_fouls"":29,""offensive_fouls"":2,""personal_fouls"":31,""fouls"":31,""assists"":21,""steals"":9,""blocks"":5,""turnovers"":16,""points_in_paint"":54,""second_chance_points"":19,""fast_break_points"":7}"
2025-26,2,9,regular_season,1371,2025-10-11,4,2,高雄全家海神,7,新北國王,away,https://api.tpbl.basketball/api/games/1371/stats,35,43,78,35/78,44.9,26,18,44,26/44,59.1,9,25,34,9/34,26.5,21,16,37,21/37,56.8,100,100,110,110,51,37,14,23,4,25,27,18,10,5,19,50,15,12,"{""field_goals_made"":35,""field_goals_missed"":43,""field_goals_attempted"":78,""field_goals"":""35/78"",""field_goals_percentage"":""44.9"",""two_pointers_made"":26,""two_pointers_missed"":18,""two_pointers_attempted"":44,""two_pointers"":""26/44"",""two_pointers_percentage"":""59.1"",""three_pointers_made"":9,""three_pointers_missed"":25,""three_pointers_attempted"":34,""three_pointers"":""9/34"",""three_pointers_percentage"":""26.5"",""free_throws_made"":21,""free_throws_missed"":16,""free_throws_attempted"":37,""free_throws"":""21/37"",""free_throws_percentage"":""56.8"",""won_score"":100,""total_won_score"":100,""lost_score"":110,""total_lost_score"":110,""rebounds"":51,""defensive_rebounds"":37,""offensive_rebounds"":14,""defensive_fouls"":23,""offensive_fouls"":4,""personal_fouls"":25,""fouls"":27,""assists"":18,""steals"":10,""blocks"":5,""turnovers"":19,""points_in_paint"":50,""second_chance_points"":15,""fast_break_points"":12}"
2025-26,2,9,regular_season,1372,2025-10-12,4,7,新北國王,3,福爾摩沙夢想家,home,https://api.tpbl.basketball/api/games/1372/stats,47,38,85,47/85,55.3,34,16,50,34/50,68.0,13,22,35,13/35,37.1,5,5,10,5/10,50.0,112,112,93,93,38,31,7,22,3,23,25,26,15,3,18,54,14,16,"{""field_goals_made"":47,""field_goals_missed"":38,""field_goals_attempted"":85,""field_goals"":""47/85"",""field_goals_percentage"":""55.3"",""two_pointers_made"":34,""two_pointers_missed"":16,""two_pointers_attempted"":50,""two_pointers"":""34/50"",""two_pointers_percentage"":""68.0"",""three_pointers_made"":13,""three_pointers_missed"":22,""three_pointers_attempted"":35,""three_pointers"":""13/35"",""three_pointers_percentage"":""37.1"",""free_throws_made"":5,""free_throws_missed"":5,""free_throws_attempted"":10,""free_throws"":""5/10"",""free_throws_percentage"":""50.0"",""won_score"":112,""total_won_score"":112,""lost_score"":93,""total_lost_score"":93,""rebounds"":38,""defensive_rebounds"":31,""offensive_rebounds"":7,""defensive_fouls"":22,""offensive_fouls"":3,""personal_fouls"":23,""fouls"":25,""assists"":26,""steals"":15,""blocks"":3,""turnovers"":18,""points_in_paint"":54,""second_chance_points"":14,""fast_break_points"":16}"
2025-26,2,9,regular_season,1372,2025-10-12,4,3,福爾摩沙夢想家,7,新北國王,away,https://api.tpbl.basketball/api/games/1372/stats,30,40,70,30/70,42.9,21,18,39,21/39,53.8,9,22,31,9/31,29.0,24,4,28,24/28,85.7,93,93,112,112,40,30,10,11,3,12,14,15,10,3,28,40,9,10,"{""field_goals_made"":30,""field_goals_missed"":40,""field_goals_attempted"":70,""field_goals"":""30/70"",""field_goals_percentage"":""42.9"",""two_pointers_made"":21,""two_pointers_missed"":18,""two_pointers_attempted"":39,""two_pointers"":""21/39"",""two_pointers_percentage"":""53.8"",""three_pointers_made"":9,""three_pointers_missed"":22,""three_pointers_attempted"":31,""three_pointers"":""9/31"",""three_pointers_percentage"":""29.0"",""free_throws_made"":24,""free_throws_missed"":4,""free_throws_attempted"":28,""free_throws"":""24/28"",""free_throws_percentage"":""85.7"",""won_score"":93,""total_won_score"":93,""lost_score"":112,""total_lost_score"":112,""rebounds"":40,""defensive_rebounds"":30,""offensive_rebounds"":10,""defensive_fouls"":11,""offensive_fouls"":3,""personal_fouls"":12,""fouls"":14,""assists"":15,""steals"":10,""blocks"":3,""turnovers"":28,""points_in_paint"":40,""second_chance_points"":9,""fast_break_points"":10}"
2025-26,2,9,regular_season,1373,2025-10-18,4,3,福爾摩沙夢想家,2,高雄全家海神,home,https://api.tpbl.basketball/api/games/1373/stats,33,36,69,33/69,47.8,24,16,40,24/40,60.0,9,20,29,9/29,31.0,26,5,31,26/31,83.9,101,101,106,106,40,31,9,22,3,24,25,19,6,3,20,46,10,10,"{""field_goals_made"":33,""field_goals_missed"":36,""field_goals_attempted"":69,""field_goals"":""33/69"",""field_goals_percentage"":""47.8"",""two_pointers_made"":24,""two_pointers_missed"":16,""two_pointers_attempted"":40,""two_pointers"":""24/40"",""two_pointers_percentage"":""60.0"",""three_pointers_made"":9,""three_pointers_missed"":20,""three_pointers_attempted"":29,""three_pointers"":""9/29"",""three_pointers_percentage"":""31.0"",""free_throws_made"":26,""free_throws_missed"":5,""free_throws_attempted"":31,""free_throws"":""26/31"",""free_throws_percentage"":""83.9"",""won_score"":101,""total_won_score"":101,""lost_score"":106,""total_lost_score"":106,""rebounds"":40,""defensive_rebounds"":31,""offensive_rebounds"":9,""defensive_fouls"":22,""offensive_fouls"":3,""personal_fouls"":24,""fouls"":25,""assists"":19,""steals"":6,""blocks"":3,""turnovers"":20,""points_in_paint"":46,""second_chance_points"":10,""fast_break_points"":10}"
2025-26,2,9,regular_season,1373,2025-10-18,4,2,高雄全家海神,3,福爾摩沙夢想家,away,https://api.tpbl.basketball/api/games/1373/stats,35,40,75,35/75,46.7,21,14,35,21/35,60.0,14,26,40,14/40,35.0,22,4,26,22/26,84.6,106,106,101,101,37,27,10,21,5,24,26,21,11,4,17,32,5,9,"{""field_goals_made"":35,""field_goals_missed"":40,""field_goals_attempted"":75,""field_goals"":""35/75"",""field_goals_percentage"":""46.7"",""two_pointers_made"":21,""two_pointers_missed"":14,""two_pointers_attempted"":35,""two_pointers"":""21/35"",""two_pointers_percentage"":""60.0"",""three_pointers_made"":14,""three_pointers_missed"":26,""three_pointers_attempted"":40,""three_pointers"":""14/40"",""three_pointers_percentage"":""35.0"",""free_throws_made"":22,""free_throws_missed"":4,""free_throws_attempted"":26,""free_throws"":""22/26"",""free_throws_percentage"":""84.6"",""won_score"":106,""total_won_score"":106,""lost_score"":101,""total_lost_score"":101,""rebounds"":37,""defensive_rebounds"":27,""offensive_rebounds"":10,""defensive_fouls"":21,""offensive_fouls"":5,""personal_fouls"":24,""fouls"":26,""assists"":21,""steals"":11,""blocks"":4,""turnovers"":17,""points_in_paint"":32,""second_chance_points"":5,""fast_break_points"":9}"
2025-26,2,9,regular_season,1374,2025-10-18,4,7,新北國王,6,新北中信特攻,home,https://api.tpbl.basketball/api/games/1374/stats,33,45,78,33/78,42.3,26,17,43,26/43,60.5,7,28,35,7/35,20.0,16,8,24,16/24,66.7,89,89,105,105,47,31,16,19,0,19,19,14,5,3,17,34,18,4,"{""field_goals_made"":33,""field_goals_missed"":45,""field_goals_attempted"":78,""field_goals"":""33/78"",""field_goals_percentage"":""42.3"",""two_pointers_made"":26,""two_pointers_missed"":17,""two_pointers_attempted"":43,""two_pointers"":""26/43"",""two_pointers_percentage"":""60.5"",""three_pointers_made"":7,""three_pointers_missed"":28,""three_pointers_attempted"":35,""three_pointers"":""7/35"",""three_pointers_percentage"":""20.0"",""free_throws_made"":16,""free_throws_missed"":8,""free_throws_attempted"":24,""free_throws"":""16/24"",""free_throws_percentage"":""66.7"",""won_score"":89,""total_won_score"":89,""lost_score"":105,""total_lost_score"":105,""rebounds"":47,""defensive_rebounds"":31,""offensive_rebounds"":16,""defensive_fouls"":19,""offensive_fouls"":0,""personal_fouls"":19,""fouls"":19,""assists"":14,""steals"":5,""blocks"":3,""turnovers"":17,""points_in_paint"":34,""second_chance_points"":18,""fast_break_points"":4}"
2025-26,2,9,regular_season,1374,2025-10-18,4,6,新北中信特攻,7,新北國王,away,https://api.tpbl.basketball/api/games/1374/stats,40,50,90,40/90,44.4,29,26,55,29/55,52.7,11,24,35,11/35,31.4,14,3,17,14/17,82.4,105,105,89,89,52,34,18,25,2,27,27,26,10,2,10,50,18,23,"{""field_goals_made"":40,""field_goals_missed"":50,""field_goals_attempted"":90,""field_goals"":""40/90"",""field_goals_percentage"":""44.4"",""two_pointers_made"":29,""two_pointers_missed"":26,""two_pointers_attempted"":55,""two_pointers"":""29/55"",""two_pointers_percentage"":""52.7"",""three_pointers_made"":11,""three_pointers_missed"":24,""three_pointers_attempted"":35,""three_pointers"":""11/35"",""three_pointers_percentage"":""31.4"",""free_throws_made"":14,""free_throws_missed"":3,""free_throws_attempted"":17,""free_throws"":""14/17"",""free_throws_percentage"":""82.4"",""won_score"":105,""total_won_score"":105,""lost_score"":89,""total_lost_score"":89,""rebounds"":52,""defensive_rebounds"":34,""offensive_rebounds"":18,""defensive_fouls"":25,""offensive_fouls"":2,""personal_fouls"":27,""fouls"":27,""assists"":26,""steals"":10,""blocks"":2,""turnovers"":10,""points_in_paint"":50,""second_chance_points"":18,""fast_break_points"":23}"
2025-26,2,9,regular_season,1375,2025-10-19,4,3,福爾摩沙夢想家,5,桃園台啤永豐雲豹,home,https://api.tpbl.basketball/api/games/1375/stats,30,59,89,30/89,33.7,21,29,50,21/50,42.0,9,30,39,9/39,23.1,14,6,20,14/20,70.0,83,83,104,104,49,33,16,23,0,23,23,17,9,4,15,42,9,10,"{""field_goals_made"":30,""field_goals_missed"":59,""field_goals_attempted"":89,""field_goals"":""30/89"",""field_goals_percentage"":""33.7"",""two_pointers_made"":21,""two_pointers_missed"":29,""two_pointers_attempted"":50,""two_pointers"":""21/50"",""two_pointers_percentage"":""42.0"",""three_pointers_made"":9,""three_pointers_missed"":30,""three_pointers_attempted"":39,""three_pointers"":""9/39"",""three_pointers_percentage"":""23.1"",""free_throws_made"":14,""free_throws_missed"":6,""free_throws_attempted"":20,""free_throws"":""14/20"",""free_throws_percentage"":""70.0"",""won_score"":83,""total_won_score"":83,""lost_score"":104,""total_lost_score"":104,""rebounds"":49,""defensive_rebounds"":33,""offensive_rebounds"":16,""defensive_fouls"":23,""offensive_fouls"":0,""personal_fouls"":23,""fouls"":23,""assists"":17,""steals"":9,""blocks"":4,""turnovers"":15,""points_in_paint"":42,""second_chance_points"":9,""fast_break_points"":10}"
2025-26,2,9,regular_season,1375,2025-10-19,4,5,桃園台啤永豐雲豹,3,福爾摩沙夢想家,away,https://api.tpbl.basketball/api/games/1375/stats,38,38,76,38/76,50.0,29,21,50,29/50,58.0,9,17,26,9/26,34.6,19,4,23,19/23,82.6,104,104,83,83,50,44,6,17,0,17,17,27,9,7,17,56,2,25,"{""field_goals_made"":38,""field_goals_missed"":38,""field_goals_attempted"":76,""field_goals"":""38/76"",""field_goals_percentage"":""50.0"",""two_pointers_made"":29,""two_pointers_missed"":21,""two_pointers_attempted"":50,""two_pointers"":""29/50"",""two_pointers_percentage"":""58.0"",""three_pointers_made"":9,""three_pointers_missed"":17,""three_pointers_attempted"":26,""three_pointers"":""9/26"",""three_pointers_percentage"":""34.6"",""free_throws_made"":19,""free_throws_missed"":4,""free_throws_attempted"":23,""free_throws"":""19/23"",""free_throws_percentage"":""82.6"",""won_score"":104,""total_won_score"":104,""lost_score"":83,""total_lost_score"":83,""rebounds"":50,""defensive_rebounds"":44,""offensive_rebounds"":6,""defensive_fouls"":17,""offensive_fouls"":0,""personal_fouls"":17,""fouls"":17,""assists"":27,""steals"":9,""blocks"":7,""turnovers"":17,""points_in_paint"":56,""second_chance_points"":2,""fast_break_points"":25}"
2025-26,2,9,regular_season,1376,2025-10-19,5,7,新北國王,8,臺北台新戰神,home,https://api.tpbl.basketball/api/games/1376/stats,43,46,89,43/89,48.3,28,23,51,28/51,54.9,15,23,38,15/38,39.5,19,7,26,19/26,73.1,120,120,123,123,46,25,21,20,3,23,23,28,8,1,19,54,23,11,"{""field_goals_made"":43,""field_goals_missed"":46,""field_goals_attempted"":89,""field_goals"":""43/89"",""field_goals_percentage"":""48.3"",""two_pointers_made"":28,""two_pointers_missed"":23,""two_pointers_attempted"":51,""two_pointers"":""28/51"",""two_pointers_percentage"":""54.9"",""three_pointers_made"":15,""three_pointers_missed"":23,""three_pointers_attempted"":38,""three_pointers"":""15/38"",""three_pointers_percentage"":""39.5"",""free_throws_made"":19,""free_throws_missed"":7,""free_throws_attempted"":26,""free_throws"":""19/26"",""free_throws_percentage"":""73.1"",""won_score"":120,""total_won_score"":120,""lost_score"":123,""total_lost_score"":123,""rebounds"":46,""defensive_rebounds"":25,""offensive_rebounds"":21,""defensive_fouls"":20,""offensive_fouls"":3,""personal_fouls"":23,""fouls"":23,""assists"":28,""steals"":8,""blocks"":1,""turnovers"":19,""points_in_paint"":54,""second_chance_points"":23,""fast_break_points"":11}"
2025-26,2,9,regular_season,1376,2025-10-19,5,8,臺北台新戰神,7,新北國王,away,https://api.tpbl.basketball/api/games/1376/stats,46,43,89,46/89,51.7,31,25,56,31/56,55.4,15,18,33,15/33,45.5,16,4,20,16/20,80.0,123,123,120,120,44,26,18,24,4,28,28,25,10,5,19,50,23,4,"{""field_goals_made"":46,""field_goals_missed"":43,""field_goals_attempted"":89,""field_goals"":""46/89"",""field_goals_percentage"":""51.7"",""two_pointers_made"":31,""two_pointers_missed"":25,""two_pointers_attempted"":56,""two_pointers"":""31/56"",""two_pointers_percentage"":""55.4"",""three_pointers_made"":15,""three_pointers_missed"":18,""three_pointers_attempted"":33,""three_pointers"":""15/33"",""three_pointers_percentage"":""45.5"",""free_throws_made"":16,""free_throws_missed"":4,""free_throws_attempted"":20,""free_throws"":""16/20"",""free_throws_percentage"":""80.0"",""won_score"":123,""total_won_score"":123,""lost_score"":120,""total_lost_score"":120,""rebounds"":44,""defensive_rebounds"":26,""offensive_rebounds"":18,""defensive_fouls"":24,""offensive_fouls"":4,""personal_fouls"":28,""fouls"":28,""assists"":25,""steals"":10,""blocks"":5,""turnovers"":19,""points_in_paint"":50,""second_chance_points"":23,""fast_break_points"":4}"
2025-26,2,9,regular_season,1377,2025-10-25,4,2,高雄全家海神,7,新北國王,home,https://api.tpbl.basketball/api/games/1377/stats,30,40,70,30/70,42.9,20,20,40,20/40,50.0,10,20,30,10/30,33.3,21,9,30,21/30,70.0,91,91,79,79,53,38,15,20,4,23,24,7,11,4,22,38,14,17,"{""field_goals_made"":30,""field_goals_missed"":40,""field_goals_attempted"":70,""field_goals"":""30/70"",""field_goals_percentage"":""42.9"",""two_pointers_made"":20,""two_pointers_missed"":20,""two_pointers_attempted"":40,""two_pointers"":""20/40"",""two_pointers_percentage"":""50.0"",""three_pointers_made"":10,""three_pointers_missed"":20,""three_pointers_attempted"":30,""three_pointers"":""10/30"",""three_pointers_percentage"":""33.3"",""free_throws_made"":21,""free_throws_missed"":9,""free_throws_attempted"":30,""free_throws"":""21/30"",""free_throws_percentage"":""70.0"",""won_score"":91,""total_won_score"":91,""lost_score"":79,""total_lost_score"":79,""rebounds"":53,""defensive_rebounds"":38,""offensive_rebounds"":15,""defensive_fouls"":20,""offensive_fouls"":4,""personal_fouls"":23,""fouls"":24,""assists"":7,""steals"":11,""blocks"":4,""turnovers"":22,""points_in_paint"":38,""second_chance_points"":14,""fast_break_points"":17}"
2025-26,2,9,regular_season,1377,2025-10-25,4,7,新北國王,2,高雄全家海神,away,https://api.tpbl.basketball/api/games/1377/stats,27,53,80,27/80,33.8,23,31,54,23/54,42.6,4,22,26,4/26,15.4,21,8,29,21/29,72.4,79,79,91,91,47,30,17,24,0,23,24,10,12,0,17,44,17,4,"{""field_goals_made"":27,""field_goals_missed"":53,""field_goals_attempted"":80,""field_goals"":""27/80"",""field_goals_percentage"":""33.8"",""two_pointers_made"":23,""two_pointers_missed"":31,""two_pointers_attempted"":54,""two_pointers"":""23/54"",""two_pointers_percentage"":""42.6"",""three_pointers_made"":4,""three_pointers_missed"":22,""three_pointers_attempted"":26,""three_pointers"":""4/26"",""three_pointers_percentage"":""15.4"",""free_throws_made"":21,""free_throws_missed"":8,""free_throws_attempted"":29,""free_throws"":""21/29"",""free_throws_percentage"":""72.4"",""won_score"":79,""total_won_score"":79,""lost_score"":91,""total_lost_score"":91,""rebounds"":47,""defensive_rebounds"":30,""offensive_rebounds"":17,""defensive_fouls"":24,""offensive_fouls"":0,""personal_fouls"":23,""fouls"":24,""assists"":10,""steals"":12,""blocks"":0,""turnovers"":17,""points_in_paint"":44,""second_chance_points"":17,""fast_break_points"":4}"
2025-26,2,9,regular_season,1378,2025-10-25,4,6,新北中信特攻,8,臺北台新戰神,home,https://api.tpbl.basketball/api/games/1378/stats,33,42,75,33/75,44.0,23,18,41,23/41,56.1,10,24,34,10/34,29.4,15,14,29,15/29,51.7,91,91,78,78,49,39,10,23,1,23,24,22,14,5,18,44,7,24,"{""field_goals_made"":33,""field_goals_missed"":42,""field_goals_attempted"":75,""field_goals"":""33/75"",""field_goals_percentage"":""44.0"",""two_pointers_made"":23,""two_pointers_missed"":18,""two_pointers_attempted"":41,""two_pointers"":""23/41"",""two_pointers_percentage"":""56.1"",""three_pointers_made"":10,""three_pointers_missed"":24,""three_pointers_attempted"":34,""three_pointers"":""10/34"",""three_pointers_percentage"":""29.4"",""free_throws_made"":15,""free_throws_missed"":14,""free_throws_attempted"":29,""free_throws"":""15/29"",""free_throws_percentage"":""51.7"",""won_score"":91,""total_won_score"":91,""lost_score"":78,""total_lost_score"":78,""rebounds"":49,""defensive_rebounds"":39,""offensive_rebounds"":10,""defensive_fouls"":23,""offensive_fouls"":1,""personal_fouls"":23,""fouls"":24,""assists"":22,""steals"":14,""blocks"":5,""turnovers"":18,""points_in_paint"":44,""second_chance_points"":7,""fast_break_points"":24}"
2025-26,2,9,regular_season,1378,2025-10-25,4,8,臺北台新戰神,6,新北中信特攻,away,https://api.tpbl.basketball/api/games/1378/stats,23,55,78,23/78,29.5,12,26,38,12/38,31.6,11,29,40,11/40,27.5,21,8,29,21/29,72.4,78,78,91,91,57,38,19,22,3,25,25,9,12,1,27,18,5,3,"{""field_goals_made"":23,""field_goals_missed"":55,""field_goals_attempted"":78,""field_goals"":""23/78"",""field_goals_percentage"":""29.5"",""two_pointers_made"":12,""two_pointers_missed"":26,""two_pointers_attempted"":38,""two_pointers"":""12/38"",""two_pointers_percentage"":""31.6"",""three_pointers_made"":11,""three_pointers_missed"":29,""three_pointers_attempted"":40,""three_pointers"":""11/40"",""three_pointers_percentage"":""27.5"",""free_throws_made"":21,""free_throws_missed"":8,""free_throws_attempted"":29,""free_throws"":""21/29"",""free_throws_percentage"":""72.4"",""won_score"":78,""total_won_score"":78,""lost_score"":91,""total_lost_score"":91,""rebounds"":57,""defensive_rebounds"":38,""offensive_rebounds"":19,""defensive_fouls"":22,""offensive_fouls"":3,""personal_fouls"":25,""fouls"":25,""assists"":9,""steals"":12,""blocks"":1,""turnovers"":27,""points_in_paint"":18,""second_chance_points"":5,""fast_break_points"":3}"
2025-26,2,9,regular_season,1379,2025-10-26,4,2,高雄全家海神,4,新竹御嵿攻城獅,home,https://api.tpbl.basketball/api/games/1379/stats,30,51,81,30/81,37.0,20,26,46,20/46,43.5,10,25,35,10/35,28.6,12,7,19,12/19,63.2,82,82,101,101,43,28,15,21,0,20,21,15,9,2,12,36,5,6,"{""field_goals_made"":30,""field_goals_missed"":51,""field_goals_attempted"":81,""field_goals"":""30/81"",""field_goals_percentage"":""37.0"",""two_pointers_made"":20,""two_pointers_missed"":26,""two_pointers_attempted"":46,""two_pointers"":""20/46"",""two_pointers_percentage"":""43.5"",""three_pointers_made"":10,""three_pointers_missed"":25,""three_pointers_attempted"":35,""three_pointers"":""10/35"",""three_pointers_percentage"":""28.6"",""free_throws_made"":12,""free_throws_missed"":7,""free_throws_attempted"":19,""free_throws"":""12/19"",""free_throws_percentage"":""63.2"",""won_score"":82,""total_won_score"":82,""lost_score"":101,""total_lost_score"":101,""rebounds"":43,""defensive_rebounds"":28,""offensive_rebounds"":15,""defensive_fouls"":21,""offensive_fouls"":0,""personal_fouls"":20,""fouls"":21,""assists"":15,""steals"":9,""blocks"":2,""turnovers"":12,""points_in_paint"":36,""second_chance_points"":5,""fast_break_points"":6}"
2025-26,2,9,regular_season,1379,2025-10-26,4,4,新竹御嵿攻城獅,2,高雄全家海神,away,https://api.tpbl.basketball/api/games/1379/stats,37,39,76,37/76,48.7,26,23,49,26/49,53.1,11,16,27,11/27,40.7,16,12,28,16/28,57.1,101,101,82,82,56,42,14,17,4,20,21,24,7,5,14,48,13,6,"{""field_goals_made"":37,""field_goals_missed"":39,""field_goals_attempted"":76,""field_goals"":""37/76"",""field_goals_percentage"":""48.7"",""two_pointers_made"":26,""two_pointers_missed"":23,""two_pointers_attempted"":49,""two_pointers"":""26/49"",""two_pointers_percentage"":""53.1"",""three_pointers_made"":11,""three_pointers_missed"":16,""three_pointers_attempted"":27,""three_pointers"":""11/27"",""three_pointers_percentage"":""40.7"",""free_throws_made"":16,""free_throws_missed"":12,""free_throws_attempted"":28,""free_throws"":""16/28"",""free_throws_percentage"":""57.1"",""won_score"":101,""total_won_score"":101,""lost_score"":82,""total_lost_score"":82,""rebounds"":56,""defensive_rebounds"":42,""offensive_rebounds"":14,""defensive_fouls"":17,""offensive_fouls"":4,""personal_fouls"":20,""fouls"":21,""assists"":24,""steals"":7,""blocks"":5,""turnovers"":14,""points_in_paint"":48,""second_chance_points"":13,""fast_break_points"":6}"
2025-26,2,9,regular_season,1380,2025-10-26,4,6,新北中信特攻,5,桃園台啤永豐雲豹,home,https://api.tpbl.basketball/api/games/1380/stats,27,43,70,27/70,38.6,20,11,31,20/31,64.5,7,32,39,7/39,17.9,19,9,28,19/28,67.9,80,80,104,104,44,28,16,17,2,19,19,21,14,1,25,38,11,13,"{""field_goals_made"":27,""field_goals_missed"":43,""field_goals_attempted"":70,""field_goals"":""27/70"",""field_goals_percentage"":""38.6"",""two_pointers_made"":20,""two_pointers_missed"":11,""two_pointers_attempted"":31,""two_pointers"":""20/31"",""two_pointers_percentage"":""64.5"",""three_pointers_made"":7,""three_pointers_missed"":32,""three_pointers_attempted"":39,""three_pointers"":""7/39"",""three_pointers_percentage"":""17.9"",""free_throws_made"":19,""free_throws_missed"":9,""free_throws_attempted"":28,""free_throws"":""19/28"",""free_throws_percentage"":""67.9"",""won_score"":80,""total_won_score"":80,""lost_score"":104,""total_lost_score"":104,""rebounds"":44,""defensive_rebounds"":28,""offensive_rebounds"":16,""defensive_fouls"":17,""offensive_fouls"":2,""personal_fouls"":19,""fouls"":19,""assists"":21,""steals"":14,""blocks"":1,""turnovers"":25,""points_in_paint"":38,""second_chance_points"":11,""fast_break_points"":13}"
2025-26,2,9,regular_season,1380,2025-10-26,4,5,桃園台啤永豐雲豹,6,新北中信特攻,away,https://api.tpbl.basketball/api/games/1380/stats,40,34,74,40/74,54.1,31,14,45,31/45,68.9,9,20,29,9/29,31.0,15,5,20,15/20,75.0,104,104,80,80,39,31,8,21,0,21,21,21,16,4,17,54,10,10,"{""field_goals_made"":40,""field_goals_missed"":34,""field_goals_attempted"":74,""field_goals"":""40/74"",""field_goals_percentage"":""54.1"",""two_pointers_made"":31,""two_pointers_missed"":14,""two_pointers_attempted"":45,""two_pointers"":""31/45"",""two_pointers_percentage"":""68.9"",""three_pointers_made"":9,""three_pointers_missed"":20,""three_pointers_attempted"":29,""three_pointers"":""9/29"",""three_pointers_percentage"":""31.0"",""free_throws_made"":15,""free_throws_missed"":5,""free_throws_attempted"":20,""free_throws"":""15/20"",""free_throws_percentage"":""75.0"",""won_score"":104,""total_won_score"":104,""lost_score"":80,""total_lost_score"":80,""rebounds"":39,""defensive_rebounds"":31,""offensive_rebounds"":8,""defensive_fouls"":21,""offensive_fouls"":0,""personal_fouls"":21,""fouls"":21,""assists"":21,""steals"":16,""blocks"":4,""turnovers"":17,""points_in_paint"":54,""second_chance_points"":10,""fast_break_points"":10}"
2025-26,2,9,regular_season,1381,2025-10-29,4,2,高雄全家海神,3,福爾摩沙夢想家,home,https://api.tpbl.basketball/api/games/1381/stats,27,44,71,27/71,38.0,15,21,36,15/36,41.7,12,23,35,12/35,34.3,20,10,30,20/30,66.7,86,86,99,99,36,27,9,29,1,28,30,18,9,1,19,26,6,8,"{""field_goals_made"":27,""field_goals_missed"":44,""field_goals_attempted"":71,""field_goals"":""27/71"",""field_goals_percentage"":""38.0"",""two_pointers_made"":15,""two_pointers_missed"":21,""two_pointers_attempted"":36,""two_pointers"":""15/36"",""two_pointers_percentage"":""41.7"",""three_pointers_made"":12,""three_pointers_missed"":23,""three_pointers_attempted"":35,""three_pointers"":""12/35"",""three_pointers_percentage"":""34.3"",""free_throws_made"":20,""free_throws_missed"":10,""free_throws_attempted"":30,""free_throws"":""20/30"",""free_throws_percentage"":""66.7"",""won_score"":86,""total_won_score"":86,""lost_score"":99,""total_lost_score"":99,""rebounds"":36,""defensive_rebounds"":27,""offensive_rebounds"":9,""defensive_fouls"":29,""offensive_fouls"":1,""personal_fouls"":28,""fouls"":30,""assists"":18,""steals"":9,""blocks"":1,""turnovers"":19,""points_in_paint"":26,""second_chance_points"":6,""fast_break_points"":8}"
2025-26,2,9,regular_season,1381,2025-10-29,4,3,福爾摩沙夢想家,2,高雄全家海神,away,https://api.tpbl.basketball/api/games/1381/stats,31,34,65,31/65,47.7,21,18,39,21/39,53.8,10,16,26,10/26,38.5,27,10,37,27/37,73.0,99,99,86,86,47,38,9,22,3,22,25,19,12,2,20,34,10,22,"{""field_goals_made"":31,""field_goals_missed"":34,""field_goals_attempted"":65,""field_goals"":""31/65"",""field_goals_percentage"":""47.7"",""two_pointers_made"":21,""two_pointers_missed"":18,""two_pointers_attempted"":39,""two_pointers"":""21/39"",""two_pointers_percentage"":""53.8"",""three_pointers_made"":10,""three_pointers_missed"":16,""three_pointers_attempted"":26,""three_pointers"":""10/26"",""three_pointers_percentage"":""38.5"",""free_throws_made"":27,""free_throws_missed"":10,""free_throws_attempted"":37,""free_throws"":""27/37"",""free_throws_percentage"":""73.0"",""won_score"":99,""total_won_score"":99,""lost_score"":86,""total_lost_score"":86,""rebounds"":47,""defensive_rebounds"":38,""offensive_rebounds"":9,""defensive_fouls"":22,""offensive_fouls"":3,""personal_fouls"":22,""fouls"":25,""assists"":19,""steals"":12,""blocks"":2,""turnovers"":20,""points_in_paint"":34,""second_chance_points"":10,""fast_break_points"":22}"
2025-26,2,9,regular_season,1382,2025-11-01,4,2,高雄全家海神,8,臺北台新戰神,home,https://api.tpbl.basketball/api/games/1382/stats,34,38,72,34/72,47.2,19,14,33,19/33,57.6,15,24,39,15/39,38.5,22,7,29,22/29,75.9,105,105,110,110,42,30,12,21,0,21,21,18,4,3,19,32,17,6,"{""field_goals_made"":34,""field_goals_missed"":38,""field_goals_attempted"":72,""field_goals"":""34/72"",""field_goals_percentage"":""47.2"",""two_pointers_made"":19,""two_pointers_missed"":14,""two_pointers_attempted"":33,""two_pointers"":""19/33"",""two_pointers_percentage"":""57.6"",""three_pointers_made"":15,""three_pointers_missed"":24,""three_pointers_attempted"":39,""three_pointers"":""15/39"",""three_pointers_percentage"":""38.5"",""free_throws_made"":22,""free_throws_missed"":7,""free_throws_attempted"":29,""free_throws"":""22/29"",""free_throws_percentage"":""75.9"",""won_score"":105,""total_won_score"":105,""lost_score"":110,""total_lost_score"":110,""rebounds"":42,""defensive_rebounds"":30,""offensive_rebounds"":12,""defensive_fouls"":21,""offensive_fouls"":0,""personal_fouls"":21,""fouls"":21,""assists"":18,""steals"":4,""blocks"":3,""turnovers"":19,""points_in_paint"":32,""second_chance_points"":17,""fast_break_points"":6}"
2025-26,2,9,regular_season,1382,2025-11-01,4,8,臺北台新戰神,2,高雄全家海神,away,https://api.tpbl.basketball/api/games/1382/stats,39,49,88,39/88,44.3,26,23,49,26/49,53.1,13,26,39,13/39,33.3,19,7,26,19/26,73.1,110,110,105,105,50,30,20,21,2,22,23,20,15,1,13,40,21,18,"{""field_goals_made"":39,""field_goals_missed"":49,""field_goals_attempted"":88,""field_goals"":""39/88"",""field_goals_percentage"":""44.3"",""two_pointers_made"":26,""two_pointers_missed"":23,""two_pointers_attempted"":49,""two_pointers"":""26/49"",""two_pointers_percentage"":""53.1"",""three_pointers_made"":13,""three_pointers_missed"":26,""three_pointers_attempted"":39,""three_pointers"":""13/39"",""three_pointers_percentage"":""33.3"",""free_throws_made"":19,""free_throws_missed"":7,""free_throws_attempted"":26,""free_throws"":""19/26"",""free_throws_percentage"":""73.1"",""won_score"":110,""total_won_score"":110,""lost_score"":105,""total_lost_score"":105,""rebounds"":50,""defensive_rebounds"":30,""offensive_rebounds"":20,""defensive_fouls"":21,""offensive_fouls"":2,""personal_fouls"":22,""fouls"":23,""assists"":20,""steals"":15,""blocks"":1,""turnovers"":13,""points_in_paint"":40,""second_chance_points"":21,""fast_break_points"":18}"
2025-26,2,9,regular_season,1383,2025-11-01,4,6,新北中信特攻,3,福爾摩沙夢想家,home,https://api.tpbl.basketball/api/games/1383/stats,34,48,82,34/82,41.5,25,23,48,25/48,52.1,9,25,34,9/34,26.5,22,8,30,22/30,73.3,99,99,91,91,47,34,13,22,2,24,24,20,10,0,11,44,19,13,"{""field_goals_made"":34,""field_goals_missed"":48,""field_goals_attempted"":82,""field_goals"":""34/82"",""field_goals_percentage"":""41.5"",""two_pointers_made"":25,""two_pointers_missed"":23,""two_pointers_attempted"":48,""two_pointers"":""25/48"",""two_pointers_percentage"":""52.1"",""three_pointers_made"":9,""three_pointers_missed"":25,""three_pointers_attempted"":34,""three_pointers"":""9/34"",""three_pointers_percentage"":""26.5"",""free_throws_made"":22,""free_throws_missed"":8,""free_throws_attempted"":30,""free_throws"":""22/30"",""free_throws_percentage"":""73.3"",""won_score"":99,""total_won_score"":99,""lost_score"":91,""total_lost_score"":91,""rebounds"":47,""defensive_rebounds"":34,""offensive_rebounds"":13,""defensive_fouls"":22,""offensive_fouls"":2,""personal_fouls"":24,""fouls"":24,""assists"":20,""steals"":10,""blocks"":0,""turnovers"":11,""points_in_paint"":44,""second_chance_points"":19,""fast_break_points"":13}"
2025-26,2,9,regular_season,1383,2025-11-01,4,3,福爾摩沙夢想家,6,新北中信特攻,away,https://api.tpbl.basketball/api/games/1383/stats,31,46,77,31/77,40.3,19,19,38,19/38,50.0,12,27,39,12/39,30.8,17,5,22,17/22,77.3,91,91,99,99,52,38,14,25,2,27,27,18,7,3,21,32,11,8,"{""field_goals_made"":31,""field_goals_missed"":46,""field_goals_attempted"":77,""field_goals"":""31/77"",""field_goals_percentage"":""40.3"",""two_pointers_made"":19,""two_pointers_missed"":19,""two_pointers_attempted"":38,""two_pointers"":""19/38"",""two_pointers_percentage"":""50.0"",""three_pointers_made"":12,""three_pointers_missed"":27,""three_pointers_attempted"":39,""three_pointers"":""12/39"",""three_pointers_percentage"":""30.8"",""free_throws_made"":17,""free_throws_missed"":5,""free_throws_attempted"":22,""free_throws"":""17/22"",""free_throws_percentage"":""77.3"",""won_score"":91,""total_won_score"":91,""lost_score"":99,""total_lost_score"":99,""rebounds"":52,""defensive_rebounds"":38,""offensive_rebounds"":14,""defensive_fouls"":25,""offensive_fouls"":2,""personal_fouls"":27,""fouls"":27,""assists"":18,""steals"":7,""blocks"":3,""turnovers"":21,""points_in_paint"":32,""second_chance_points"":11,""fast_break_points"":8}"
2025-26,2,9,regular_season,1384,2025-11-02,4,2,高雄全家海神,5,桃園台啤永豐雲豹,home,https://api.tpbl.basketball/api/games/1384/stats,22,53,75,22/75,29.3,12,30,42,12/42,28.6,10,23,33,10/33,30.3,24,5,29,24/29,82.8,78,78,100,100,39,25,14,19,5,23,24,16,8,2,18,22,19,7,"{""field_goals_made"":22,""field_goals_missed"":53,""field_goals_attempted"":75,""field_goals"":""22/75"",""field_goals_percentage"":""29.3"",""two_pointers_made"":12,""two_pointers_missed"":30,""two_pointers_attempted"":42,""two_pointers"":""12/42"",""two_pointers_percentage"":""28.6"",""three_pointers_made"":10,""three_pointers_missed"":23,""three_pointers_attempted"":33,""three_pointers"":""10/33"",""three_pointers_percentage"":""30.3"",""free_throws_made"":24,""free_throws_missed"":5,""free_throws_attempted"":29,""free_throws"":""24/29"",""free_throws_percentage"":""82.8"",""won_score"":78,""total_won_score"":78,""lost_score"":100,""total_lost_score"":100,""rebounds"":39,""defensive_rebounds"":25,""offensive_rebounds"":14,""defensive_fouls"":19,""offensive_fouls"":5,""personal_fouls"":23,""fouls"":24,""assists"":16,""steals"":8,""blocks"":2,""turnovers"":18,""points_in_paint"":22,""second_chance_points"":19,""fast_break_points"":7}"
2025-26,2,9,regular_season,1384,2025-11-02,4,5,桃園台啤永豐雲豹,2,高雄全家海神,away,https://api.tpbl.basketball/api/games/1384/stats,40,31,71,40/71,56.3,33,16,49,33/49,67.3,7,15,22,7/22,31.8,13,8,21,13/21,61.9,100,100,78,78,49,40,9,20,1,20,21,24,9,3,17,60,13,15,"{""field_goals_made"":40,""field_goals_missed"":31,""field_goals_attempted"":71,""field_goals"":""40/71"",""field_goals_percentage"":""56.3"",""two_pointers_made"":33,""two_pointers_missed"":16,""two_pointers_attempted"":49,""two_pointers"":""33/49"",""two_pointers_percentage"":""67.3"",""three_pointers_made"":7,""three_pointers_missed"":15,""three_pointers_attempted"":22,""three_pointers"":""7/22"",""three_pointers_percentage"":""31.8"",""free_throws_made"":13,""free_throws_missed"":8,""free_throws_attempted"":21,""free_throws"":""13/21"",""free_throws_percentage"":""61.9"",""won_score"":100,""total_won_score"":100,""lost_score"":78,""total_lost_score"":78,""rebounds"":49,""defensive_rebounds"":40,""offensive_rebounds"":9,""defensive_fouls"":20,""offensive_fouls"":1,""personal_fouls"":20,""fouls"":21,""assists"":24,""steals"":9,""blocks"":3,""turnovers"":17,""points_in_paint"":60,""second_chance_points"":13,""fast_break_points"":15}"
2025-26,2,9,regular_season,1385,2025-11-02,4,6,新北中信特攻,4,新竹御嵿攻城獅,home,https://api.tpbl.basketball/api/games/1385/stats,40,45,85,40/85,47.1,31,24,55,31/55,56.4,9,21,30,9/30,30.0,5,5,10,5/10,50.0,94,94,91,91,43,23,20,18,0,18,18,23,12,3,17,58,15,11,"{""field_goals_made"":40,""field_goals_missed"":45,""field_goals_attempted"":85,""field_goals"":""40/85"",""field_goals_percentage"":""47.1"",""two_pointers_made"":31,""two_pointers_missed"":24,""two_pointers_attempted"":55,""two_pointers"":""31/55"",""two_pointers_percentage"":""56.4"",""three_pointers_made"":9,""three_pointers_missed"":21,""three_pointers_attempted"":30,""three_pointers"":""9/30"",""three_pointers_percentage"":""30.0"",""free_throws_made"":5,""free_throws_missed"":5,""free_throws_attempted"":10,""free_throws"":""5/10"",""free_throws_percentage"":""50.0"",""won_score"":94,""total_won_score"":94,""lost_score"":91,""total_lost_score"":91,""rebounds"":43,""defensive_rebounds"":23,""offensive_rebounds"":20,""defensive_fouls"":18,""offensive_fouls"":0,""personal_fouls"":18,""fouls"":18,""assists"":23,""steals"":12,""blocks"":3,""turnovers"":17,""points_in_paint"":58,""second_chance_points"":15,""fast_break_points"":11}"
2025-26,2,9,regular_season,1385,2025-11-02,4,4,新竹御嵿攻城獅,6,新北中信特攻,away,https://api.tpbl.basketball/api/games/1385/stats,34,35,69,34/69,49.3,29,17,46,29/46,63.0,5,18,23,5/23,21.7,18,6,24,18/24,75.0,91,91,94,94,42,27,15,12,4,15,16,18,9,2,21,58,17,9,"{""field_goals_made"":34,""field_goals_missed"":35,""field_goals_attempted"":69,""field_goals"":""34/69"",""field_goals_percentage"":""49.3"",""two_pointers_made"":29,""two_pointers_missed"":17,""two_pointers_attempted"":46,""two_pointers"":""29/46"",""two_pointers_percentage"":""63.0"",""three_pointers_made"":5,""three_pointers_missed"":18,""three_pointers_attempted"":23,""three_pointers"":""5/23"",""three_pointers_percentage"":""21.7"",""free_throws_made"":18,""free_throws_missed"":6,""free_throws_attempted"":24,""free_throws"":""18/24"",""free_throws_percentage"":""75.0"",""won_score"":91,""total_won_score"":91,""lost_score"":94,""total_lost_score"":94,""rebounds"":42,""defensive_rebounds"":27,""offensive_rebounds"":15,""defensive_fouls"":12,""offensive_fouls"":4,""personal_fouls"":15,""fouls"":16,""assists"":18,""steals"":9,""blocks"":2,""turnovers"":21,""points_in_paint"":58,""second_chance_points"":17,""fast_break_points"":9}"
2025-26,2,9,regular_season,1386,2025-11-05,4,3,福爾摩沙夢想家,4,新竹御嵿攻城獅,home,https://api.tpbl.basketball/api/games/1386/stats,29,51,80,29/80,36.3,17,32,49,17/49,34.7,12,19,31,12/31,38.7,12,5,17,12/17,70.6,82,82,81,81,47,36,11,16,1,16,17,16,8,3,12,34,12,11,"{""field_goals_made"":29,""field_goals_missed"":51,""field_goals_attempted"":80,""field_goals"":""29/80"",""field_goals_percentage"":""36.3"",""two_pointers_made"":17,""two_pointers_missed"":32,""two_pointers_attempted"":49,""two_pointers"":""17/49"",""two_pointers_percentage"":""34.7"",""three_pointers_made"":12,""three_pointers_missed"":19,""three_pointers_attempted"":31,""three_pointers"":""12/31"",""three_pointers_percentage"":""38.7"",""free_throws_made"":12,""free_throws_missed"":5,""free_throws_attempted"":17,""free_throws"":""12/17"",""free_throws_percentage"":""70.6"",""won_score"":82,""total_won_score"":82,""lost_score"":81,""total_lost_score"":81,""rebounds"":47,""defensive_rebounds"":36,""offensive_rebounds"":11,""defensive_fouls"":16,""offensive_fouls"":1,""personal_fouls"":16,""fouls"":17,""assists"":16,""steals"":8,""blocks"":3,""turnovers"":12,""points_in_paint"":34,""second_chance_points"":12,""fast_break_points"":11}"
2025-26,2,9,regular_season,1386,2025-11-05,4,4,新竹御嵿攻城獅,3,福爾摩沙夢想家,away,https://api.tpbl.basketball/api/games/1386/stats,31,49,80,31/80,38.8,21,22,43,21/43,48.8,10,27,37,10/37,27.0,9,8,17,9/17,52.9,81,81,82,82,59,43,16,21,0,21,21,19,8,4,16,38,8,12,"{""field_goals_made"":31,""field_goals_missed"":49,""field_goals_attempted"":80,""field_goals"":""31/80"",""field_goals_percentage"":""38.8"",""two_pointers_made"":21,""two_pointers_missed"":22,""two_pointers_attempted"":43,""two_pointers"":""21/43"",""two_pointers_percentage"":""48.8"",""three_pointers_made"":10,""three_pointers_missed"":27,""three_pointers_attempted"":37,""three_pointers"":""10/37"",""three_pointers_percentage"":""27.0"",""free_throws_made"":9,""free_throws_missed"":8,""free_throws_attempted"":17,""free_throws"":""9/17"",""free_throws_percentage"":""52.9"",""won_score"":81,""total_won_score"":81,""lost_score"":82,""total_lost_score"":82,""rebounds"":59,""defensive_rebounds"":43,""offensive_rebounds"":16,""defensive_fouls"":21,""offensive_fouls"":0,""personal_fouls"":21,""fouls"":21,""assists"":19,""steals"":8,""blocks"":4,""turnovers"":16,""points_in_paint"":38,""second_chance_points"":8,""fast_break_points"":12}"
2025-26,2,9,regular_season,1387,2025-11-07,4,3,福爾摩沙夢想家,6,新北中信特攻,home,https://api.tpbl.basketball/api/games/1387/stats,33,40,73,33/73,45.2,21,16,37,21/37,56.8,12,24,36,12/36,33.3,14,7,21,14/21,66.7,92,92,87,87,55,42,13,18,0,18,18,15,6,6,20,32,8,6,"{""field_goals_made"":33,""field_goals_missed"":40,""field_goals_attempted"":73,""field_goals"":""33/73"",""field_goals_percentage"":""45.2"",""two_pointers_made"":21,""two_pointers_missed"":16,""two_pointers_attempted"":37,""two_pointers"":""21/37"",""two_pointers_percentage"":""56.8"",""three_pointers_made"":12,""three_pointers_missed"":24,""three_pointers_attempted"":36,""three_pointers"":""12/36"",""three_pointers_percentage"":""33.3"",""free_throws_made"":14,""free_throws_missed"":7,""free_throws_attempted"":21,""free_throws"":""14/21"",""free_throws_percentage"":""66.7"",""won_score"":92,""total_won_score"":92,""lost_score"":87,""total_lost_score"":87,""rebounds"":55,""defensive_rebounds"":42,""offensive_rebounds"":13,""defensive_fouls"":18,""offensive_fouls"":0,""personal_fouls"":18,""fouls"":18,""assists"":15,""steals"":6,""blocks"":6,""turnovers"":20,""points_in_paint"":32,""second_chance_points"":8,""fast_break_points"":6}"
2025-26,2,9,regular_season,1387,2025-11-07,4,6,新北中信特攻,3,福爾摩沙夢想家,away,https://api.tpbl.basketball/api/games/1387/stats,29,53,82,29/82,35.4,18,22,40,18/40,45.0,11,31,42,11/42,26.2,18,8,26,18/26,69.2,87,87,92,92,48,31,17,19,1,20,20,20,14,1,13,32,14,12,"{""field_goals_made"":29,""field_goals_missed"":53,""field_goals_attempted"":82,""field_goals"":""29/82"",""field_goals_percentage"":""35.4"",""two_pointers_made"":18,""two_pointers_missed"":22,""two_pointers_attempted"":40,""two_pointers"":""18/40"",""two_pointers_percentage"":""45.0"",""three_pointers_made"":11,""three_pointers_missed"":31,""three_pointers_attempted"":42,""three_pointers"":""11/42"",""three_pointers_percentage"":""26.2"",""free_throws_made"":18,""free_throws_missed"":8,""free_throws_attempted"":26,""free_throws"":""18/26"",""free_throws_percentage"":""69.2"",""won_score"":87,""total_won_score"":87,""lost_score"":92,""total_lost_score"":92,""rebounds"":48,""defensive_rebounds"":31,""offensive_rebounds"":17,""defensive_fouls"":19,""offensive_fouls"":1,""personal_fouls"":20,""fouls"":20,""assists"":20,""steals"":14,""blocks"":1,""turnovers"":13,""points_in_paint"":32,""second_chance_points"":14,""fast_break_points"":12}"
2025-26,2,9,regular_season,1388,2025-11-08,4,7,新北國王,4,新竹御嵿攻城獅,home,https://api.tpbl.basketball/api/games/1388/stats,34,46,80,34/80,42.5,27,25,52,27/52,51.9,7,21,28,7/28,25.0,14,14,28,14/28,50.0,89,89,108,108,48,29,19,20,1,20,21,17,7,1,23,38,18,6,"{""field_goals_made"":34,""field_goals_missed"":46,""field_goals_attempted"":80,""field_goals"":""34/80"",""field_goals_percentage"":""42.5"",""two_pointers_made"":27,""two_pointers_missed"":25,""two_pointers_attempted"":52,""two_pointers"":""27/52"",""two_pointers_percentage"":""51.9"",""three_pointers_made"":7,""three_pointers_missed"":21,""three_pointers_attempted"":28,""three_pointers"":""7/28"",""three_pointers_percentage"":""25.0"",""free_throws_made"":14,""free_throws_missed"":14,""free_throws_attempted"":28,""free_throws"":""14/28"",""free_throws_percentage"":""50.0"",""won_score"":89,""total_won_score"":89,""lost_score"":108,""total_lost_score"":108,""rebounds"":48,""defensive_rebounds"":29,""offensive_rebounds"":19,""defensive_fouls"":20,""offensive_fouls"":1,""personal_fouls"":20,""fouls"":21,""assists"":17,""steals"":7,""blocks"":1,""turnovers"":23,""points_in_paint"":38,""second_chance_points"":18,""fast_break_points"":6}"
2025-26,2,9,regular_season,1388,2025-11-08,4,4,新竹御嵿攻城獅,7,新北國王,away,https://api.tpbl.basketball/api/games/1388/stats,40,48,88,40/88,45.5,31,22,53,31/53,58.5,9,26,35,9/35,25.7,19,1,20,19/20,95.0,108,108,89,89,48,33,15,24,1,25,25,24,16,4,16,58,12,27,"{""field_goals_made"":40,""field_goals_missed"":48,""field_goals_attempted"":88,""field_goals"":""40/88"",""field_goals_percentage"":""45.5"",""two_pointers_made"":31,""two_pointers_missed"":22,""two_pointers_attempted"":53,""two_pointers"":""31/53"",""two_pointers_percentage"":""58.5"",""three_pointers_made"":9,""three_pointers_missed"":26,""three_pointers_attempted"":35,""three_pointers"":""9/35"",""three_pointers_percentage"":""25.7"",""free_throws_made"":19,""free_throws_missed"":1,""free_throws_attempted"":20,""free_throws"":""19/20"",""free_throws_percentage"":""95.0"",""won_score"":108,""total_won_score"":108,""lost_score"":89,""total_lost_score"":89,""rebounds"":48,""defensive_rebounds"":33,""offensive_rebounds"":15,""defensive_fouls"":24,""offensive_fouls"":1,""personal_fouls"":25,""fouls"":25,""assists"":24,""steals"":16,""blocks"":4,""turnovers"":16,""points_in_paint"":58,""second_chance_points"":12,""fast_break_points"":27}"
2025-26,2,9,regular_season,1389,2025-11-08,4,5,桃園台啤永豐雲豹,8,臺北台新戰神,home,https://api.tpbl.basketball/api/games/1389/stats,43,43,86,43/86,50.0,30,24,54,30/54,55.6,13,19,32,13/32,40.6,23,7,30,23/30,76.7,122,122,102,102,53,36,17,17,3,20,20,20,12,4,15,52,18,14,"{""field_goals_made"":43,""field_goals_missed"":43,""field_goals_attempted"":86,""field_goals"":""43/86"",""field_goals_percentage"":""50.0"",""two_pointers_made"":30,""two_pointers_missed"":24,""two_pointers_attempted"":54,""two_pointers"":""30/54"",""two_pointers_percentage"":""55.6"",""three_pointers_made"":13,""three_pointers_missed"":19,""three_pointers_attempted"":32,""three_pointers"":""13/32"",""three_pointers_percentage"":""40.6"",""free_throws_made"":23,""free_throws_missed"":7,""free_throws_attempted"":30,""free_throws"":""23/30"",""free_throws_percentage"":""76.7"",""won_score"":122,""total_won_score"":122,""lost_score"":102,""total_lost_score"":102,""rebounds"":53,""defensive_rebounds"":36,""offensive_rebounds"":17,""defensive_fouls"":17,""offensive_fouls"":3,""personal_fouls"":20,""fouls"":20,""assists"":20,""steals"":12,""blocks"":4,""turnovers"":15,""points_in_paint"":52,""second_chance_points"":18,""fast_break_points"":14}"
2025-26,2,9,regular_season,1389,2025-11-08,4,8,臺北台新戰神,5,桃園台啤永豐雲豹,away,https://api.tpbl.basketball/api/games/1389/stats,39,52,91,39/91,42.9,28,29,57,28/57,49.1,11,23,34,11/34,32.4,13,5,18,13/18,72.2,102,102,122,122,47,27,20,21,1,20,22,16,10,5,17,50,22,4,"{""field_goals_made"":39,""field_goals_missed"":52,""field_goals_attempted"":91,""field_goals"":""39/91"",""field_goals_percentage"":""42.9"",""two_pointers_made"":28,""two_pointers_missed"":29,""two_pointers_attempted"":57,""two_pointers"":""28/57"",""two_pointers_percentage"":""49.1"",""three_pointers_made"":11,""three_pointers_missed"":23,""three_pointers_attempted"":34,""three_pointers"":""11/34"",""three_pointers_percentage"":""32.4"",""free_throws_made"":13,""free_throws_missed"":5,""free_throws_attempted"":18,""free_throws"":""13/18"",""free_throws_percentage"":""72.2"",""won_score"":102,""total_won_score"":102,""lost_score"":122,""total_lost_score"":122,""rebounds"":47,""defensive_rebounds"":27,""offensive_rebounds"":20,""defensive_fouls"":21,""offensive_fouls"":1,""personal_fouls"":20,""fouls"":22,""assists"":16,""steals"":10,""blocks"":5,""turnovers"":17,""points_in_paint"":50,""second_chance_points"":22,""fast_break_points"":4}"
2025-26,2,9,regular_season,1390,2025-11-09,4,7,新北國王,2,高雄全家海神,home,https://api.tpbl.basketball/api/games/1390/stats,35,46,81,35/81,43.2,18,21,39,18/39,46.2,17,25,42,17/42,40.5,24,5,29,24/29,82.8,111,111,94,94,54,37,17,22,1,23,23,28,13,2,18,34,17,16,"{""field_goals_made"":35,""field_goals_missed"":46,""field_goals_attempted"":81,""field_goals"":""35/81"",""field_goals_percentage"":""43.2"",""two_pointers_made"":18,""two_pointers_missed"":21,""two_pointers_attempted"":39,""two_pointers"":""18/39"",""two_pointers_percentage"":""46.2"",""three_pointers_made"":17,""three_pointers_missed"":25,""three_pointers_attempted"":42,""three_pointers"":""17/42"",""three_pointers_percentage"":""40.5"",""free_throws_made"":24,""free_throws_missed"":5,""free_throws_attempted"":29,""free_throws"":""24/29"",""free_throws_percentage"":""82.8"",""won_score"":111,""total_won_score"":111,""lost_score"":94,""total_lost_score"":94,""rebounds"":54,""defensive_rebounds"":37,""offensive_rebounds"":17,""defensive_fouls"":22,""offensive_fouls"":1,""personal_fouls"":23,""fouls"":23,""assists"":28,""steals"":13,""blocks"":2,""turnovers"":18,""points_in_paint"":34,""second_chance_points"":17,""fast_break_points"":16}"
2025-26,2,9,regular_season,1390,2025-11-09,4,2,高雄全家海神,7,新北國王,away,https://api.tpbl.basketball/api/games/1390/stats,30,41,71,30/71,42.3,20,18,38,20/38,52.6,10,23,33,10/33,30.3,24,6,30,24/30,80.0,94,94,111,111,40,33,7,22,1,21,23,20,9,1,17,38,5,13,"{""field_goals_made"":30,""field_goals_missed"":41,""field_goals_attempted"":71,""field_goals"":""30/71"",""field_goals_percentage"":""42.3"",""two_pointers_made"":20,""two_pointers_missed"":18,""two_pointers_attempted"":38,""two_pointers"":""20/38"",""two_pointers_percentage"":""52.6"",""three_pointers_made"":10,""three_pointers_missed"":23,""three_pointers_attempted"":33,""three_pointers"":""10/33"",""three_pointers_percentage"":""30.3"",""free_throws_made"":24,""free_throws_missed"":6,""free_throws_attempted"":30,""free_throws"":""24/30"",""free_throws_percentage"":""80.0"",""won_score"":94,""total_won_score"":94,""lost_score"":111,""total_lost_score"":111,""rebounds"":40,""defensive_rebounds"":33,""offensive_rebounds"":7,""defensive_fouls"":22,""offensive_fouls"":1,""personal_fouls"":21,""fouls"":23,""assists"":20,""steals"":9,""blocks"":1,""turnovers"":17,""points_in_paint"":38,""second_chance_points"":5,""fast_break_points"":13}"
2025-26,2,9,regular_season,1391,2025-11-09,4,5,桃園台啤永豐雲豹,6,新北中信特攻,home,https://api.tpbl.basketball/api/games/1391/stats,28,49,77,28/77,36.4,18,25,43,18/43,41.9,10,24,34,10/34,29.4,19,5,24,19/24,79.2,85,85,78,78,51,35,16,15,1,15,16,21,14,6,19,32,9,8,"{""field_goals_made"":28,""field_goals_missed"":49,""field_goals_attempted"":77,""field_goals"":""28/77"",""field_goals_percentage"":""36.4"",""two_pointers_made"":18,""two_pointers_missed"":25,""two_pointers_attempted"":43,""two_pointers"":""18/43"",""two_pointers_percentage"":""41.9"",""three_pointers_made"":10,""three_pointers_missed"":24,""three_pointers_attempted"":34,""three_pointers"":""10/34"",""three_pointers_percentage"":""29.4"",""free_throws_made"":19,""free_throws_missed"":5,""free_throws_attempted"":24,""free_throws"":""19/24"",""free_throws_percentage"":""79.2"",""won_score"":85,""total_won_score"":85,""lost_score"":78,""total_lost_score"":78,""rebounds"":51,""defensive_rebounds"":35,""offensive_rebounds"":16,""defensive_fouls"":15,""offensive_fouls"":1,""personal_fouls"":15,""fouls"":16,""assists"":21,""steals"":14,""blocks"":6,""turnovers"":19,""points_in_paint"":32,""second_chance_points"":9,""fast_break_points"":8}"
2025-26,2,9,regular_season,1391,2025-11-09,4,6,新北中信特攻,5,桃園台啤永豐雲豹,away,https://api.tpbl.basketball/api/games/1391/stats,32,53,85,32/85,37.6,25,30,55,25/55,45.5,7,23,30,7/30,23.3,7,10,17,7/17,41.2,78,78,85,85,53,33,20,23,1,23,24,20,11,3,19,50,10,12,"{""field_goals_made"":32,""field_goals_missed"":53,""field_goals_attempted"":85,""field_goals"":""32/85"",""field_goals_percentage"":""37.6"",""two_pointers_made"":25,""two_pointers_missed"":30,""two_pointers_attempted"":55,""two_pointers"":""25/55"",""two_pointers_percentage"":""45.5"",""three_pointers_made"":7,""three_pointers_missed"":23,""three_pointers_attempted"":30,""three_pointers"":""7/30"",""three_pointers_percentage"":""23.3"",""free_throws_made"":7,""free_throws_missed"":10,""free_throws_attempted"":17,""free_throws"":""7/17"",""free_throws_percentage"":""41.2"",""won_score"":78,""total_won_score"":78,""lost_score"":85,""total_lost_score"":85,""rebounds"":53,""defensive_rebounds"":33,""offensive_rebounds"":20,""defensive_fouls"":23,""offensive_fouls"":1,""personal_fouls"":23,""fouls"":24,""assists"":20,""steals"":11,""blocks"":3,""turnovers"":19,""points_in_paint"":50,""second_chance_points"":10,""fast_break_points"":12}"
2025-26,2,9,regular_season,1392,2025-11-12,4,7,新北國王,3,福爾摩沙夢想家,home,https://api.tpbl.basketball/api/games/1392/stats,31,55,86,31/86,36.0,23,28,51,23/51,45.1,8,27,35,8/35,22.9,24,5,29,24/29,82.8,94,94,91,91,46,26,20,22,0,22,22,21,13,2,17,38,11,28,"{""field_goals_made"":31,""field_goals_missed"":55,""field_goals_attempted"":86,""field_goals"":""31/86"",""field_goals_percentage"":""36.0"",""two_pointers_made"":23,""two_pointers_missed"":28,""two_pointers_attempted"":51,""two_pointers"":""23/51"",""two_pointers_percentage"":""45.1"",""three_pointers_made"":8,""three_pointers_missed"":27,""three_pointers_attempted"":35,""three_pointers"":""8/35"",""three_pointers_percentage"":""22.9"",""free_throws_made"":24,""free_throws_missed"":5,""free_throws_attempted"":29,""free_throws"":""24/29"",""free_throws_percentage"":""82.8"",""won_score"":94,""total_won_score"":94,""lost_score"":91,""total_lost_score"":91,""rebounds"":46,""defensive_rebounds"":26,""offensive_rebounds"":20,""defensive_fouls"":22,""offensive_fouls"":0,""personal_fouls"":22,""fouls"":22,""assists"":21,""steals"":13,""blocks"":2,""turnovers"":17,""points_in_paint"":38,""second_chance_points"":11,""fast_break_points"":28}"
2025-26,2,9,regular_season,1392,2025-11-12,4,3,福爾摩沙夢想家,7,新北國王,away,https://api.tpbl.basketball/api/games/1392/stats,34,41,75,34/75,45.3,29,15,44,29/44,65.9,5,26,31,5/31,16.1,18,8,26,18/26,69.2,91,91,94,94,57,40,17,19,3,21,22,16,6,4,27,46,16,13,"{""field_goals_made"":34,""field_goals_missed"":41,""field_goals_attempted"":75,""field_goals"":""34/75"",""field_goals_percentage"":""45.3"",""two_pointers_made"":29,""two_pointers_missed"":15,""two_pointers_attempted"":44,""two_pointers"":""29/44"",""two_pointers_percentage"":""65.9"",""three_pointers_made"":5,""three_pointers_missed"":26,""three_pointers_attempted"":31,""three_pointers"":""5/31"",""three_pointers_percentage"":""16.1"",""free_throws_made"":18,""free_throws_missed"":8,""free_throws_attempted"":26,""free_throws"":""18/26"",""free_throws_percentage"":""69.2"",""won_score"":91,""total_won_score"":91,""lost_score"":94,""total_lost_score"":94,""rebounds"":57,""defensive_rebounds"":40,""offensive_rebounds"":17,""defensive_fouls"":19,""offensive_fouls"":3,""personal_fouls"":21,""fouls"":22,""assists"":16,""steals"":6,""blocks"":4,""turnovers"":27,""points_in_paint"":46,""second_chance_points"":16,""fast_break_points"":13}"
2025-26,2,9,regular_season,1393,2025-11-15,4,4,新竹御嵿攻城獅,6,新北中信特攻,home,https://api.tpbl.basketball/api/games/1393/stats,33,44,77,33/77,42.9,20,19,39,20/39,51.3,13,25,38,13/38,34.2,23,5,28,23/28,82.1,102,102,85,85,43,34,9,19,0,19,19,20,6,5,10,30,3,9,"{""field_goals_made"":33,""field_goals_missed"":44,""field_goals_attempted"":77,""field_goals"":""33/77"",""field_goals_percentage"":""42.9"",""two_pointers_made"":20,""two_pointers_missed"":19,""two_pointers_attempted"":39,""two_pointers"":""20/39"",""two_pointers_percentage"":""51.3"",""three_pointers_made"":13,""three_pointers_missed"":25,""three_pointers_attempted"":38,""three_pointers"":""13/38"",""three_pointers_percentage"":""34.2"",""free_throws_made"":23,""free_throws_missed"":5,""free_throws_attempted"":28,""free_throws"":""23/28"",""free_throws_percentage"":""82.1"",""won_score"":102,""total_won_score"":102,""lost_score"":85,""total_lost_score"":85,""rebounds"":43,""defensive_rebounds"":34,""offensive_rebounds"":9,""defensive_fouls"":19,""offensive_fouls"":0,""personal_fouls"":19,""fouls"":19,""assists"":20,""steals"":6,""blocks"":5,""turnovers"":10,""points_in_paint"":30,""second_chance_points"":3,""fast_break_points"":9}"
2025-26,2,9,regular_season,1393,2025-11-15,4,6,新北中信特攻,4,新竹御嵿攻城獅,away,https://api.tpbl.basketball/api/games/1393/stats,32,57,89,32/89,36.0,23,29,52,23/52,44.2,9,28,37,9/37,24.3,12,7,19,12/19,63.2,85,85,102,102,59,37,22,20,2,20,22,18,7,0,18,42,21,13,"{""field_goals_made"":32,""field_goals_missed"":57,""field_goals_attempted"":89,""field_goals"":""32/89"",""field_goals_percentage"":""36.0"",""two_pointers_made"":23,""two_pointers_missed"":29,""two_pointers_attempted"":52,""two_pointers"":""23/52"",""two_pointers_percentage"":""44.2"",""three_pointers_made"":9,""three_pointers_missed"":28,""three_pointers_attempted"":37,""three_pointers"":""9/37"",""three_pointers_percentage"":""24.3"",""free_throws_made"":12,""free_throws_missed"":7,""free_throws_attempted"":19,""free_throws"":""12/19"",""free_throws_percentage"":""63.2"",""won_score"":85,""total_won_score"":85,""lost_score"":102,""total_lost_score"":102,""rebounds"":59,""defensive_rebounds"":37,""offensive_rebounds"":22,""defensive_fouls"":20,""offensive_fouls"":2,""personal_fouls"":20,""fouls"":22,""assists"":18,""steals"":7,""blocks"":0,""turnovers"":18,""points_in_paint"":42,""second_chance_points"":21,""fast_break_points"":13}"
2025-26,2,9,regular_season,1394,2025-11-15,4,8,臺北台新戰神,7,新北國王,home,https://api.tpbl.basketball/api/games/1394/stats,37,59,96,37/96,38.5,27,32,59,27/59,45.8,10,27,37,10/37,27.0,13,9,22,13/22,59.1,97,97,87,87,62,37,25,11,0,11,11,13,10,4,12,50,22,8,"{""field_goals_made"":37,""field_goals_missed"":59,""field_goals_attempted"":96,""field_goals"":""37/96"",""field_goals_percentage"":""38.5"",""two_pointers_made"":27,""two_pointers_missed"":32,""two_pointers_attempted"":59,""two_pointers"":""27/59"",""two_pointers_percentage"":""45.8"",""three_pointers_made"":10,""three_pointers_missed"":27,""three_pointers_attempted"":37,""three_pointers"":""10/37"",""three_pointers_percentage"":""27.0"",""free_throws_made"":13,""free_throws_missed"":9,""free_throws_attempted"":22,""free_throws"":""13/22"",""free_throws_percentage"":""59.1"",""won_score"":97,""total_won_score"":97,""lost_score"":87,""total_lost_score"":87,""rebounds"":62,""defensive_rebounds"":37,""offensive_rebounds"":25,""defensive_fouls"":11,""offensive_fouls"":0,""personal_fouls"":11,""fouls"":11,""assists"":13,""steals"":10,""blocks"":4,""turnovers"":12,""points_in_paint"":50,""second_chance_points"":22,""fast_break_points"":8}"
2025-26,2,9,regular_season,1394,2025-11-15,4,7,新北國王,8,臺北台新戰神,away,https://api.tpbl.basketball/api/games/1394/stats,33,48,81,33/81,40.7,18,18,36,18/36,50.0,15,30,45,15/45,33.3,6,2,8,6/8,75.0,87,87,97,97,49,37,12,21,1,22,22,24,6,5,17,28,10,13,"{""field_goals_made"":33,""field_goals_missed"":48,""field_goals_attempted"":81,""field_goals"":""33/81"",""field_goals_percentage"":""40.7"",""two_pointers_made"":18,""two_pointers_missed"":18,""two_pointers_attempted"":36,""two_pointers"":""18/36"",""two_pointers_percentage"":""50.0"",""three_pointers_made"":15,""three_pointers_missed"":30,""three_pointers_attempted"":45,""three_pointers"":""15/45"",""three_pointers_percentage"":""33.3"",""free_throws_made"":6,""free_throws_missed"":2,""free_throws_attempted"":8,""free_throws"":""6/8"",""free_throws_percentage"":""75.0"",""won_score"":87,""total_won_score"":87,""lost_score"":97,""total_lost_score"":97,""rebounds"":49,""defensive_rebounds"":37,""offensive_rebounds"":12,""defensive_fouls"":21,""offensive_fouls"":1,""personal_fouls"":22,""fouls"":22,""assists"":24,""steals"":6,""blocks"":5,""turnovers"":17,""points_in_paint"":28,""second_chance_points"":10,""fast_break_points"":13}"
2025-26,2,9,regular_season,1395,2025-11-16,4,4,新竹御嵿攻城獅,2,高雄全家海神,home,https://api.tpbl.basketball/api/games/1395/stats,33,38,71,33/71,46.5,27,19,46,27/46,58.7,6,19,25,6/25,24.0,25,9,34,25/34,73.5,97,97,89,89,52,38,14,15,2,16,17,16,8,3,17,48,10,9,"{""field_goals_made"":33,""field_goals_missed"":38,""field_goals_attempted"":71,""field_goals"":""33/71"",""field_goals_percentage"":""46.5"",""two_pointers_made"":27,""two_pointers_missed"":19,""two_pointers_attempted"":46,""two_pointers"":""27/46"",""two_pointers_percentage"":""58.7"",""three_pointers_made"":6,""three_pointers_missed"":19,""three_pointers_attempted"":25,""three_pointers"":""6/25"",""three_pointers_percentage"":""24.0"",""free_throws_made"":25,""free_throws_missed"":9,""free_throws_attempted"":34,""free_throws"":""25/34"",""free_throws_percentage"":""73.5"",""won_score"":97,""total_won_score"":97,""lost_score"":89,""total_lost_score"":89,""rebounds"":52,""defensive_rebounds"":38,""offensive_rebounds"":14,""defensive_fouls"":15,""offensive_fouls"":2,""personal_fouls"":16,""fouls"":17,""assists"":16,""steals"":8,""blocks"":3,""turnovers"":17,""points_in_paint"":48,""second_chance_points"":10,""fast_break_points"":9}"
2025-26,2,9,regular_season,1395,2025-11-16,4,2,高雄全家海神,4,新竹御嵿攻城獅,away,https://api.tpbl.basketball/api/games/1395/stats,35,50,85,35/85,41.2,21,27,48,21/48,43.8,14,23,37,14/37,37.8,5,5,10,5/10,50.0,89,89,97,97,40,28,12,27,2,29,29,21,8,1,18,36,8,20,"{""field_goals_made"":35,""field_goals_missed"":50,""field_goals_attempted"":85,""field_goals"":""35/85"",""field_goals_percentage"":""41.2"",""two_pointers_made"":21,""two_pointers_missed"":27,""two_pointers_attempted"":48,""two_pointers"":""21/48"",""two_pointers_percentage"":""43.8"",""three_pointers_made"":14,""three_pointers_missed"":23,""three_pointers_attempted"":37,""three_pointers"":""14/37"",""three_pointers_percentage"":""37.8"",""free_throws_made"":5,""free_throws_missed"":5,""free_throws_attempted"":10,""free_throws"":""5/10"",""free_throws_percentage"":""50.0"",""won_score"":89,""total_won_score"":89,""lost_score"":97,""total_lost_score"":97,""rebounds"":40,""defensive_rebounds"":28,""offensive_rebounds"":12,""defensive_fouls"":27,""offensive_fouls"":2,""personal_fouls"":29,""fouls"":29,""assists"":21,""steals"":8,""blocks"":1,""turnovers"":18,""points_in_paint"":36,""second_chance_points"":8,""fast_break_points"":20}"
2025-26,2,9,regular_season,1396,2025-11-16,4,8,臺北台新戰神,5,桃園台啤永豐雲豹,home,https://api.tpbl.basketball/api/games/1396/stats,37,51,88,37/88,42.0,21,22,43,21/43,48.8,16,29,45,16/45,35.6,12,10,22,12/22,54.5,102,102,112,112,36,22,14,21,2,22,23,27,14,5,15,32,14,22,"{""field_goals_made"":37,""field_goals_missed"":51,""field_goals_attempted"":88,""field_goals"":""37/88"",""field_goals_percentage"":""42.0"",""two_pointers_made"":21,""two_pointers_missed"":22,""two_pointers_attempted"":43,""two_pointers"":""21/43"",""two_pointers_percentage"":""48.8"",""three_pointers_made"":16,""three_pointers_missed"":29,""three_pointers_attempted"":45,""three_pointers"":""16/45"",""three_pointers_percentage"":""35.6"",""free_throws_made"":12,""free_throws_missed"":10,""free_throws_attempted"":22,""free_throws"":""12/22"",""free_throws_percentage"":""54.5"",""won_score"":102,""total_won_score"":102,""lost_score"":112,""total_lost_score"":112,""rebounds"":36,""defensive_rebounds"":22,""offensive_rebounds"":14,""defensive_fouls"":21,""offensive_fouls"":2,""personal_fouls"":22,""fouls"":23,""assists"":27,""steals"":14,""blocks"":5,""turnovers"":15,""points_in_paint"":32,""second_chance_points"":14,""fast_break_points"":22}"
2025-26,2,9,regular_season,1396,2025-11-16,4,5,桃園台啤永豐雲豹,8,臺北台新戰神,away,https://api.tpbl.basketball/api/games/1396/stats,42,36,78,42/78,53.8,32,26,58,32/58,55.2,10,10,20,10/20,50.0,18,8,26,18/26,69.2,112,112,102,102,59,40,19,18,2,19,20,25,10,2,25,52,26,8,"{""field_goals_made"":42,""field_goals_missed"":36,""field_goals_attempted"":78,""field_goals"":""42/78"",""field_goals_percentage"":""53.8"",""two_pointers_made"":32,""two_pointers_missed"":26,""two_pointers_attempted"":58,""two_pointers"":""32/58"",""two_pointers_percentage"":""55.2"",""three_pointers_made"":10,""three_pointers_missed"":10,""three_pointers_attempted"":20,""three_pointers"":""10/20"",""three_pointers_percentage"":""50.0"",""free_throws_made"":18,""free_throws_missed"":8,""free_throws_attempted"":26,""free_throws"":""18/26"",""free_throws_percentage"":""69.2"",""won_score"":112,""total_won_score"":112,""lost_score"":102,""total_lost_score"":102,""rebounds"":59,""defensive_rebounds"":40,""offensive_rebounds"":19,""defensive_fouls"":18,""offensive_fouls"":2,""personal_fouls"":19,""fouls"":20,""assists"":25,""steals"":10,""blocks"":2,""turnovers"":25,""points_in_paint"":52,""second_chance_points"":26,""fast_break_points"":8}"
2025-26,2,9,regular_season,1397,2025-11-19,4,5,桃園台啤永豐雲豹,2,高雄全家海神,home,https://api.tpbl.basketball/api/games/1397/stats,32,46,78,32/78,41.0,21,23,44,21/44,47.7,11,23,34,11/34,32.4,15,13,28,15/28,53.6,90,90,112,112,41,24,17,15,0,15,15,26,10,1,18,38,12,16,"{""field_goals_made"":32,""field_goals_missed"":46,""field_goals_attempted"":78,""field_goals"":""32/78"",""field_goals_percentage"":""41.0"",""two_pointers_made"":21,""two_pointers_missed"":23,""two_pointers_attempted"":44,""two_pointers"":""21/44"",""two_pointers_percentage"":""47.7"",""three_pointers_made"":11,""three_pointers_missed"":23,""three_pointers_attempted"":34,""three_pointers"":""11/34"",""three_pointers_percentage"":""32.4"",""free_throws_made"":15,""free_throws_missed"":13,""free_throws_attempted"":28,""free_throws"":""15/28"",""free_throws_percentage"":""53.6"",""won_score"":90,""total_won_score"":90,""lost_score"":112,""total_lost_score"":112,""rebounds"":41,""defensive_rebounds"":24,""offensive_rebounds"":17,""defensive_fouls"":15,""offensive_fouls"":0,""personal_fouls"":15,""fouls"":15,""assists"":26,""steals"":10,""blocks"":1,""turnovers"":18,""points_in_paint"":38,""second_chance_points"":12,""fast_break_points"":16}"
2025-26,2,9,regular_season,1397,2025-11-19,4,2,高雄全家海神,5,桃園台啤永豐雲豹,away,https://api.tpbl.basketball/api/games/1397/stats,44,31,75,44/75,58.7,30,16,46,30/46,65.2,14,15,29,14/29,48.3,10,3,13,10/13,76.9,112,112,90,90,44,35,9,22,2,23,24,32,12,3,23,56,14,25,"{""field_goals_made"":44,""field_goals_missed"":31,""field_goals_attempted"":75,""field_goals"":""44/75"",""field_goals_percentage"":""58.7"",""two_pointers_made"":30,""two_pointers_missed"":16,""two_pointers_attempted"":46,""two_pointers"":""30/46"",""two_pointers_percentage"":""65.2"",""three_pointers_made"":14,""three_pointers_missed"":15,""three_pointers_attempted"":29,""three_pointers"":""14/29"",""three_pointers_percentage"":""48.3"",""free_throws_made"":10,""free_throws_missed"":3,""free_throws_attempted"":13,""free_throws"":""10/13"",""free_throws_percentage"":""76.9"",""won_score"":112,""total_won_score"":112,""lost_score"":90,""total_lost_score"":90,""rebounds"":44,""defensive_rebounds"":35,""offensive_rebounds"":9,""defensive_fouls"":22,""offensive_fouls"":2,""personal_fouls"":23,""fouls"":24,""assists"":32,""steals"":12,""blocks"":3,""turnovers"":23,""points_in_paint"":56,""second_chance_points"":14,""fast_break_points"":25}"
2025-26,2,9,regular_season,1398,2025-11-22,4,3,福爾摩沙夢想家,4,新竹御嵿攻城獅,home,https://api.tpbl.basketball/api/games/1398/stats,40,31,71,40/71,56.3,27,14,41,27/41,65.9,13,17,30,13/30,43.3,20,6,26,20/26,76.9,113,113,98,98,43,33,10,20,1,21,21,28,11,3,24,48,13,9,"{""field_goals_made"":40,""field_goals_missed"":31,""field_goals_attempted"":71,""field_goals"":""40/71"",""field_goals_percentage"":""56.3"",""two_pointers_made"":27,""two_pointers_missed"":14,""two_pointers_attempted"":41,""two_pointers"":""27/41"",""two_pointers_percentage"":""65.9"",""three_pointers_made"":13,""three_pointers_missed"":17,""three_pointers_attempted"":30,""three_pointers"":""13/30"",""three_pointers_percentage"":""43.3"",""free_throws_made"":20,""free_throws_missed"":6,""free_throws_attempted"":26,""free_throws"":""20/26"",""free_throws_percentage"":""76.9"",""won_score"":113,""total_won_score"":113,""lost_score"":98,""total_lost_score"":98,""rebounds"":43,""defensive_rebounds"":33,""offensive_rebounds"":10,""defensive_fouls"":20,""offensive_fouls"":1,""personal_fouls"":21,""fouls"":21,""assists"":28,""steals"":11,""blocks"":3,""turnovers"":24,""points_in_paint"":48,""second_chance_points"":13,""fast_break_points"":9}"
2025-26,2,9,regular_season,1398,2025-11-22,4,4,新竹御嵿攻城獅,3,福爾摩沙夢想家,away,https://api.tpbl.basketball/api/games/1398/stats,38,45,83,38/83,45.8,27,26,53,27/53,50.9,11,19,30,11/30,36.7,11,3,14,11/14,78.6,98,98,113,113,34,21,13,18,2,20,20,16,14,1,19,50,14,18,"{""field_goals_made"":38,""field_goals_missed"":45,""field_goals_attempted"":83,""field_goals"":""38/83"",""field_goals_percentage"":""45.8"",""two_pointers_made"":27,""two_pointers_missed"":26,""two_pointers_attempted"":53,""two_pointers"":""27/53"",""two_pointers_percentage"":""50.9"",""three_pointers_made"":11,""three_pointers_missed"":19,""three_pointers_attempted"":30,""three_pointers"":""11/30"",""three_pointers_percentage"":""36.7"",""free_throws_made"":11,""free_throws_missed"":3,""free_throws_attempted"":14,""free_throws"":""11/14"",""free_throws_percentage"":""78.6"",""won_score"":98,""total_won_score"":98,""lost_score"":113,""total_lost_score"":113,""rebounds"":34,""defensive_rebounds"":21,""offensive_rebounds"":13,""defensive_fouls"":18,""offensive_fouls"":2,""personal_fouls"":20,""fouls"":20,""assists"":16,""steals"":14,""blocks"":1,""turnovers"":19,""points_in_paint"":50,""second_chance_points"":14,""fast_break_points"":18}"
2025-26,2,9,regular_season,1399,2025-11-22,4,5,桃園台啤永豐雲豹,7,新北國王,home,https://api.tpbl.basketball/api/games/1399/stats,35,40,75,35/75,46.7,31,25,56,31/56,55.4,4,15,19,4/19,21.1,29,9,38,29/38,76.3,103,103,101,101,46,37,9,15,2,16,17,24,12,4,17,60,6,11,"{""field_goals_made"":35,""field_goals_missed"":40,""field_goals_attempted"":75,""field_goals"":""35/75"",""field_goals_percentage"":""46.7"",""two_pointers_made"":31,""two_pointers_missed"":25,""two_pointers_attempted"":56,""two_pointers"":""31/56"",""two_pointers_percentage"":""55.4"",""three_pointers_made"":4,""three_pointers_missed"":15,""three_pointers_attempted"":19,""three_pointers"":""4/19"",""three_pointers_percentage"":""21.1"",""free_throws_made"":29,""free_throws_missed"":9,""free_throws_attempted"":38,""free_throws"":""29/38"",""free_throws_percentage"":""76.3"",""won_score"":103,""total_won_score"":103,""lost_score"":101,""total_lost_score"":101,""rebounds"":46,""defensive_rebounds"":37,""offensive_rebounds"":9,""defensive_fouls"":15,""offensive_fouls"":2,""personal_fouls"":16,""fouls"":17,""assists"":24,""steals"":12,""blocks"":4,""turnovers"":17,""points_in_paint"":60,""second_chance_points"":6,""fast_break_points"":11}"
2025-26,2,9,regular_season,1399,2025-11-22,4,7,新北國王,5,桃園台啤永豐雲豹,away,https://api.tpbl.basketball/api/games/1399/stats,38,55,93,38/93,40.9,25,29,54,25/54,46.3,13,26,39,13/39,33.3,12,5,17,12/17,70.6,101,101,103,103,52,36,16,28,1,28,29,25,13,2,16,46,15,8,"{""field_goals_made"":38,""field_goals_missed"":55,""field_goals_attempted"":93,""field_goals"":""38/93"",""field_goals_percentage"":""40.9"",""two_pointers_made"":25,""two_pointers_missed"":29,""two_pointers_attempted"":54,""two_pointers"":""25/54"",""two_pointers_percentage"":""46.3"",""three_pointers_made"":13,""three_pointers_missed"":26,""three_pointers_attempted"":39,""three_pointers"":""13/39"",""three_pointers_percentage"":""33.3"",""free_throws_made"":12,""free_throws_missed"":5,""free_throws_attempted"":17,""free_throws"":""12/17"",""free_throws_percentage"":""70.6"",""won_score"":101,""total_won_score"":101,""lost_score"":103,""total_lost_score"":103,""rebounds"":52,""defensive_rebounds"":36,""offensive_rebounds"":16,""defensive_fouls"":28,""offensive_fouls"":1,""personal_fouls"":28,""fouls"":29,""assists"":25,""steals"":13,""blocks"":2,""turnovers"":16,""points_in_paint"":46,""second_chance_points"":15,""fast_break_points"":8}"
2025-26,2,9,regular_season,1400,2025-11-23,4,3,福爾摩沙夢想家,8,臺北台新戰神,home,https://api.tpbl.basketball/api/games/1400/stats,39,38,77,39/77,50.6,15,12,27,15/27,55.6,24,26,50,24/50,48.0,26,8,34,26/34,76.5,128,128,117,117,48,34,14,18,1,18,19,30,14,7,20,26,9,9,"{""field_goals_made"":39,""field_goals_missed"":38,""field_goals_attempted"":77,""field_goals"":""39/77"",""field_goals_percentage"":""50.6"",""two_pointers_made"":15,""two_pointers_missed"":12,""two_pointers_attempted"":27,""two_pointers"":""15/27"",""two_pointers_percentage"":""55.6"",""three_pointers_made"":24,""three_pointers_missed"":26,""three_pointers_attempted"":50,""three_pointers"":""24/50"",""three_pointers_percentage"":""48.0"",""free_throws_made"":26,""free_throws_missed"":8,""free_throws_attempted"":34,""free_throws"":""26/34"",""free_throws_percentage"":""76.5"",""won_score"":128,""total_won_score"":128,""lost_score"":117,""total_lost_score"":117,""rebounds"":48,""defensive_rebounds"":34,""offensive_rebounds"":14,""defensive_fouls"":18,""offensive_fouls"":1,""personal_fouls"":18,""fouls"":19,""assists"":30,""steals"":14,""blocks"":7,""turnovers"":20,""points_in_paint"":26,""second_chance_points"":9,""fast_break_points"":9}"
2025-26,2,9,regular_season,1400,2025-11-23,4,8,臺北台新戰神,3,福爾摩沙夢想家,away,https://api.tpbl.basketball/api/games/1400/stats,44,44,88,44/88,50.0,27,29,56,27/56,48.2,17,15,32,17/32,53.1,12,13,25,12/25,48.0,117,117,128,128,44,28,16,24,3,25,27,13,11,0,16,48,12,10,"{""field_goals_made"":44,""field_goals_missed"":44,""field_goals_attempted"":88,""field_goals"":""44/88"",""field_goals_percentage"":""50.0"",""two_pointers_made"":27,""two_pointers_missed"":29,""two_pointers_attempted"":56,""two_pointers"":""27/56"",""two_pointers_percentage"":""48.2"",""three_pointers_made"":17,""three_pointers_missed"":15,""three_pointers_attempted"":32,""three_pointers"":""17/32"",""three_pointers_percentage"":""53.1"",""free_throws_made"":12,""free_throws_missed"":13,""free_throws_attempted"":25,""free_throws"":""12/25"",""free_throws_percentage"":""48.0"",""won_score"":117,""total_won_score"":117,""lost_score"":128,""total_lost_score"":128,""rebounds"":44,""defensive_rebounds"":28,""offensive_rebounds"":16,""defensive_fouls"":24,""offensive_fouls"":3,""personal_fouls"":25,""fouls"":27,""assists"":13,""steals"":11,""blocks"":0,""turnovers"":16,""points_in_paint"":48,""second_chance_points"":12,""fast_break_points"":10}"
2025-26,2,9,regular_season,1401,2025-11-23,4,5,桃園台啤永豐雲豹,6,新北中信特攻,home,https://api.tpbl.basketball/api/games/1401/stats,34,49,83,34/83,41.0,21,31,52,21/52,40.4,13,18,31,13/31,41.9,19,10,29,19/29,65.5,100,100,77,77,62,40,22,16,1,16,17,25,5,5,13,34,19,8,"{""field_goals_made"":34,""field_goals_missed"":49,""field_goals_attempted"":83,""field_goals"":""34/83"",""field_goals_percentage"":""41.0"",""two_pointers_made"":21,""two_pointers_missed"":31,""two_pointers_attempted"":52,""two_pointers"":""21/52"",""two_pointers_percentage"":""40.4"",""three_pointers_made"":13,""three_pointers_missed"":18,""three_pointers_attempted"":31,""three_pointers"":""13/31"",""three_pointers_percentage"":""41.9"",""free_throws_made"":19,""free_throws_missed"":10,""free_throws_attempted"":29,""free_throws"":""19/29"",""free_throws_percentage"":""65.5"",""won_score"":100,""total_won_score"":100,""lost_score"":77,""total_lost_score"":77,""rebounds"":62,""defensive_rebounds"":40,""offensive_rebounds"":22,""defensive_fouls"":16,""offensive_fouls"":1,""personal_fouls"":16,""fouls"":17,""assists"":25,""steals"":5,""blocks"":5,""turnovers"":13,""points_in_paint"":34,""second_chance_points"":19,""fast_break_points"":8}"
2025-26,2,9,regular_season,1401,2025-11-23,4,6,新北中信特攻,5,桃園台啤永豐雲豹,away,https://api.tpbl.basketball/api/games/1401/stats,30,50,80,30/80,37.5,21,25,46,21/46,45.7,9,25,34,9/34,26.5,8,5,13,8/13,61.5,77,77,100,100,42,30,12,20,1,21,21,18,5,7,13,38,9,2,"{""field_goals_made"":30,""field_goals_missed"":50,""field_goals_attempted"":80,""field_goals"":""30/80"",""field_goals_percentage"":""37.5"",""two_pointers_made"":21,""two_pointers_missed"":25,""two_pointers_attempted"":46,""two_pointers"":""21/46"",""two_pointers_percentage"":""45.7"",""three_pointers_made"":9,""three_pointers_missed"":25,""three_pointers_attempted"":34,""three_pointers"":""9/34"",""three_pointers_percentage"":""26.5"",""free_throws_made"":8,""free_throws_missed"":5,""free_throws_attempted"":13,""free_throws"":""8/13"",""free_throws_percentage"":""61.5"",""won_score"":77,""total_won_score"":77,""lost_score"":100,""total_lost_score"":100,""rebounds"":42,""defensive_rebounds"":30,""offensive_rebounds"":12,""defensive_fouls"":20,""offensive_fouls"":1,""personal_fouls"":21,""fouls"":21,""assists"":18,""steals"":5,""blocks"":7,""turnovers"":13,""points_in_paint"":38,""second_chance_points"":9,""fast_break_points"":2}"
2025-26,2,9,regular_season,1402,2025-12-03,4,8,臺北台新戰神,4,新竹御嵿攻城獅,home,https://api.tpbl.basketball/api/games/1402/stats,32,49,81,32/81,39.5,22,25,47,22/47,46.8,10,24,34,10/34,29.4,26,10,36,26/36,72.2,100,100,98,98,54,39,15,22,0,21,22,15,11,2,15,44,13,9,"{""field_goals_made"":32,""field_goals_missed"":49,""field_goals_attempted"":81,""field_goals"":""32/81"",""field_goals_percentage"":""39.5"",""two_pointers_made"":22,""two_pointers_missed"":25,""two_pointers_attempted"":47,""two_pointers"":""22/47"",""two_pointers_percentage"":""46.8"",""three_pointers_made"":10,""three_pointers_missed"":24,""three_pointers_attempted"":34,""three_pointers"":""10/34"",""three_pointers_percentage"":""29.4"",""free_throws_made"":26,""free_throws_missed"":10,""free_throws_attempted"":36,""free_throws"":""26/36"",""free_throws_percentage"":""72.2"",""won_score"":100,""total_won_score"":100,""lost_score"":98,""total_lost_score"":98,""rebounds"":54,""defensive_rebounds"":39,""offensive_rebounds"":15,""defensive_fouls"":22,""offensive_fouls"":0,""personal_fouls"":21,""fouls"":22,""assists"":15,""steals"":11,""blocks"":2,""turnovers"":15,""points_in_paint"":44,""second_chance_points"":13,""fast_break_points"":9}"
2025-26,2,9,regular_season,1402,2025-12-03,4,4,新竹御嵿攻城獅,8,臺北台新戰神,away,https://api.tpbl.basketball/api/games/1402/stats,32,51,83,32/83,38.6,21,24,45,21/45,46.7,11,27,38,11/38,28.9,23,5,28,23/28,82.1,98,98,100,100,51,38,13,24,2,26,26,24,8,1,16,36,10,21,"{""field_goals_made"":32,""field_goals_missed"":51,""field_goals_attempted"":83,""field_goals"":""32/83"",""field_goals_percentage"":""38.6"",""two_pointers_made"":21,""two_pointers_missed"":24,""two_pointers_attempted"":45,""two_pointers"":""21/45"",""two_pointers_percentage"":""46.7"",""three_pointers_made"":11,""three_pointers_missed"":27,""three_pointers_attempted"":38,""three_pointers"":""11/38"",""three_pointers_percentage"":""28.9"",""free_throws_made"":23,""free_throws_missed"":5,""free_throws_attempted"":28,""free_throws"":""23/28"",""free_throws_percentage"":""82.1"",""won_score"":98,""total_won_score"":98,""lost_score"":100,""total_lost_score"":100,""rebounds"":51,""defensive_rebounds"":38,""offensive_rebounds"":13,""defensive_fouls"":24,""offensive_fouls"":2,""personal_fouls"":26,""fouls"":26,""assists"":24,""steals"":8,""blocks"":1,""turnovers"":16,""points_in_paint"":36,""second_chance_points"":10,""fast_break_points"":21}"
2025-26,2,9,regular_season,1403,2025-12-06,4,5,桃園台啤永豐雲豹,4,新竹御嵿攻城獅,home,https://api.tpbl.basketball/api/games/1403/stats,35,49,84,35/84,41.7,25,26,51,25/51,49.0,10,23,33,10/33,30.3,16,4,20,16/20,80.0,96,96,94,94,53,36,17,23,1,23,24,26,9,6,18,40,16,17,"{""field_goals_made"":35,""field_goals_missed"":49,""field_goals_attempted"":84,""field_goals"":""35/84"",""field_goals_percentage"":""41.7"",""two_pointers_made"":25,""two_pointers_missed"":26,""two_pointers_attempted"":51,""two_pointers"":""25/51"",""two_pointers_percentage"":""49.0"",""three_pointers_made"":10,""three_pointers_missed"":23,""three_pointers_attempted"":33,""three_pointers"":""10/33"",""three_pointers_percentage"":""30.3"",""free_throws_made"":16,""free_throws_missed"":4,""free_throws_attempted"":20,""free_throws"":""16/20"",""free_throws_percentage"":""80.0"",""won_score"":96,""total_won_score"":96,""lost_score"":94,""total_lost_score"":94,""rebounds"":53,""defensive_rebounds"":36,""offensive_rebounds"":17,""defensive_fouls"":23,""offensive_fouls"":1,""personal_fouls"":23,""fouls"":24,""assists"":26,""steals"":9,""blocks"":6,""turnovers"":18,""points_in_paint"":40,""second_chance_points"":16,""fast_break_points"":17}"
2025-26,2,9,regular_season,1403,2025-12-06,4,4,新竹御嵿攻城獅,5,桃園台啤永豐雲豹,away,https://api.tpbl.basketball/api/games/1403/stats,35,55,90,35/90,38.9,30,34,64,30/64,46.9,5,21,26,5/26,19.2,19,6,25,19/25,76.0,94,94,96,96,55,33,22,19,0,19,19,18,7,1,14,46,19,4,"{""field_goals_made"":35,""field_goals_missed"":55,""field_goals_attempted"":90,""field_goals"":""35/90"",""field_goals_percentage"":""38.9"",""two_pointers_made"":30,""two_pointers_missed"":34,""two_pointers_attempted"":64,""two_pointers"":""30/64"",""two_pointers_percentage"":""46.9"",""three_pointers_made"":5,""three_pointers_missed"":21,""three_pointers_attempted"":26,""three_pointers"":""5/26"",""three_pointers_percentage"":""19.2"",""free_throws_made"":19,""free_throws_missed"":6,""free_throws_attempted"":25,""free_throws"":""19/25"",""free_throws_percentage"":""76.0"",""won_score"":94,""total_won_score"":94,""lost_score"":96,""total_lost_score"":96,""rebounds"":55,""defensive_rebounds"":33,""offensive_rebounds"":22,""defensive_fouls"":19,""offensive_fouls"":0,""personal_fouls"":19,""fouls"":19,""assists"":18,""steals"":7,""blocks"":1,""turnovers"":14,""points_in_paint"":46,""second_chance_points"":19,""fast_break_points"":4}"
2025-26,2,9,regular_season,1404,2025-12-06,4,8,臺北台新戰神,6,新北中信特攻,home,https://api.tpbl.basketball/api/games/1404/stats,33,43,76,33/76,43.4,25,20,45,25/45,55.6,8,23,31,8/31,25.8,30,5,35,30/35,85.7,104,104,108,108,38,25,13,24,1,25,25,22,13,3,21,46,15,15,"{""field_goals_made"":33,""field_goals_missed"":43,""field_goals_attempted"":76,""field_goals"":""33/76"",""field_goals_percentage"":""43.4"",""two_pointers_made"":25,""two_pointers_missed"":20,""two_pointers_attempted"":45,""two_pointers"":""25/45"",""two_pointers_percentage"":""55.6"",""three_pointers_made"":8,""three_pointers_missed"":23,""three_pointers_attempted"":31,""three_pointers"":""8/31"",""three_pointers_percentage"":""25.8"",""free_throws_made"":30,""free_throws_missed"":5,""free_throws_attempted"":35,""free_throws"":""30/35"",""free_throws_percentage"":""85.7"",""won_score"":104,""total_won_score"":104,""lost_score"":108,""total_lost_score"":108,""rebounds"":38,""defensive_rebounds"":25,""offensive_rebounds"":13,""defensive_fouls"":24,""offensive_fouls"":1,""personal_fouls"":25,""fouls"":25,""assists"":22,""steals"":13,""blocks"":3,""turnovers"":21,""points_in_paint"":46,""second_chance_points"":15,""fast_break_points"":15}"
2025-26,2,9,regular_season,1404,2025-12-06,4,6,新北中信特攻,8,臺北台新戰神,away,https://api.tpbl.basketball/api/games/1404/stats,42,39,81,42/81,51.9,35,20,55,35/55,63.6,7,19,26,7/26,26.9,17,9,26,17/26,65.4,108,108,104,104,44,29,15,28,1,28,29,26,12,2,18,64,15,21,"{""field_goals_made"":42,""field_goals_missed"":39,""field_goals_attempted"":81,""field_goals"":""42/81"",""field_goals_percentage"":""51.9"",""two_pointers_made"":35,""two_pointers_missed"":20,""two_pointers_attempted"":55,""two_pointers"":""35/55"",""two_pointers_percentage"":""63.6"",""three_pointers_made"":7,""three_pointers_missed"":19,""three_pointers_attempted"":26,""three_pointers"":""7/26"",""three_pointers_percentage"":""26.9"",""free_throws_made"":17,""free_throws_missed"":9,""free_throws_attempted"":26,""free_throws"":""17/26"",""free_throws_percentage"":""65.4"",""won_score"":108,""total_won_score"":108,""lost_score"":104,""total_lost_score"":104,""rebounds"":44,""defensive_rebounds"":29,""offensive_rebounds"":15,""defensive_fouls"":28,""offensive_fouls"":1,""personal_fouls"":28,""fouls"":29,""assists"":26,""steals"":12,""blocks"":2,""turnovers"":18,""points_in_paint"":64,""second_chance_points"":15,""fast_break_points"":21}"
2025-26,2,9,regular_season,1405,2025-12-07,4,5,桃園台啤永豐雲豹,3,福爾摩沙夢想家,home,https://api.tpbl.basketball/api/games/1405/stats,36,44,80,36/80,45.0,22,25,47,22/47,46.8,14,19,33,14/33,42.4,19,5,24,19/24,79.2,105,105,92,92,52,39,13,20,1,21,21,21,7,8,13,40,7,13,"{""field_goals_made"":36,""field_goals_missed"":44,""field_goals_attempted"":80,""field_goals"":""36/80"",""field_goals_percentage"":""45.0"",""two_pointers_made"":22,""two_pointers_missed"":25,""two_pointers_attempted"":47,""two_pointers"":""22/47"",""two_pointers_percentage"":""46.8"",""three_pointers_made"":14,""three_pointers_missed"":19,""three_pointers_attempted"":33,""three_pointers"":""14/33"",""three_pointers_percentage"":""42.4"",""free_throws_made"":19,""free_throws_missed"":5,""free_throws_attempted"":24,""free_throws"":""19/24"",""free_throws_percentage"":""79.2"",""won_score"":105,""total_won_score"":105,""lost_score"":92,""total_lost_score"":92,""rebounds"":52,""defensive_rebounds"":39,""offensive_rebounds"":13,""defensive_fouls"":20,""offensive_fouls"":1,""personal_fouls"":21,""fouls"":21,""assists"":21,""steals"":7,""blocks"":8,""turnovers"":13,""points_in_paint"":40,""second_chance_points"":7,""fast_break_points"":13}"
2025-26,2,9,regular_season,1405,2025-12-07,4,3,福爾摩沙夢想家,5,桃園台啤永豐雲豹,away,https://api.tpbl.basketball/api/games/1405/stats,34,55,89,34/89,38.2,25,22,47,25/47,53.2,9,33,42,9/42,21.4,15,8,23,15/23,65.2,92,92,105,105,54,33,21,21,2,22,23,14,8,6,12,44,17,6,"{""field_goals_made"":34,""field_goals_missed"":55,""field_goals_attempted"":89,""field_goals"":""34/89"",""field_goals_percentage"":""38.2"",""two_pointers_made"":25,""two_pointers_missed"":22,""two_pointers_attempted"":47,""two_pointers"":""25/47"",""two_pointers_percentage"":""53.2"",""three_pointers_made"":9,""three_pointers_missed"":33,""three_pointers_attempted"":42,""three_pointers"":""9/42"",""three_pointers_percentage"":""21.4"",""free_throws_made"":15,""free_throws_missed"":8,""free_throws_attempted"":23,""free_throws"":""15/23"",""free_throws_percentage"":""65.2"",""won_score"":92,""total_won_score"":92,""lost_score"":105,""total_lost_score"":105,""rebounds"":54,""defensive_rebounds"":33,""offensive_rebounds"":21,""defensive_fouls"":21,""offensive_fouls"":2,""personal_fouls"":22,""fouls"":23,""assists"":14,""steals"":8,""blocks"":6,""turnovers"":12,""points_in_paint"":44,""second_chance_points"":17,""fast_break_points"":6}"
2025-26,2,9,regular_season,1406,2025-12-07,5,8,臺北台新戰神,2,高雄全家海神,home,https://api.tpbl.basketball/api/games/1406/stats,35,39,74,35/74,47.3,27,22,49,27/49,55.1,8,17,25,8/25,32.0,18,10,28,18/28,64.3,96,96,91,91,52,40,12,19,3,20,22,21,11,2,30,54,12,4,"{""field_goals_made"":35,""field_goals_missed"":39,""field_goals_attempted"":74,""field_goals"":""35/74"",""field_goals_percentage"":""47.3"",""two_pointers_made"":27,""two_pointers_missed"":22,""two_pointers_attempted"":49,""two_pointers"":""27/49"",""two_pointers_percentage"":""55.1"",""three_pointers_made"":8,""three_pointers_missed"":17,""three_pointers_attempted"":25,""three_pointers"":""8/25"",""three_pointers_percentage"":""32.0"",""free_throws_made"":18,""free_throws_missed"":10,""free_throws_attempted"":28,""free_throws"":""18/28"",""free_throws_percentage"":""64.3"",""won_score"":96,""total_won_score"":96,""lost_score"":91,""total_lost_score"":91,""rebounds"":52,""defensive_rebounds"":40,""offensive_rebounds"":12,""defensive_fouls"":19,""offensive_fouls"":3,""personal_fouls"":20,""fouls"":22,""assists"":21,""steals"":11,""blocks"":2,""turnovers"":30,""points_in_paint"":54,""second_chance_points"":12,""fast_break_points"":4}"
2025-26,2,9,regular_season,1406,2025-12-07,5,2,高雄全家海神,8,臺北台新戰神,away,https://api.tpbl.basketball/api/games/1406/stats,32,53,85,32/85,37.6,22,20,42,22/42,52.4,10,33,43,10/43,23.3,17,7,24,17/24,70.8,91,91,96,96,45,30,15,23,0,23,23,20,15,1,22,44,15,13,"{""field_goals_made"":32,""field_goals_missed"":53,""field_goals_attempted"":85,""field_goals"":""32/85"",""field_goals_percentage"":""37.6"",""two_pointers_made"":22,""two_pointers_missed"":20,""two_pointers_attempted"":42,""two_pointers"":""22/42"",""two_pointers_percentage"":""52.4"",""three_pointers_made"":10,""three_pointers_missed"":33,""three_pointers_attempted"":43,""three_pointers"":""10/43"",""three_pointers_percentage"":""23.3"",""free_throws_made"":17,""free_throws_missed"":7,""free_throws_attempted"":24,""free_throws"":""17/24"",""free_throws_percentage"":""70.8"",""won_score"":91,""total_won_score"":91,""lost_score"":96,""total_lost_score"":96,""rebounds"":45,""defensive_rebounds"":30,""offensive_rebounds"":15,""defensive_fouls"":23,""offensive_fouls"":0,""personal_fouls"":23,""fouls"":23,""assists"":20,""steals"":15,""blocks"":1,""turnovers"":22,""points_in_paint"":44,""second_chance_points"":15,""fast_break_points"":13}"
2025-26,2,9,regular_season,1407,2025-12-13,4,2,高雄全家海神,4,新竹御嵿攻城獅,home,https://api.tpbl.basketball/api/games/1407/stats,36,42,78,36/78,46.2,25,25,50,25/50,50.0,11,17,28,11/28,39.3,16,2,18,16/18,88.9,99,99,89,89,33,22,11,23,3,25,26,21,12,0,12,44,11,9,"{""field_goals_made"":36,""field_goals_missed"":42,""field_goals_attempted"":78,""field_goals"":""36/78"",""field_goals_percentage"":""46.2"",""two_pointers_made"":25,""two_pointers_missed"":25,""two_pointers_attempted"":50,""two_pointers"":""25/50"",""two_pointers_percentage"":""50.0"",""three_pointers_made"":11,""three_pointers_missed"":17,""three_pointers_attempted"":28,""three_pointers"":""11/28"",""three_pointers_percentage"":""39.3"",""free_throws_made"":16,""free_throws_missed"":2,""free_throws_attempted"":18,""free_throws"":""16/18"",""free_throws_percentage"":""88.9"",""won_score"":99,""total_won_score"":99,""lost_score"":89,""total_lost_score"":89,""rebounds"":33,""defensive_rebounds"":22,""offensive_rebounds"":11,""defensive_fouls"":23,""offensive_fouls"":3,""personal_fouls"":25,""fouls"":26,""assists"":21,""steals"":12,""blocks"":0,""turnovers"":12,""points_in_paint"":44,""second_chance_points"":11,""fast_break_points"":9}"
2025-26,2,9,regular_season,1407,2025-12-13,4,4,新竹御嵿攻城獅,2,高雄全家海神,away,https://api.tpbl.basketball/api/games/1407/stats,34,35,69,34/69,49.3,24,15,39,24/39,61.5,10,20,30,10/30,33.3,11,8,19,11/19,57.9,89,89,99,99,47,33,14,16,3,19,19,16,9,5,26,40,13,12,"{""field_goals_made"":34,""field_goals_missed"":35,""field_goals_attempted"":69,""field_goals"":""34/69"",""field_goals_percentage"":""49.3"",""two_pointers_made"":24,""two_pointers_missed"":15,""two_pointers_attempted"":39,""two_pointers"":""24/39"",""two_pointers_percentage"":""61.5"",""three_pointers_made"":10,""three_pointers_missed"":20,""three_pointers_attempted"":30,""three_pointers"":""10/30"",""three_pointers_percentage"":""33.3"",""free_throws_made"":11,""free_throws_missed"":8,""free_throws_attempted"":19,""free_throws"":""11/19"",""free_throws_percentage"":""57.9"",""won_score"":89,""total_won_score"":89,""lost_score"":99,""total_lost_score"":99,""rebounds"":47,""defensive_rebounds"":33,""offensive_rebounds"":14,""defensive_fouls"":16,""offensive_fouls"":3,""personal_fouls"":19,""fouls"":19,""assists"":16,""steals"":9,""blocks"":5,""turnovers"":26,""points_in_paint"":40,""second_chance_points"":13,""fast_break_points"":12}"
2025-26,2,9,regular_season,1408,2025-12-13,4,6,新北中信特攻,5,桃園台啤永豐雲豹,home,https://api.tpbl.basketball/api/games/1408/stats,32,46,78,32/78,41.0,26,28,54,26/54,48.1,6,18,24,6/24,25.0,15,9,24,15/24,62.5,85,85,75,75,61,45,16,12,2,14,14,17,6,6,20,44,16,12,"{""field_goals_made"":32,""field_goals_missed"":46,""field_goals_attempted"":78,""field_goals"":""32/78"",""field_goals_percentage"":""41.0"",""two_pointers_made"":26,""two_pointers_missed"":28,""two_pointers_attempted"":54,""two_pointers"":""26/54"",""two_pointers_percentage"":""48.1"",""three_pointers_made"":6,""three_pointers_missed"":18,""three_pointers_attempted"":24,""three_pointers"":""6/24"",""three_pointers_percentage"":""25.0"",""free_throws_made"":15,""free_throws_missed"":9,""free_throws_attempted"":24,""free_throws"":""15/24"",""free_throws_percentage"":""62.5"",""won_score"":85,""total_won_score"":85,""lost_score"":75,""total_lost_score"":75,""rebounds"":61,""defensive_rebounds"":45,""offensive_rebounds"":16,""defensive_fouls"":12,""offensive_fouls"":2,""personal_fouls"":14,""fouls"":14,""assists"":17,""steals"":6,""blocks"":6,""turnovers"":20,""points_in_paint"":44,""second_chance_points"":16,""fast_break_points"":12}"
2025-26,2,9,regular_season,1408,2025-12-13,4,5,桃園台啤永豐雲豹,6,新北中信特攻,away,https://api.tpbl.basketball/api/games/1408/stats,28,60,88,28/88,31.8,18,25,43,18/43,41.9,10,35,45,10/45,22.2,9,0,9,9/9,100.0,75,75,85,85,43,30,13,19,1,20,20,18,6,1,14,26,7,11,"{""field_goals_made"":28,""field_goals_missed"":60,""field_goals_attempted"":88,""field_goals"":""28/88"",""field_goals_percentage"":""31.8"",""two_pointers_made"":18,""two_pointers_missed"":25,""two_pointers_attempted"":43,""two_pointers"":""18/43"",""two_pointers_percentage"":""41.9"",""three_pointers_made"":10,""three_pointers_missed"":35,""three_pointers_attempted"":45,""three_pointers"":""10/45"",""three_pointers_percentage"":""22.2"",""free_throws_made"":9,""free_throws_missed"":0,""free_throws_attempted"":9,""free_throws"":""9/9"",""free_throws_percentage"":""100.0"",""won_score"":75,""total_won_score"":75,""lost_score"":85,""total_lost_score"":85,""rebounds"":43,""defensive_rebounds"":30,""offensive_rebounds"":13,""defensive_fouls"":19,""offensive_fouls"":1,""personal_fouls"":20,""fouls"":20,""assists"":18,""steals"":6,""blocks"":1,""turnovers"":14,""points_in_paint"":26,""second_chance_points"":7,""fast_break_points"":11}"
2025-26,2,9,regular_season,1409,2025-12-14,4,2,高雄全家海神,3,福爾摩沙夢想家,home,https://api.tpbl.basketball/api/games/1409/stats,28,49,77,28/77,36.4,19,30,49,19/49,38.8,9,19,28,9/28,32.1,8,4,12,8/12,66.7,73,73,99,99,44,34,10,17,0,16,17,15,4,1,18,30,6,6,"{""field_goals_made"":28,""field_goals_missed"":49,""field_goals_attempted"":77,""field_goals"":""28/77"",""field_goals_percentage"":""36.4"",""two_pointers_made"":19,""two_pointers_missed"":30,""two_pointers_attempted"":49,""two_pointers"":""19/49"",""two_pointers_percentage"":""38.8"",""three_pointers_made"":9,""three_pointers_missed"":19,""three_pointers_attempted"":28,""three_pointers"":""9/28"",""three_pointers_percentage"":""32.1"",""free_throws_made"":8,""free_throws_missed"":4,""free_throws_attempted"":12,""free_throws"":""8/12"",""free_throws_percentage"":""66.7"",""won_score"":73,""total_won_score"":73,""lost_score"":99,""total_lost_score"":99,""rebounds"":44,""defensive_rebounds"":34,""offensive_rebounds"":10,""defensive_fouls"":17,""offensive_fouls"":0,""personal_fouls"":16,""fouls"":17,""assists"":15,""steals"":4,""blocks"":1,""turnovers"":18,""points_in_paint"":30,""second_chance_points"":6,""fast_break_points"":6}"
2025-26,2,9,regular_season,1409,2025-12-14,4,3,福爾摩沙夢想家,2,高雄全家海神,away,https://api.tpbl.basketball/api/games/1409/stats,40,45,85,40/85,47.1,31,22,53,31/53,58.5,9,23,32,9/32,28.1,10,4,14,10/14,71.4,99,99,73,73,51,38,13,15,2,17,17,19,13,8,9,54,15,11,"{""field_goals_made"":40,""field_goals_missed"":45,""field_goals_attempted"":85,""field_goals"":""40/85"",""field_goals_percentage"":""47.1"",""two_pointers_made"":31,""two_pointers_missed"":22,""two_pointers_attempted"":53,""two_pointers"":""31/53"",""two_pointers_percentage"":""58.5"",""three_pointers_made"":9,""three_pointers_missed"":23,""three_pointers_attempted"":32,""three_pointers"":""9/32"",""three_pointers_percentage"":""28.1"",""free_throws_made"":10,""free_throws_missed"":4,""free_throws_attempted"":14,""free_throws"":""10/14"",""free_throws_percentage"":""71.4"",""won_score"":99,""total_won_score"":99,""lost_score"":73,""total_lost_score"":73,""rebounds"":51,""defensive_rebounds"":38,""offensive_rebounds"":13,""defensive_fouls"":15,""offensive_fouls"":2,""personal_fouls"":17,""fouls"":17,""assists"":19,""steals"":13,""blocks"":8,""turnovers"":9,""points_in_paint"":54,""second_chance_points"":15,""fast_break_points"":11}"
2025-26,2,9,regular_season,1410,2025-12-14,4,6,新北中信特攻,7,新北國王,home,https://api.tpbl.basketball/api/games/1410/stats,47,43,90,47/90,52.2,35,25,60,35/60,58.3,12,18,30,12/30,40.0,8,1,9,8/9,88.9,114,114,111,111,50,34,16,16,0,16,16,33,9,2,13,68,15,12,"{""field_goals_made"":47,""field_goals_missed"":43,""field_goals_attempted"":90,""field_goals"":""47/90"",""field_goals_percentage"":""52.2"",""two_pointers_made"":35,""two_pointers_missed"":25,""two_pointers_attempted"":60,""two_pointers"":""35/60"",""two_pointers_percentage"":""58.3"",""three_pointers_made"":12,""three_pointers_missed"":18,""three_pointers_attempted"":30,""three_pointers"":""12/30"",""three_pointers_percentage"":""40.0"",""free_throws_made"":8,""free_throws_missed"":1,""free_throws_attempted"":9,""free_throws"":""8/9"",""free_throws_percentage"":""88.9"",""won_score"":114,""total_won_score"":114,""lost_score"":111,""total_lost_score"":111,""rebounds"":50,""defensive_rebounds"":34,""offensive_rebounds"":16,""defensive_fouls"":16,""offensive_fouls"":0,""personal_fouls"":16,""fouls"":16,""assists"":33,""steals"":9,""blocks"":2,""turnovers"":13,""points_in_paint"":68,""second_chance_points"":15,""fast_break_points"":12}"
2025-26,2,9,regular_season,1410,2025-12-14,4,7,新北國王,6,新北中信特攻,away,https://api.tpbl.basketball/api/games/1410/stats,42,39,81,42/81,51.9,25,17,42,25/42,59.5,17,22,39,17/39,43.6,10,6,16,10/16,62.5,111,111,114,114,35,27,8,15,0,15,15,19,7,2,13,44,7,11,"{""field_goals_made"":42,""field_goals_missed"":39,""field_goals_attempted"":81,""field_goals"":""42/81"",""field_goals_percentage"":""51.9"",""two_pointers_made"":25,""two_pointers_missed"":17,""two_pointers_attempted"":42,""two_pointers"":""25/42"",""two_pointers_percentage"":""59.5"",""three_pointers_made"":17,""three_pointers_missed"":22,""three_pointers_attempted"":39,""three_pointers"":""17/39"",""three_pointers_percentage"":""43.6"",""free_throws_made"":10,""free_throws_missed"":6,""free_throws_attempted"":16,""free_throws"":""10/16"",""free_throws_percentage"":""62.5"",""won_score"":111,""total_won_score"":111,""lost_score"":114,""total_lost_score"":114,""rebounds"":35,""defensive_rebounds"":27,""offensive_rebounds"":8,""defensive_fouls"":15,""offensive_fouls"":0,""personal_fouls"":15,""fouls"":15,""assists"":19,""steals"":7,""blocks"":2,""turnovers"":13,""points_in_paint"":44,""second_chance_points"":7,""fast_break_points"":11}"
2025-26,2,9,regular_season,1411,2025-12-20,4,7,新北國王,5,桃園台啤永豐雲豹,home,https://api.tpbl.basketball/api/games/1411/stats,47,44,91,47/91,51.6,29,22,51,29/51,56.9,18,22,40,18/40,45.0,13,4,17,13/17,76.5,125,125,103,103,55,40,15,20,1,21,21,29,7,3,12,44,19,19,"{""field_goals_made"":47,""field_goals_missed"":44,""field_goals_attempted"":91,""field_goals"":""47/91"",""field_goals_percentage"":""51.6"",""two_pointers_made"":29,""two_pointers_missed"":22,""two_pointers_attempted"":51,""two_pointers"":""29/51"",""two_pointers_percentage"":""56.9"",""three_pointers_made"":18,""three_pointers_missed"":22,""three_pointers_attempted"":40,""three_pointers"":""18/40"",""three_pointers_percentage"":""45.0"",""free_throws_made"":13,""free_throws_missed"":4,""free_throws_attempted"":17,""free_throws"":""13/17"",""free_throws_percentage"":""76.5"",""won_score"":125,""total_won_score"":125,""lost_score"":103,""total_lost_score"":103,""rebounds"":55,""defensive_rebounds"":40,""offensive_rebounds"":15,""defensive_fouls"":20,""offensive_fouls"":1,""personal_fouls"":21,""fouls"":21,""assists"":29,""steals"":7,""blocks"":3,""turnovers"":12,""points_in_paint"":44,""second_chance_points"":19,""fast_break_points"":19}"
2025-26,2,9,regular_season,1411,2025-12-20,4,5,桃園台啤永豐雲豹,7,新北國王,away,https://api.tpbl.basketball/api/games/1411/stats,38,47,85,38/85,44.7,23,31,54,23/54,42.6,15,16,31,15/31,48.4,12,6,18,12/18,66.7,103,103,125,125,41,31,10,14,0,13,14,24,6,5,11,34,9,12,"{""field_goals_made"":38,""field_goals_missed"":47,""field_goals_attempted"":85,""field_goals"":""38/85"",""field_goals_percentage"":""44.7"",""two_pointers_made"":23,""two_pointers_missed"":31,""two_pointers_attempted"":54,""two_pointers"":""23/54"",""two_pointers_percentage"":""42.6"",""three_pointers_made"":15,""three_pointers_missed"":16,""three_pointers_attempted"":31,""three_pointers"":""15/31"",""three_pointers_percentage"":""48.4"",""free_throws_made"":12,""free_throws_missed"":6,""free_throws_attempted"":18,""free_throws"":""12/18"",""free_throws_percentage"":""66.7"",""won_score"":103,""total_won_score"":103,""lost_score"":125,""total_lost_score"":125,""rebounds"":41,""defensive_rebounds"":31,""offensive_rebounds"":10,""defensive_fouls"":14,""offensive_fouls"":0,""personal_fouls"":13,""fouls"":14,""assists"":24,""steals"":6,""blocks"":5,""turnovers"":11,""points_in_paint"":34,""second_chance_points"":9,""fast_break_points"":12}"
2025-26,2,9,regular_season,1412,2025-12-20,4,4,新竹御嵿攻城獅,3,福爾摩沙夢想家,home,https://api.tpbl.basketball/api/games/1412/stats,34,51,85,34/85,40.0,21,30,51,21/51,41.2,13,21,34,13/34,38.2,9,8,17,9/17,52.9,90,90,85,85,42,30,12,14,3,17,17,26,11,7,9,28,14,11,"{""field_goals_made"":34,""field_goals_missed"":51,""field_goals_attempted"":85,""field_goals"":""34/85"",""field_goals_percentage"":""40.0"",""two_pointers_made"":21,""two_pointers_missed"":30,""two_pointers_attempted"":51,""two_pointers"":""21/51"",""two_pointers_percentage"":""41.2"",""three_pointers_made"":13,""three_pointers_missed"":21,""three_pointers_attempted"":34,""three_pointers"":""13/34"",""three_pointers_percentage"":""38.2"",""free_throws_made"":9,""free_throws_missed"":8,""free_throws_attempted"":17,""free_throws"":""9/17"",""free_throws_percentage"":""52.9"",""won_score"":90,""total_won_score"":90,""lost_score"":85,""total_lost_score"":85,""rebounds"":42,""defensive_rebounds"":30,""offensive_rebounds"":12,""defensive_fouls"":14,""offensive_fouls"":3,""personal_fouls"":17,""fouls"":17,""assists"":26,""steals"":11,""blocks"":7,""turnovers"":9,""points_in_paint"":28,""second_chance_points"":14,""fast_break_points"":11}"
2025-26,2,9,regular_season,1412,2025-12-20,4,3,福爾摩沙夢想家,4,新竹御嵿攻城獅,away,https://api.tpbl.basketball/api/games/1412/stats,32,42,74,32/74,43.2,22,25,47,22/47,46.8,10,17,27,10/27,37.0,11,2,13,11/13,84.6,85,85,90,90,53,41,12,18,1,17,19,21,4,6,23,28,12,11,"{""field_goals_made"":32,""field_goals_missed"":42,""field_goals_attempted"":74,""field_goals"":""32/74"",""field_goals_percentage"":""43.2"",""two_pointers_made"":22,""two_pointers_missed"":25,""two_pointers_attempted"":47,""two_pointers"":""22/47"",""two_pointers_percentage"":""46.8"",""three_pointers_made"":10,""three_pointers_missed"":17,""three_pointers_attempted"":27,""three_pointers"":""10/27"",""three_pointers_percentage"":""37.0"",""free_throws_made"":11,""free_throws_missed"":2,""free_throws_attempted"":13,""free_throws"":""11/13"",""free_throws_percentage"":""84.6"",""won_score"":85,""total_won_score"":85,""lost_score"":90,""total_lost_score"":90,""rebounds"":53,""defensive_rebounds"":41,""offensive_rebounds"":12,""defensive_fouls"":18,""offensive_fouls"":1,""personal_fouls"":17,""fouls"":19,""assists"":21,""steals"":4,""blocks"":6,""turnovers"":23,""points_in_paint"":28,""second_chance_points"":12,""fast_break_points"":11}"
2025-26,2,9,regular_season,1413,2025-12-21,4,7,新北國王,6,新北中信特攻,home,https://api.tpbl.basketball/api/games/1413/stats,30,50,80,30/80,37.5,22,31,53,22/53,41.5,8,19,27,8/27,29.6,17,2,19,17/19,89.5,85,85,78,78,54,42,12,21,0,21,21,20,5,4,16,30,11,12,"{""field_goals_made"":30,""field_goals_missed"":50,""field_goals_attempted"":80,""field_goals"":""30/80"",""field_goals_percentage"":""37.5"",""two_pointers_made"":22,""two_pointers_missed"":31,""two_pointers_attempted"":53,""two_pointers"":""22/53"",""two_pointers_percentage"":""41.5"",""three_pointers_made"":8,""three_pointers_missed"":19,""three_pointers_attempted"":27,""three_pointers"":""8/27"",""three_pointers_percentage"":""29.6"",""free_throws_made"":17,""free_throws_missed"":2,""free_throws_attempted"":19,""free_throws"":""17/19"",""free_throws_percentage"":""89.5"",""won_score"":85,""total_won_score"":85,""lost_score"":78,""total_lost_score"":78,""rebounds"":54,""defensive_rebounds"":42,""offensive_rebounds"":12,""defensive_fouls"":21,""offensive_fouls"":0,""personal_fouls"":21,""fouls"":21,""assists"":20,""steals"":5,""blocks"":4,""turnovers"":16,""points_in_paint"":30,""second_chance_points"":11,""fast_break_points"":12}"
2025-26,2,9,regular_season,1413,2025-12-21,4,6,新北中信特攻,7,新北國王,away,https://api.tpbl.basketball/api/games/1413/stats,26,59,85,26/85,30.6,19,33,52,19/52,36.5,7,26,33,7/33,21.2,19,4,23,19/23,82.6,78,78,85,85,58,37,21,17,2,19,19,18,13,2,20,38,17,13,"{""field_goals_made"":26,""field_goals_missed"":59,""field_goals_attempted"":85,""field_goals"":""26/85"",""field_goals_percentage"":""30.6"",""two_pointers_made"":19,""two_pointers_missed"":33,""two_pointers_attempted"":52,""two_pointers"":""19/52"",""two_pointers_percentage"":""36.5"",""three_pointers_made"":7,""three_pointers_missed"":26,""three_pointers_attempted"":33,""three_pointers"":""7/33"",""three_pointers_percentage"":""21.2"",""free_throws_made"":19,""free_throws_missed"":4,""free_throws_attempted"":23,""free_throws"":""19/23"",""free_throws_percentage"":""82.6"",""won_score"":78,""total_won_score"":78,""lost_score"":85,""total_lost_score"":85,""rebounds"":58,""defensive_rebounds"":37,""offensive_rebounds"":21,""defensive_fouls"":17,""offensive_fouls"":2,""personal_fouls"":19,""fouls"":19,""assists"":18,""steals"":13,""blocks"":2,""turnovers"":20,""points_in_paint"":38,""second_chance_points"":17,""fast_break_points"":13}"
2025-26,2,9,regular_season,1414,2025-12-21,4,4,新竹御嵿攻城獅,8,臺北台新戰神,home,https://api.tpbl.basketball/api/games/1414/stats,31,42,73,31/73,42.5,25,18,43,25/43,58.1,6,24,30,6/30,20.0,15,14,29,15/29,51.7,83,83,94,94,42,32,10,23,0,23,23,21,7,3,13,42,9,15,"{""field_goals_made"":31,""field_goals_missed"":42,""field_goals_attempted"":73,""field_goals"":""31/73"",""field_goals_percentage"":""42.5"",""two_pointers_made"":25,""two_pointers_missed"":18,""two_pointers_attempted"":43,""two_pointers"":""25/43"",""two_pointers_percentage"":""58.1"",""three_pointers_made"":6,""three_pointers_missed"":24,""three_pointers_attempted"":30,""three_pointers"":""6/30"",""three_pointers_percentage"":""20.0"",""free_throws_made"":15,""free_throws_missed"":14,""free_throws_attempted"":29,""free_throws"":""15/29"",""free_throws_percentage"":""51.7"",""won_score"":83,""total_won_score"":83,""lost_score"":94,""total_lost_score"":94,""rebounds"":42,""defensive_rebounds"":32,""offensive_rebounds"":10,""defensive_fouls"":23,""offensive_fouls"":0,""personal_fouls"":23,""fouls"":23,""assists"":21,""steals"":7,""blocks"":3,""turnovers"":13,""points_in_paint"":42,""second_chance_points"":9,""fast_break_points"":15}"
2025-26,2,9,regular_season,1414,2025-12-21,4,8,臺北台新戰神,4,新竹御嵿攻城獅,away,https://api.tpbl.basketball/api/games/1414/stats,32,47,79,32/79,40.5,24,31,55,24/55,43.6,8,16,24,8/24,33.3,22,6,28,22/28,78.6,94,94,83,83,56,37,19,23,1,20,24,20,7,1,14,40,13,11,"{""field_goals_made"":32,""field_goals_missed"":47,""field_goals_attempted"":79,""field_goals"":""32/79"",""field_goals_percentage"":""40.5"",""two_pointers_made"":24,""two_pointers_missed"":31,""two_pointers_attempted"":55,""two_pointers"":""24/55"",""two_pointers_percentage"":""43.6"",""three_pointers_made"":8,""three_pointers_missed"":16,""three_pointers_attempted"":24,""three_pointers"":""8/24"",""three_pointers_percentage"":""33.3"",""free_throws_made"":22,""free_throws_missed"":6,""free_throws_attempted"":28,""free_throws"":""22/28"",""free_throws_percentage"":""78.6"",""won_score"":94,""total_won_score"":94,""lost_score"":83,""total_lost_score"":83,""rebounds"":56,""defensive_rebounds"":37,""offensive_rebounds"":19,""defensive_fouls"":23,""offensive_fouls"":1,""personal_fouls"":20,""fouls"":24,""assists"":20,""steals"":7,""blocks"":1,""turnovers"":14,""points_in_paint"":40,""second_chance_points"":13,""fast_break_points"":11}"
2025-26,2,9,regular_season,1415,2025-12-24,4,4,新竹御嵿攻城獅,5,桃園台啤永豐雲豹,home,https://api.tpbl.basketball/api/games/1415/stats,36,46,82,36/82,43.9,23,25,48,23/48,47.9,13,21,34,13/34,38.2,13,8,21,13/21,61.9,98,98,82,82,47,36,11,19,1,20,20,29,10,3,15,38,12,6,"{""field_goals_made"":36,""field_goals_missed"":46,""field_goals_attempted"":82,""field_goals"":""36/82"",""field_goals_percentage"":""43.9"",""two_pointers_made"":23,""two_pointers_missed"":25,""two_pointers_attempted"":48,""two_pointers"":""23/48"",""two_pointers_percentage"":""47.9"",""three_pointers_made"":13,""three_pointers_missed"":21,""three_pointers_attempted"":34,""three_pointers"":""13/34"",""three_pointers_percentage"":""38.2"",""free_throws_made"":13,""free_throws_missed"":8,""free_throws_attempted"":21,""free_throws"":""13/21"",""free_throws_percentage"":""61.9"",""won_score"":98,""total_won_score"":98,""lost_score"":82,""total_lost_score"":82,""rebounds"":47,""defensive_rebounds"":36,""offensive_rebounds"":11,""defensive_fouls"":19,""offensive_fouls"":1,""personal_fouls"":20,""fouls"":20,""assists"":29,""steals"":10,""blocks"":3,""turnovers"":15,""points_in_paint"":38,""second_chance_points"":12,""fast_break_points"":6}"
2025-26,2,9,regular_season,1415,2025-12-24,4,5,桃園台啤永豐雲豹,4,新竹御嵿攻城獅,away,https://api.tpbl.basketball/api/games/1415/stats,30,50,80,30/80,37.5,25,26,51,25/51,49.0,5,24,29,5/29,17.2,17,9,26,17/26,65.4,82,82,98,98,56,40,16,20,1,20,21,15,9,6,20,44,20,2,"{""field_goals_made"":30,""field_goals_missed"":50,""field_goals_attempted"":80,""field_goals"":""30/80"",""field_goals_percentage"":""37.5"",""two_pointers_made"":25,""two_pointers_missed"":26,""two_pointers_attempted"":51,""two_pointers"":""25/51"",""two_pointers_percentage"":""49.0"",""three_pointers_made"":5,""three_pointers_missed"":24,""three_pointers_attempted"":29,""three_pointers"":""5/29"",""three_pointers_percentage"":""17.2"",""free_throws_made"":17,""free_throws_missed"":9,""free_throws_attempted"":26,""free_throws"":""17/26"",""free_throws_percentage"":""65.4"",""won_score"":82,""total_won_score"":82,""lost_score"":98,""total_lost_score"":98,""rebounds"":56,""defensive_rebounds"":40,""offensive_rebounds"":16,""defensive_fouls"":20,""offensive_fouls"":1,""personal_fouls"":20,""fouls"":21,""assists"":15,""steals"":9,""blocks"":6,""turnovers"":20,""points_in_paint"":44,""second_chance_points"":20,""fast_break_points"":2}"
2025-26,2,9,regular_season,1416,2025-12-27,4,3,福爾摩沙夢想家,8,臺北台新戰神,home,https://api.tpbl.basketball/api/games/1416/stats,31,40,71,31/71,43.7,17,21,38,17/38,44.7,14,19,33,14/33,42.4,32,12,44,32/44,72.7,108,108,98,98,57,39,18,13,2,15,15,25,13,7,17,26,17,6,"{""field_goals_made"":31,""field_goals_missed"":40,""field_goals_attempted"":71,""field_goals"":""31/71"",""field_goals_percentage"":""43.7"",""two_pointers_made"":17,""two_pointers_missed"":21,""two_pointers_attempted"":38,""two_pointers"":""17/38"",""two_pointers_percentage"":""44.7"",""three_pointers_made"":14,""three_pointers_missed"":19,""three_pointers_attempted"":33,""three_pointers"":""14/33"",""three_pointers_percentage"":""42.4"",""free_throws_made"":32,""free_throws_missed"":12,""free_throws_attempted"":44,""free_throws"":""32/44"",""free_throws_percentage"":""72.7"",""won_score"":108,""total_won_score"":108,""lost_score"":98,""total_lost_score"":98,""rebounds"":57,""defensive_rebounds"":39,""offensive_rebounds"":18,""defensive_fouls"":13,""offensive_fouls"":2,""personal_fouls"":15,""fouls"":15,""assists"":25,""steals"":13,""blocks"":7,""turnovers"":17,""points_in_paint"":26,""second_chance_points"":17,""fast_break_points"":6}"
2025-26,2,9,regular_season,1416,2025-12-27,4,8,臺北台新戰神,3,福爾摩沙夢想家,away,https://api.tpbl.basketball/api/games/1416/stats,36,49,85,36/85,42.4,24,27,51,24/51,47.1,12,22,34,12/34,35.3,14,7,21,14/21,66.7,98,98,108,108,42,27,15,30,0,30,30,24,10,2,14,34,10,16,"{""field_goals_made"":36,""field_goals_missed"":49,""field_goals_attempted"":85,""field_goals"":""36/85"",""field_goals_percentage"":""42.4"",""two_pointers_made"":24,""two_pointers_missed"":27,""two_pointers_attempted"":51,""two_pointers"":""24/51"",""two_pointers_percentage"":""47.1"",""three_pointers_made"":12,""three_pointers_missed"":22,""three_pointers_attempted"":34,""three_pointers"":""12/34"",""three_pointers_percentage"":""35.3"",""free_throws_made"":14,""free_throws_missed"":7,""free_throws_attempted"":21,""free_throws"":""14/21"",""free_throws_percentage"":""66.7"",""won_score"":98,""total_won_score"":98,""lost_score"":108,""total_lost_score"":108,""rebounds"":42,""defensive_rebounds"":27,""offensive_rebounds"":15,""defensive_fouls"":30,""offensive_fouls"":0,""personal_fouls"":30,""fouls"":30,""assists"":24,""steals"":10,""blocks"":2,""turnovers"":14,""points_in_paint"":34,""second_chance_points"":10,""fast_break_points"":16}"
2025-26,2,9,regular_season,1417,2025-12-27,4,7,新北國王,4,新竹御嵿攻城獅,home,https://api.tpbl.basketball/api/games/1417/stats,37,53,90,37/90,41.1,32,28,60,32/60,53.3,5,25,30,5/30,16.7,11,1,12,11/12,91.7,90,90,97,97,51,34,17,21,0,21,21,20,6,5,9,48,20,13,"{""field_goals_made"":37,""field_goals_missed"":53,""field_goals_attempted"":90,""field_goals"":""37/90"",""field_goals_percentage"":""41.1"",""two_pointers_made"":32,""two_pointers_missed"":28,""two_pointers_attempted"":60,""two_pointers"":""32/60"",""two_pointers_percentage"":""53.3"",""three_pointers_made"":5,""three_pointers_missed"":25,""three_pointers_attempted"":30,""three_pointers"":""5/30"",""three_pointers_percentage"":""16.7"",""free_throws_made"":11,""free_throws_missed"":1,""free_throws_attempted"":12,""free_throws"":""11/12"",""free_throws_percentage"":""91.7"",""won_score"":90,""total_won_score"":90,""lost_score"":97,""total_lost_score"":97,""rebounds"":51,""defensive_rebounds"":34,""offensive_rebounds"":17,""defensive_fouls"":21,""offensive_fouls"":0,""personal_fouls"":21,""fouls"":21,""assists"":20,""steals"":6,""blocks"":5,""turnovers"":9,""points_in_paint"":48,""second_chance_points"":20,""fast_break_points"":13}"
2025-26,2,9,regular_season,1417,2025-12-27,4,4,新竹御嵿攻城獅,7,新北國王,away,https://api.tpbl.basketball/api/games/1417/stats,37,39,76,37/76,48.7,26,21,47,26/47,55.3,11,18,29,11/29,37.9,12,9,21,12/21,57.1,97,97,90,90,46,36,10,13,1,14,14,24,5,7,12,46,18,7,"{""field_goals_made"":37,""field_goals_missed"":39,""field_goals_attempted"":76,""field_goals"":""37/76"",""field_goals_percentage"":""48.7"",""two_pointers_made"":26,""two_pointers_missed"":21,""two_pointers_attempted"":47,""two_pointers"":""26/47"",""two_pointers_percentage"":""55.3"",""three_pointers_made"":11,""three_pointers_missed"":18,""three_pointers_attempted"":29,""three_pointers"":""11/29"",""three_pointers_percentage"":""37.9"",""free_throws_made"":12,""free_throws_missed"":9,""free_throws_attempted"":21,""free_throws"":""12/21"",""free_throws_percentage"":""57.1"",""won_score"":97,""total_won_score"":97,""lost_score"":90,""total_lost_score"":90,""rebounds"":46,""defensive_rebounds"":36,""offensive_rebounds"":10,""defensive_fouls"":13,""offensive_fouls"":1,""personal_fouls"":14,""fouls"":14,""assists"":24,""steals"":5,""blocks"":7,""turnovers"":12,""points_in_paint"":46,""second_chance_points"":18,""fast_break_points"":7}"
2025-26,2,9,regular_season,1418,2025-12-28,4,3,福爾摩沙夢想家,6,新北中信特攻,home,https://api.tpbl.basketball/api/games/1418/stats,37,54,91,37/91,40.7,24,23,47,24/47,51.1,13,31,44,13/44,29.5,17,8,25,17/25,68.0,104,104,118,118,53,32,21,20,1,19,21,15,13,3,24,42,19,11,"{""field_goals_made"":37,""field_goals_missed"":54,""field_goals_attempted"":91,""field_goals"":""37/91"",""field_goals_percentage"":""40.7"",""two_pointers_made"":24,""two_pointers_missed"":23,""two_pointers_attempted"":47,""two_pointers"":""24/47"",""two_pointers_percentage"":""51.1"",""three_pointers_made"":13,""three_pointers_missed"":31,""three_pointers_attempted"":44,""three_pointers"":""13/44"",""three_pointers_percentage"":""29.5"",""free_throws_made"":17,""free_throws_missed"":8,""free_throws_attempted"":25,""free_throws"":""17/25"",""free_throws_percentage"":""68.0"",""won_score"":104,""total_won_score"":104,""lost_score"":118,""total_lost_score"":118,""rebounds"":53,""defensive_rebounds"":32,""offensive_rebounds"":21,""defensive_fouls"":20,""offensive_fouls"":1,""personal_fouls"":19,""fouls"":21,""assists"":15,""steals"":13,""blocks"":3,""turnovers"":24,""points_in_paint"":42,""second_chance_points"":19,""fast_break_points"":11}"
2025-26,2,9,regular_season,1418,2025-12-28,4,6,新北中信特攻,3,福爾摩沙夢想家,away,https://api.tpbl.basketball/api/games/1418/stats,41,48,89,41/89,46.1,23,20,43,23/43,53.5,18,28,46,18/46,39.1,18,6,24,18/24,75.0,118,118,104,104,53,36,17,21,0,20,21,26,16,2,23,46,11,27,"{""field_goals_made"":41,""field_goals_missed"":48,""field_goals_attempted"":89,""field_goals"":""41/89"",""field_goals_percentage"":""46.1"",""two_pointers_made"":23,""two_pointers_missed"":20,""two_pointers_attempted"":43,""two_pointers"":""23/43"",""two_pointers_percentage"":""53.5"",""three_pointers_made"":18,""three_pointers_missed"":28,""three_pointers_attempted"":46,""three_pointers"":""18/46"",""three_pointers_percentage"":""39.1"",""free_throws_made"":18,""free_throws_missed"":6,""free_throws_attempted"":24,""free_throws"":""18/24"",""free_throws_percentage"":""75.0"",""won_score"":118,""total_won_score"":118,""lost_score"":104,""total_lost_score"":104,""rebounds"":53,""defensive_rebounds"":36,""offensive_rebounds"":17,""defensive_fouls"":21,""offensive_fouls"":0,""personal_fouls"":20,""fouls"":21,""assists"":26,""steals"":16,""blocks"":2,""turnovers"":23,""points_in_paint"":46,""second_chance_points"":11,""fast_break_points"":27}"
2025-26,2,9,regular_season,1419,2025-12-28,4,7,新北國王,2,高雄全家海神,home,https://api.tpbl.basketball/api/games/1419/stats,31,45,76,31/76,40.8,22,23,45,22/45,48.9,9,22,31,9/31,29.0,15,7,22,15/22,68.2,86,86,82,82,39,29,10,17,1,17,18,17,9,3,10,30,17,6,"{""field_goals_made"":31,""field_goals_missed"":45,""field_goals_attempted"":76,""field_goals"":""31/76"",""field_goals_percentage"":""40.8"",""two_pointers_made"":22,""two_pointers_missed"":23,""two_pointers_attempted"":45,""two_pointers"":""22/45"",""two_pointers_percentage"":""48.9"",""three_pointers_made"":9,""three_pointers_missed"":22,""three_pointers_attempted"":31,""three_pointers"":""9/31"",""three_pointers_percentage"":""29.0"",""free_throws_made"":15,""free_throws_missed"":7,""free_throws_attempted"":22,""free_throws"":""15/22"",""free_throws_percentage"":""68.2"",""won_score"":86,""total_won_score"":86,""lost_score"":82,""total_lost_score"":82,""rebounds"":39,""defensive_rebounds"":29,""offensive_rebounds"":10,""defensive_fouls"":17,""offensive_fouls"":1,""personal_fouls"":17,""fouls"":18,""assists"":17,""steals"":9,""blocks"":3,""turnovers"":10,""points_in_paint"":30,""second_chance_points"":17,""fast_break_points"":6}"
2025-26,2,9,regular_season,1419,2025-12-28,4,2,高雄全家海神,7,新北國王,away,https://api.tpbl.basketball/api/games/1419/stats,29,44,73,29/73,39.7,22,18,40,22/40,55.0,7,26,33,7/33,21.2,17,4,21,17/21,81.0,82,82,86,86,50,35,15,18,2,18,20,14,6,1,19,36,9,4,"{""field_goals_made"":29,""field_goals_missed"":44,""field_goals_attempted"":73,""field_goals"":""29/73"",""field_goals_percentage"":""39.7"",""two_pointers_made"":22,""two_pointers_missed"":18,""two_pointers_attempted"":40,""two_pointers"":""22/40"",""two_pointers_percentage"":""55.0"",""three_pointers_made"":7,""three_pointers_missed"":26,""three_pointers_attempted"":33,""three_pointers"":""7/33"",""three_pointers_percentage"":""21.2"",""free_throws_made"":17,""free_throws_missed"":4,""free_throws_attempted"":21,""free_throws"":""17/21"",""free_throws_percentage"":""81.0"",""won_score"":82,""total_won_score"":82,""lost_score"":86,""total_lost_score"":86,""rebounds"":50,""defensive_rebounds"":35,""offensive_rebounds"":15,""defensive_fouls"":18,""offensive_fouls"":2,""personal_fouls"":18,""fouls"":20,""assists"":14,""steals"":6,""blocks"":1,""turnovers"":19,""points_in_paint"":36,""second_chance_points"":9,""fast_break_points"":4}"
2025-26,2,9,regular_season,1420,2025-12-31,4,6,新北中信特攻,7,新北國王,home,https://api.tpbl.basketball/api/games/1420/stats,36,43,79,36/79,45.6,28,22,50,28/50,56.0,8,21,29,8/29,27.6,14,6,20,14/20,70.0,94,94,82,82,49,41,8,17,1,18,18,27,9,0,13,48,7,16,"{""field_goals_made"":36,""field_goals_missed"":43,""field_goals_attempted"":79,""field_goals"":""36/79"",""field_goals_percentage"":""45.6"",""two_pointers_made"":28,""two_pointers_missed"":22,""two_pointers_attempted"":50,""two_pointers"":""28/50"",""two_pointers_percentage"":""56.0"",""three_pointers_made"":8,""three_pointers_missed"":21,""three_pointers_attempted"":29,""three_pointers"":""8/29"",""three_pointers_percentage"":""27.6"",""free_throws_made"":14,""free_throws_missed"":6,""free_throws_attempted"":20,""free_throws"":""14/20"",""free_throws_percentage"":""70.0"",""won_score"":94,""total_won_score"":94,""lost_score"":82,""total_lost_score"":82,""rebounds"":49,""defensive_rebounds"":41,""offensive_rebounds"":8,""defensive_fouls"":17,""offensive_fouls"":1,""personal_fouls"":18,""fouls"":18,""assists"":27,""steals"":9,""blocks"":0,""turnovers"":13,""points_in_paint"":48,""second_chance_points"":7,""fast_break_points"":16}"
2025-26,2,9,regular_season,1420,2025-12-31,4,7,新北國王,6,新北中信特攻,away,https://api.tpbl.basketball/api/games/1420/stats,32,57,89,32/89,36.0,23,31,54,23/54,42.6,9,26,35,9/35,25.7,9,4,13,9/13,69.2,82,82,94,94,52,35,17,13,1,12,14,17,4,3,13,32,15,3,"{""field_goals_made"":32,""field_goals_missed"":57,""field_goals_attempted"":89,""field_goals"":""32/89"",""field_goals_percentage"":""36.0"",""two_pointers_made"":23,""two_pointers_missed"":31,""two_pointers_attempted"":54,""two_pointers"":""23/54"",""two_pointers_percentage"":""42.6"",""three_pointers_made"":9,""three_pointers_missed"":26,""three_pointers_attempted"":35,""three_pointers"":""9/35"",""three_pointers_percentage"":""25.7"",""free_throws_made"":9,""free_throws_missed"":4,""free_throws_attempted"":13,""free_throws"":""9/13"",""free_throws_percentage"":""69.2"",""won_score"":82,""total_won_score"":82,""lost_score"":94,""total_lost_score"":94,""rebounds"":52,""defensive_rebounds"":35,""offensive_rebounds"":17,""defensive_fouls"":13,""offensive_fouls"":1,""personal_fouls"":12,""fouls"":14,""assists"":17,""steals"":4,""blocks"":3,""turnovers"":13,""points_in_paint"":32,""second_chance_points"":15,""fast_break_points"":3}"
2025-26,2,9,regular_season,1421,2026-01-03,4,2,高雄全家海神,5,桃園台啤永豐雲豹,home,https://api.tpbl.basketball/api/games/1421/stats,39,49,88,39/88,44.3,27,23,50,27/50,54.0,12,26,38,12/38,31.6,12,8,20,12/20,60.0,102,102,108,108,42,23,19,18,2,19,20,18,13,3,19,48,18,15,"{""field_goals_made"":39,""field_goals_missed"":49,""field_goals_attempted"":88,""field_goals"":""39/88"",""field_goals_percentage"":""44.3"",""two_pointers_made"":27,""two_pointers_missed"":23,""two_pointers_attempted"":50,""two_pointers"":""27/50"",""two_pointers_percentage"":""54.0"",""three_pointers_made"":12,""three_pointers_missed"":26,""three_pointers_attempted"":38,""three_pointers"":""12/38"",""three_pointers_percentage"":""31.6"",""free_throws_made"":12,""free_throws_missed"":8,""free_throws_attempted"":20,""free_throws"":""12/20"",""free_throws_percentage"":""60.0"",""won_score"":102,""total_won_score"":102,""lost_score"":108,""total_lost_score"":108,""rebounds"":42,""defensive_rebounds"":23,""offensive_rebounds"":19,""defensive_fouls"":18,""offensive_fouls"":2,""personal_fouls"":19,""fouls"":20,""assists"":18,""steals"":13,""blocks"":3,""turnovers"":19,""points_in_paint"":48,""second_chance_points"":18,""fast_break_points"":15}"
2025-26,2,9,regular_season,1421,2026-01-03,4,5,桃園台啤永豐雲豹,2,高雄全家海神,away,https://api.tpbl.basketball/api/games/1421/stats,41,27,68,41/68,60.3,27,13,40,27/40,67.5,14,14,28,14/28,50.0,12,7,19,12/19,63.2,108,108,102,102,39,32,7,20,0,19,20,21,9,6,26,40,6,22,"{""field_goals_made"":41,""field_goals_missed"":27,""field_goals_attempted"":68,""field_goals"":""41/68"",""field_goals_percentage"":""60.3"",""two_pointers_made"":27,""two_pointers_missed"":13,""two_pointers_attempted"":40,""two_pointers"":""27/40"",""two_pointers_percentage"":""67.5"",""three_pointers_made"":14,""three_pointers_missed"":14,""three_pointers_attempted"":28,""three_pointers"":""14/28"",""three_pointers_percentage"":""50.0"",""free_throws_made"":12,""free_throws_missed"":7,""free_throws_attempted"":19,""free_throws"":""12/19"",""free_throws_percentage"":""63.2"",""won_score"":108,""total_won_score"":108,""lost_score"":102,""total_lost_score"":102,""rebounds"":39,""defensive_rebounds"":32,""offensive_rebounds"":7,""defensive_fouls"":20,""offensive_fouls"":0,""personal_fouls"":19,""fouls"":20,""assists"":21,""steals"":9,""blocks"":6,""turnovers"":26,""points_in_paint"":40,""second_chance_points"":6,""fast_break_points"":22}"
2025-26,2,9,regular_season,1422,2026-01-03,4,6,新北中信特攻,4,新竹御嵿攻城獅,home,https://api.tpbl.basketball/api/games/1422/stats,31,51,82,31/82,37.8,22,24,46,22/46,47.8,9,27,36,9/36,25.0,8,4,12,8/12,66.7,79,79,84,84,60,44,16,24,1,24,25,18,7,5,17,40,16,2,"{""field_goals_made"":31,""field_goals_missed"":51,""field_goals_attempted"":82,""field_goals"":""31/82"",""field_goals_percentage"":""37.8"",""two_pointers_made"":22,""two_pointers_missed"":24,""two_pointers_attempted"":46,""two_pointers"":""22/46"",""two_pointers_percentage"":""47.8"",""three_pointers_made"":9,""three_pointers_missed"":27,""three_pointers_attempted"":36,""three_pointers"":""9/36"",""three_pointers_percentage"":""25.0"",""free_throws_made"":8,""free_throws_missed"":4,""free_throws_attempted"":12,""free_throws"":""8/12"",""free_throws_percentage"":""66.7"",""won_score"":79,""total_won_score"":79,""lost_score"":84,""total_lost_score"":84,""rebounds"":60,""defensive_rebounds"":44,""offensive_rebounds"":16,""defensive_fouls"":24,""offensive_fouls"":1,""personal_fouls"":24,""fouls"":25,""assists"":18,""steals"":7,""blocks"":5,""turnovers"":17,""points_in_paint"":40,""second_chance_points"":16,""fast_break_points"":2}"
2025-26,2,9,regular_season,1422,2026-01-03,4,4,新竹御嵿攻城獅,6,新北中信特攻,away,https://api.tpbl.basketball/api/games/1422/stats,26,52,78,26/78,33.3,20,27,47,20/47,42.6,6,25,31,6/31,19.4,26,9,35,26/35,74.3,84,84,79,79,50,38,12,19,0,19,19,15,9,4,9,34,10,4,"{""field_goals_made"":26,""field_goals_missed"":52,""field_goals_attempted"":78,""field_goals"":""26/78"",""field_goals_percentage"":""33.3"",""two_pointers_made"":20,""two_pointers_missed"":27,""two_pointers_attempted"":47,""two_pointers"":""20/47"",""two_pointers_percentage"":""42.6"",""three_pointers_made"":6,""three_pointers_missed"":25,""three_pointers_attempted"":31,""three_pointers"":""6/31"",""three_pointers_percentage"":""19.4"",""free_throws_made"":26,""free_throws_missed"":9,""free_throws_attempted"":35,""free_throws"":""26/35"",""free_throws_percentage"":""74.3"",""won_score"":84,""total_won_score"":84,""lost_score"":79,""total_lost_score"":79,""rebounds"":50,""defensive_rebounds"":38,""offensive_rebounds"":12,""defensive_fouls"":19,""offensive_fouls"":0,""personal_fouls"":19,""fouls"":19,""assists"":15,""steals"":9,""blocks"":4,""turnovers"":9,""points_in_paint"":34,""second_chance_points"":10,""fast_break_points"":4}"
2025-26,2,9,regular_season,1423,2026-01-04,4,2,高雄全家海神,7,新北國王,home,https://api.tpbl.basketball/api/games/1423/stats,32,60,92,32/92,34.8,22,32,54,22/54,40.7,10,28,38,10/38,26.3,20,5,25,20/25,80.0,94,94,111,111,52,36,16,16,0,15,16,19,7,3,7,34,16,14,"{""field_goals_made"":32,""field_goals_missed"":60,""field_goals_attempted"":92,""field_goals"":""32/92"",""field_goals_percentage"":""34.8"",""two_pointers_made"":22,""two_pointers_missed"":32,""two_pointers_attempted"":54,""two_pointers"":""22/54"",""two_pointers_percentage"":""40.7"",""three_pointers_made"":10,""three_pointers_missed"":28,""three_pointers_attempted"":38,""three_pointers"":""10/38"",""three_pointers_percentage"":""26.3"",""free_throws_made"":20,""free_throws_missed"":5,""free_throws_attempted"":25,""free_throws"":""20/25"",""free_throws_percentage"":""80.0"",""won_score"":94,""total_won_score"":94,""lost_score"":111,""total_lost_score"":111,""rebounds"":52,""defensive_rebounds"":36,""offensive_rebounds"":16,""defensive_fouls"":16,""offensive_fouls"":0,""personal_fouls"":15,""fouls"":16,""assists"":19,""steals"":7,""blocks"":3,""turnovers"":7,""points_in_paint"":34,""second_chance_points"":16,""fast_break_points"":14}"
2025-26,2,9,regular_season,1423,2026-01-04,4,7,新北國王,2,高雄全家海神,away,https://api.tpbl.basketball/api/games/1423/stats,41,43,84,41/84,48.8,25,21,46,25/46,54.3,16,22,38,16/38,42.1,13,4,17,13/17,76.5,111,111,94,94,52,43,9,20,1,21,21,22,3,7,8,42,8,5,"{""field_goals_made"":41,""field_goals_missed"":43,""field_goals_attempted"":84,""field_goals"":""41/84"",""field_goals_percentage"":""48.8"",""two_pointers_made"":25,""two_pointers_missed"":21,""two_pointers_attempted"":46,""two_pointers"":""25/46"",""two_pointers_percentage"":""54.3"",""three_pointers_made"":16,""three_pointers_missed"":22,""three_pointers_attempted"":38,""three_pointers"":""16/38"",""three_pointers_percentage"":""42.1"",""free_throws_made"":13,""free_throws_missed"":4,""free_throws_attempted"":17,""free_throws"":""13/17"",""free_throws_percentage"":""76.5"",""won_score"":111,""total_won_score"":111,""lost_score"":94,""total_lost_score"":94,""rebounds"":52,""defensive_rebounds"":43,""offensive_rebounds"":9,""defensive_fouls"":20,""offensive_fouls"":1,""personal_fouls"":21,""fouls"":21,""assists"":22,""steals"":3,""blocks"":7,""turnovers"":8,""points_in_paint"":42,""second_chance_points"":8,""fast_break_points"":5}"
2025-26,2,9,regular_season,1424,2026-01-04,4,6,新北中信特攻,3,福爾摩沙夢想家,home,https://api.tpbl.basketball/api/games/1424/stats,39,47,86,39/86,45.3,23,21,44,23/44,52.3,16,26,42,16/42,38.1,21,4,25,21/25,84.0,115,115,122,122,41,30,11,20,0,19,20,30,11,1,11,44,6,11,"{""field_goals_made"":39,""field_goals_missed"":47,""field_goals_attempted"":86,""field_goals"":""39/86"",""field_goals_percentage"":""45.3"",""two_pointers_made"":23,""two_pointers_missed"":21,""two_pointers_attempted"":44,""two_pointers"":""23/44"",""two_pointers_percentage"":""52.3"",""three_pointers_made"":16,""three_pointers_missed"":26,""three_pointers_attempted"":42,""three_pointers"":""16/42"",""three_pointers_percentage"":""38.1"",""free_throws_made"":21,""free_throws_missed"":4,""free_throws_attempted"":25,""free_throws"":""21/25"",""free_throws_percentage"":""84.0"",""won_score"":115,""total_won_score"":115,""lost_score"":122,""total_lost_score"":122,""rebounds"":41,""defensive_rebounds"":30,""offensive_rebounds"":11,""defensive_fouls"":20,""offensive_fouls"":0,""personal_fouls"":19,""fouls"":20,""assists"":30,""steals"":11,""blocks"":1,""turnovers"":11,""points_in_paint"":44,""second_chance_points"":6,""fast_break_points"":11}"
2025-26,2,9,regular_season,1424,2026-01-04,4,3,福爾摩沙夢想家,6,新北中信特攻,away,https://api.tpbl.basketball/api/games/1424/stats,44,36,80,44/80,55.0,28,11,39,28/39,71.8,16,25,41,16/41,39.0,18,3,21,18/21,85.7,122,122,115,115,44,37,7,22,0,20,22,27,7,3,15,42,11,9,"{""field_goals_made"":44,""field_goals_missed"":36,""field_goals_attempted"":80,""field_goals"":""44/80"",""field_goals_percentage"":""55.0"",""two_pointers_made"":28,""two_pointers_missed"":11,""two_pointers_attempted"":39,""two_pointers"":""28/39"",""two_pointers_percentage"":""71.8"",""three_pointers_made"":16,""three_pointers_missed"":25,""three_pointers_attempted"":41,""three_pointers"":""16/41"",""three_pointers_percentage"":""39.0"",""free_throws_made"":18,""free_throws_missed"":3,""free_throws_attempted"":21,""free_throws"":""18/21"",""free_throws_percentage"":""85.7"",""won_score"":122,""total_won_score"":122,""lost_score"":115,""total_lost_score"":115,""rebounds"":44,""defensive_rebounds"":37,""offensive_rebounds"":7,""defensive_fouls"":22,""offensive_fouls"":0,""personal_fouls"":20,""fouls"":22,""assists"":27,""steals"":7,""blocks"":3,""turnovers"":15,""points_in_paint"":42,""second_chance_points"":11,""fast_break_points"":9}"
2025-26,2,9,regular_season,1425,2026-01-07,4,2,高雄全家海神,8,臺北台新戰神,home,https://api.tpbl.basketball/api/games/1425/stats,38,51,89,38/89,42.7,25,36,61,25/61,41.0,13,15,28,13/28,46.4,19,6,25,19/25,76.0,108,108,103,103,43,31,12,30,0,30,30,22,10,5,8,48,13,10,"{""field_goals_made"":38,""field_goals_missed"":51,""field_goals_attempted"":89,""field_goals"":""38/89"",""field_goals_percentage"":""42.7"",""two_pointers_made"":25,""two_pointers_missed"":36,""two_pointers_attempted"":61,""two_pointers"":""25/61"",""two_pointers_percentage"":""41.0"",""three_pointers_made"":13,""three_pointers_missed"":15,""three_pointers_attempted"":28,""three_pointers"":""13/28"",""three_pointers_percentage"":""46.4"",""free_throws_made"":19,""free_throws_missed"":6,""free_throws_attempted"":25,""free_throws"":""19/25"",""free_throws_percentage"":""76.0"",""won_score"":108,""total_won_score"":108,""lost_score"":103,""total_lost_score"":103,""rebounds"":43,""defensive_rebounds"":31,""offensive_rebounds"":12,""defensive_fouls"":30,""offensive_fouls"":0,""personal_fouls"":30,""fouls"":30,""assists"":22,""steals"":10,""blocks"":5,""turnovers"":8,""points_in_paint"":48,""second_chance_points"":13,""fast_break_points"":10}"
2025-26,2,9,regular_season,1425,2026-01-07,4,8,臺北台新戰神,2,高雄全家海神,away,https://api.tpbl.basketball/api/games/1425/stats,33,42,75,33/75,44.0,22,28,50,22/50,44.0,11,14,25,11/25,44.0,26,13,39,26/39,66.7,103,103,108,108,54,40,14,22,3,25,25,19,5,6,19,38,7,26,"{""field_goals_made"":33,""field_goals_missed"":42,""field_goals_attempted"":75,""field_goals"":""33/75"",""field_goals_percentage"":""44.0"",""two_pointers_made"":22,""two_pointers_missed"":28,""two_pointers_attempted"":50,""two_pointers"":""22/50"",""two_pointers_percentage"":""44.0"",""three_pointers_made"":11,""three_pointers_missed"":14,""three_pointers_attempted"":25,""three_pointers"":""11/25"",""three_pointers_percentage"":""44.0"",""free_throws_made"":26,""free_throws_missed"":13,""free_throws_attempted"":39,""free_throws"":""26/39"",""free_throws_percentage"":""66.7"",""won_score"":103,""total_won_score"":103,""lost_score"":108,""total_lost_score"":108,""rebounds"":54,""defensive_rebounds"":40,""offensive_rebounds"":14,""defensive_fouls"":22,""offensive_fouls"":3,""personal_fouls"":25,""fouls"":25,""assists"":19,""steals"":5,""blocks"":6,""turnovers"":19,""points_in_paint"":38,""second_chance_points"":7,""fast_break_points"":26}"
2025-26,2,9,regular_season,1426,2026-01-09,4,5,桃園台啤永豐雲豹,7,新北國王,home,https://api.tpbl.basketball/api/games/1426/stats,44,39,83,44/83,53.0,36,26,62,36/62,58.1,8,13,21,8/21,38.1,14,11,25,14/25,56.0,110,110,87,87,53,43,10,22,1,20,23,24,11,2,14,52,10,14,"{""field_goals_made"":44,""field_goals_missed"":39,""field_goals_attempted"":83,""field_goals"":""44/83"",""field_goals_percentage"":""53.0"",""two_pointers_made"":36,""two_pointers_missed"":26,""two_pointers_attempted"":62,""two_pointers"":""36/62"",""two_pointers_percentage"":""58.1"",""three_pointers_made"":8,""three_pointers_missed"":13,""three_pointers_attempted"":21,""three_pointers"":""8/21"",""three_pointers_percentage"":""38.1"",""free_throws_made"":14,""free_throws_missed"":11,""free_throws_attempted"":25,""free_throws"":""14/25"",""free_throws_percentage"":""56.0"",""won_score"":110,""total_won_score"":110,""lost_score"":87,""total_lost_score"":87,""rebounds"":53,""defensive_rebounds"":43,""offensive_rebounds"":10,""defensive_fouls"":22,""offensive_fouls"":1,""personal_fouls"":20,""fouls"":23,""assists"":24,""steals"":11,""blocks"":2,""turnovers"":14,""points_in_paint"":52,""second_chance_points"":10,""fast_break_points"":14}"
2025-26,2,9,regular_season,1426,2026-01-09,4,7,新北國王,5,桃園台啤永豐雲豹,away,https://api.tpbl.basketball/api/games/1426/stats,32,55,87,32/87,36.8,23,26,49,23/49,46.9,9,29,38,9/38,23.7,14,13,27,14/27,51.9,87,87,110,110,51,33,18,20,2,21,22,17,5,5,18,38,14,6,"{""field_goals_made"":32,""field_goals_missed"":55,""field_goals_attempted"":87,""field_goals"":""32/87"",""field_goals_percentage"":""36.8"",""two_pointers_made"":23,""two_pointers_missed"":26,""two_pointers_attempted"":49,""two_pointers"":""23/49"",""two_pointers_percentage"":""46.9"",""three_pointers_made"":9,""three_pointers_missed"":29,""three_pointers_attempted"":38,""three_pointers"":""9/38"",""three_pointers_percentage"":""23.7"",""free_throws_made"":14,""free_throws_missed"":13,""free_throws_attempted"":27,""free_throws"":""14/27"",""free_throws_percentage"":""51.9"",""won_score"":87,""total_won_score"":87,""lost_score"":110,""total_lost_score"":110,""rebounds"":51,""defensive_rebounds"":33,""offensive_rebounds"":18,""defensive_fouls"":20,""offensive_fouls"":2,""personal_fouls"":21,""fouls"":22,""assists"":17,""steals"":5,""blocks"":5,""turnovers"":18,""points_in_paint"":38,""second_chance_points"":14,""fast_break_points"":6}"
2025-26,2,9,regular_season,1427,2026-01-10,4,2,高雄全家海神,6,新北中信特攻,home,https://api.tpbl.basketball/api/games/1427/stats,42,43,85,42/85,49.4,29,15,44,29/44,65.9,13,28,41,13/41,31.7,17,1,18,17/18,94.4,114,114,111,111,43,28,15,18,2,19,20,24,7,5,17,52,13,8,"{""field_goals_made"":42,""field_goals_missed"":43,""field_goals_attempted"":85,""field_goals"":""42/85"",""field_goals_percentage"":""49.4"",""two_pointers_made"":29,""two_pointers_missed"":15,""two_pointers_attempted"":44,""two_pointers"":""29/44"",""two_pointers_percentage"":""65.9"",""three_pointers_made"":13,""three_pointers_missed"":28,""three_pointers_attempted"":41,""three_pointers"":""13/41"",""three_pointers_percentage"":""31.7"",""free_throws_made"":17,""free_throws_missed"":1,""free_throws_attempted"":18,""free_throws"":""17/18"",""free_throws_percentage"":""94.4"",""won_score"":114,""total_won_score"":114,""lost_score"":111,""total_lost_score"":111,""rebounds"":43,""defensive_rebounds"":28,""offensive_rebounds"":15,""defensive_fouls"":18,""offensive_fouls"":2,""personal_fouls"":19,""fouls"":20,""assists"":24,""steals"":7,""blocks"":5,""turnovers"":17,""points_in_paint"":52,""second_chance_points"":13,""fast_break_points"":8}"
2025-26,2,9,regular_season,1427,2026-01-10,4,6,新北中信特攻,2,高雄全家海神,away,https://api.tpbl.basketball/api/games/1427/stats,45,45,90,45/90,50.0,35,24,59,35/59,59.3,10,21,31,10/31,32.3,11,12,23,11/23,47.8,111,111,114,114,50,28,22,19,0,18,19,21,9,2,16,66,20,24,"{""field_goals_made"":45,""field_goals_missed"":45,""field_goals_attempted"":90,""field_goals"":""45/90"",""field_goals_percentage"":""50.0"",""two_pointers_made"":35,""two_pointers_missed"":24,""two_pointers_attempted"":59,""two_pointers"":""35/59"",""two_pointers_percentage"":""59.3"",""three_pointers_made"":10,""three_pointers_missed"":21,""three_pointers_attempted"":31,""three_pointers"":""10/31"",""three_pointers_percentage"":""32.3"",""free_throws_made"":11,""free_throws_missed"":12,""free_throws_attempted"":23,""free_throws"":""11/23"",""free_throws_percentage"":""47.8"",""won_score"":111,""total_won_score"":111,""lost_score"":114,""total_lost_score"":114,""rebounds"":50,""defensive_rebounds"":28,""offensive_rebounds"":22,""defensive_fouls"":19,""offensive_fouls"":0,""personal_fouls"":18,""fouls"":19,""assists"":21,""steals"":9,""blocks"":2,""turnovers"":16,""points_in_paint"":66,""second_chance_points"":20,""fast_break_points"":24}"
2025-26,2,9,regular_season,1428,2026-01-10,4,8,臺北台新戰神,3,福爾摩沙夢想家,home,https://api.tpbl.basketball/api/games/1428/stats,28,58,86,28/86,32.6,19,31,50,19/50,38.0,9,27,36,9/36,25.0,26,4,30,26/30,86.7,91,91,110,110,37,24,13,25,1,26,26,16,10,3,14,30,8,10,"{""field_goals_made"":28,""field_goals_missed"":58,""field_goals_attempted"":86,""field_goals"":""28/86"",""field_goals_percentage"":""32.6"",""two_pointers_made"":19,""two_pointers_missed"":31,""two_pointers_attempted"":50,""two_pointers"":""19/50"",""two_pointers_percentage"":""38.0"",""three_pointers_made"":9,""three_pointers_missed"":27,""three_pointers_attempted"":36,""three_pointers"":""9/36"",""three_pointers_percentage"":""25.0"",""free_throws_made"":26,""free_throws_missed"":4,""free_throws_attempted"":30,""free_throws"":""26/30"",""free_throws_percentage"":""86.7"",""won_score"":91,""total_won_score"":91,""lost_score"":110,""total_lost_score"":110,""rebounds"":37,""defensive_rebounds"":24,""offensive_rebounds"":13,""defensive_fouls"":25,""offensive_fouls"":1,""personal_fouls"":26,""fouls"":26,""assists"":16,""steals"":10,""blocks"":3,""turnovers"":14,""points_in_paint"":30,""second_chance_points"":8,""fast_break_points"":10}"
2025-26,2,9,regular_season,1428,2026-01-10,4,3,福爾摩沙夢想家,8,臺北台新戰神,away,https://api.tpbl.basketball/api/games/1428/stats,37,35,72,37/72,51.4,31,21,52,31/52,59.6,6,14,20,6/20,30.0,30,8,38,30/38,78.9,110,110,91,91,57,44,13,20,4,23,24,20,5,7,19,50,8,12,"{""field_goals_made"":37,""field_goals_missed"":35,""field_goals_attempted"":72,""field_goals"":""37/72"",""field_goals_percentage"":""51.4"",""two_pointers_made"":31,""two_pointers_missed"":21,""two_pointers_attempted"":52,""two_pointers"":""31/52"",""two_pointers_percentage"":""59.6"",""three_pointers_made"":6,""three_pointers_missed"":14,""three_pointers_attempted"":20,""three_pointers"":""6/20"",""three_pointers_percentage"":""30.0"",""free_throws_made"":30,""free_throws_missed"":8,""free_throws_attempted"":38,""free_throws"":""30/38"",""free_throws_percentage"":""78.9"",""won_score"":110,""total_won_score"":110,""lost_score"":91,""total_lost_score"":91,""rebounds"":57,""defensive_rebounds"":44,""offensive_rebounds"":13,""defensive_fouls"":20,""offensive_fouls"":4,""personal_fouls"":23,""fouls"":24,""assists"":20,""steals"":5,""blocks"":7,""turnovers"":19,""points_in_paint"":50,""second_chance_points"":8,""fast_break_points"":12}"
2025-26,2,9,regular_season,1429,2026-01-11,4,2,高雄全家海神,4,新竹御嵿攻城獅,home,https://api.tpbl.basketball/api/games/1429/stats,30,54,84,30/84,35.7,23,21,44,23/44,52.3,7,33,40,7/40,17.5,12,4,16,12/16,75.0,79,79,95,95,44,26,18,16,0,16,16,12,9,1,14,44,19,15,"{""field_goals_made"":30,""field_goals_missed"":54,""field_goals_attempted"":84,""field_goals"":""30/84"",""field_goals_percentage"":""35.7"",""two_pointers_made"":23,""two_pointers_missed"":21,""two_pointers_attempted"":44,""two_pointers"":""23/44"",""two_pointers_percentage"":""52.3"",""three_pointers_made"":7,""three_pointers_missed"":33,""three_pointers_attempted"":40,""three_pointers"":""7/40"",""three_pointers_percentage"":""17.5"",""free_throws_made"":12,""free_throws_missed"":4,""free_throws_attempted"":16,""free_throws"":""12/16"",""free_throws_percentage"":""75.0"",""won_score"":79,""total_won_score"":79,""lost_score"":95,""total_lost_score"":95,""rebounds"":44,""defensive_rebounds"":26,""offensive_rebounds"":18,""defensive_fouls"":16,""offensive_fouls"":0,""personal_fouls"":16,""fouls"":16,""assists"":12,""steals"":9,""blocks"":1,""turnovers"":14,""points_in_paint"":44,""second_chance_points"":19,""fast_break_points"":15}"
2025-26,2,9,regular_season,1429,2026-01-11,4,4,新竹御嵿攻城獅,2,高雄全家海神,away,https://api.tpbl.basketball/api/games/1429/stats,35,43,78,35/78,44.9,22,23,45,22/45,48.9,13,20,33,13/33,39.4,12,2,14,12/14,85.7,95,95,79,79,52,36,16,14,3,17,17,23,11,5,19,28,25,9,"{""field_goals_made"":35,""field_goals_missed"":43,""field_goals_attempted"":78,""field_goals"":""35/78"",""field_goals_percentage"":""44.9"",""two_pointers_made"":22,""two_pointers_missed"":23,""two_pointers_attempted"":45,""two_pointers"":""22/45"",""two_pointers_percentage"":""48.9"",""three_pointers_made"":13,""three_pointers_missed"":20,""three_pointers_attempted"":33,""three_pointers"":""13/33"",""three_pointers_percentage"":""39.4"",""free_throws_made"":12,""free_throws_missed"":2,""free_throws_attempted"":14,""free_throws"":""12/14"",""free_throws_percentage"":""85.7"",""won_score"":95,""total_won_score"":95,""lost_score"":79,""total_lost_score"":79,""rebounds"":52,""defensive_rebounds"":36,""offensive_rebounds"":16,""defensive_fouls"":14,""offensive_fouls"":3,""personal_fouls"":17,""fouls"":17,""assists"":23,""steals"":11,""blocks"":5,""turnovers"":19,""points_in_paint"":28,""second_chance_points"":25,""fast_break_points"":9}"
2025-26,2,9,regular_season,1430,2026-01-11,4,8,臺北台新戰神,5,桃園台啤永豐雲豹,home,https://api.tpbl.basketball/api/games/1430/stats,42,35,77,42/77,54.5,28,16,44,28/44,63.6,14,19,33,14/33,42.4,16,5,21,16/21,76.2,114,114,108,108,43,31,12,20,1,20,21,22,7,2,17,40,17,2,"{""field_goals_made"":42,""field_goals_missed"":35,""field_goals_attempted"":77,""field_goals"":""42/77"",""field_goals_percentage"":""54.5"",""two_pointers_made"":28,""two_pointers_missed"":16,""two_pointers_attempted"":44,""two_pointers"":""28/44"",""two_pointers_percentage"":""63.6"",""three_pointers_made"":14,""three_pointers_missed"":19,""three_pointers_attempted"":33,""three_pointers"":""14/33"",""three_pointers_percentage"":""42.4"",""free_throws_made"":16,""free_throws_missed"":5,""free_throws_attempted"":21,""free_throws"":""16/21"",""free_throws_percentage"":""76.2"",""won_score"":114,""total_won_score"":114,""lost_score"":108,""total_lost_score"":108,""rebounds"":43,""defensive_rebounds"":31,""offensive_rebounds"":12,""defensive_fouls"":20,""offensive_fouls"":1,""personal_fouls"":20,""fouls"":21,""assists"":22,""steals"":7,""blocks"":2,""turnovers"":17,""points_in_paint"":40,""second_chance_points"":17,""fast_break_points"":2}"
2025-26,2,9,regular_season,1430,2026-01-11,4,5,桃園台啤永豐雲豹,8,臺北台新戰神,away,https://api.tpbl.basketball/api/games/1430/stats,42,59,101,42/101,41.6,36,36,72,36/72,50.0,6,23,29,6/29,20.7,18,5,23,18/23,78.3,108,108,114,114,51,22,29,16,0,15,16,23,14,2,11,64,27,17,"{""field_goals_made"":42,""field_goals_missed"":59,""field_goals_attempted"":101,""field_goals"":""42/101"",""field_goals_percentage"":""41.6"",""two_pointers_made"":36,""two_pointers_missed"":36,""two_pointers_attempted"":72,""two_pointers"":""36/72"",""two_pointers_percentage"":""50.0"",""three_pointers_made"":6,""three_pointers_missed"":23,""three_pointers_attempted"":29,""three_pointers"":""6/29"",""three_pointers_percentage"":""20.7"",""free_throws_made"":18,""free_throws_missed"":5,""free_throws_attempted"":23,""free_throws"":""18/23"",""free_throws_percentage"":""78.3"",""won_score"":108,""total_won_score"":108,""lost_score"":114,""total_lost_score"":114,""rebounds"":51,""defensive_rebounds"":22,""offensive_rebounds"":29,""defensive_fouls"":16,""offensive_fouls"":0,""personal_fouls"":15,""fouls"":16,""assists"":23,""steals"":14,""blocks"":2,""turnovers"":11,""points_in_paint"":64,""second_chance_points"":27,""fast_break_points"":17}"
2025-26,2,9,regular_season,1431,2026-01-17,4,3,福爾摩沙夢想家,7,新北國王,home,https://api.tpbl.basketball/api/games/1431/stats,44,39,83,44/83,53.0,34,24,58,34/58,58.6,10,15,25,10/25,40.0,18,8,26,18/26,69.2,116,116,96,96,55,42,13,15,1,13,16,19,9,3,12,62,11,17,"{""field_goals_made"":44,""field_goals_missed"":39,""field_goals_attempted"":83,""field_goals"":""44/83"",""field_goals_percentage"":""53.0"",""two_pointers_made"":34,""two_pointers_missed"":24,""two_pointers_attempted"":58,""two_pointers"":""34/58"",""two_pointers_percentage"":""58.6"",""three_pointers_made"":10,""three_pointers_missed"":15,""three_pointers_attempted"":25,""three_pointers"":""10/25"",""three_pointers_percentage"":""40.0"",""free_throws_made"":18,""free_throws_missed"":8,""free_throws_attempted"":26,""free_throws"":""18/26"",""free_throws_percentage"":""69.2"",""won_score"":116,""total_won_score"":116,""lost_score"":96,""total_lost_score"":96,""rebounds"":55,""defensive_rebounds"":42,""offensive_rebounds"":13,""defensive_fouls"":15,""offensive_fouls"":1,""personal_fouls"":13,""fouls"":16,""assists"":19,""steals"":9,""blocks"":3,""turnovers"":12,""points_in_paint"":62,""second_chance_points"":11,""fast_break_points"":17}"
2025-26,2,9,regular_season,1431,2026-01-17,4,7,新北國王,3,福爾摩沙夢想家,away,https://api.tpbl.basketball/api/games/1431/stats,37,48,85,37/85,43.5,23,19,42,23/42,54.8,14,29,43,14/43,32.6,8,5,13,8/13,61.5,96,96,116,116,41,30,11,22,1,20,23,25,5,3,15,42,13,11,"{""field_goals_made"":37,""field_goals_missed"":48,""field_goals_attempted"":85,""field_goals"":""37/85"",""field_goals_percentage"":""43.5"",""two_pointers_made"":23,""two_pointers_missed"":19,""two_pointers_attempted"":42,""two_pointers"":""23/42"",""two_pointers_percentage"":""54.8"",""three_pointers_made"":14,""three_pointers_missed"":29,""three_pointers_attempted"":43,""three_pointers"":""14/43"",""three_pointers_percentage"":""32.6"",""free_throws_made"":8,""free_throws_missed"":5,""free_throws_attempted"":13,""free_throws"":""8/13"",""free_throws_percentage"":""61.5"",""won_score"":96,""total_won_score"":96,""lost_score"":116,""total_lost_score"":116,""rebounds"":41,""defensive_rebounds"":30,""offensive_rebounds"":11,""defensive_fouls"":22,""offensive_fouls"":1,""personal_fouls"":20,""fouls"":23,""assists"":25,""steals"":5,""blocks"":3,""turnovers"":15,""points_in_paint"":42,""second_chance_points"":13,""fast_break_points"":11}"
2025-26,2,9,regular_season,1432,2026-01-17,4,8,臺北台新戰神,6,新北中信特攻,home,https://api.tpbl.basketball/api/games/1432/stats,29,47,76,29/76,38.2,18,19,37,18/37,48.6,11,28,39,11/39,28.2,10,5,15,10/15,66.7,79,79,95,95,35,26,9,15,1,15,17,13,14,1,21,26,12,2,"{""field_goals_made"":29,""field_goals_missed"":47,""field_goals_attempted"":76,""field_goals"":""29/76"",""field_goals_percentage"":""38.2"",""two_pointers_made"":18,""two_pointers_missed"":19,""two_pointers_attempted"":37,""two_pointers"":""18/37"",""two_pointers_percentage"":""48.6"",""three_pointers_made"":11,""three_pointers_missed"":28,""three_pointers_attempted"":39,""three_pointers"":""11/39"",""three_pointers_percentage"":""28.2"",""free_throws_made"":10,""free_throws_missed"":5,""free_throws_attempted"":15,""free_throws"":""10/15"",""free_throws_percentage"":""66.7"",""won_score"":79,""total_won_score"":79,""lost_score"":95,""total_lost_score"":95,""rebounds"":35,""defensive_rebounds"":26,""offensive_rebounds"":9,""defensive_fouls"":15,""offensive_fouls"":1,""personal_fouls"":15,""fouls"":17,""assists"":13,""steals"":14,""blocks"":1,""turnovers"":21,""points_in_paint"":26,""second_chance_points"":12,""fast_break_points"":2}"
2025-26,2,9,regular_season,1432,2026-01-17,4,6,新北中信特攻,8,臺北台新戰神,away,https://api.tpbl.basketball/api/games/1432/stats,39,35,74,39/74,52.7,28,17,45,28/45,62.2,11,18,29,11/29,37.9,6,8,14,6/14,42.9,95,95,79,79,54,42,12,15,2,17,18,29,14,2,29,56,9,18,"{""field_goals_made"":39,""field_goals_missed"":35,""field_goals_attempted"":74,""field_goals"":""39/74"",""field_goals_percentage"":""52.7"",""two_pointers_made"":28,""two_pointers_missed"":17,""two_pointers_attempted"":45,""two_pointers"":""28/45"",""two_pointers_percentage"":""62.2"",""three_pointers_made"":11,""three_pointers_missed"":18,""three_pointers_attempted"":29,""three_pointers"":""11/29"",""three_pointers_percentage"":""37.9"",""free_throws_made"":6,""free_throws_missed"":8,""free_throws_attempted"":14,""free_throws"":""6/14"",""free_throws_percentage"":""42.9"",""won_score"":95,""total_won_score"":95,""lost_score"":79,""total_lost_score"":79,""rebounds"":54,""defensive_rebounds"":42,""offensive_rebounds"":12,""defensive_fouls"":15,""offensive_fouls"":2,""personal_fouls"":17,""fouls"":18,""assists"":29,""steals"":14,""blocks"":2,""turnovers"":29,""points_in_paint"":56,""second_chance_points"":9,""fast_break_points"":18}"
2025-26,2,9,regular_season,1433,2026-01-18,4,3,福爾摩沙夢想家,5,桃園台啤永豐雲豹,home,https://api.tpbl.basketball/api/games/1433/stats,32,54,86,32/86,37.2,23,29,52,23/52,44.2,9,25,34,9/34,26.5,18,7,25,18/25,72.0,91,91,98,98,65,47,18,18,2,19,20,14,6,6,21,44,14,7,"{""field_goals_made"":32,""field_goals_missed"":54,""field_goals_attempted"":86,""field_goals"":""32/86"",""field_goals_percentage"":""37.2"",""two_pointers_made"":23,""two_pointers_missed"":29,""two_pointers_attempted"":52,""two_pointers"":""23/52"",""two_pointers_percentage"":""44.2"",""three_pointers_made"":9,""three_pointers_missed"":25,""three_pointers_attempted"":34,""three_pointers"":""9/34"",""three_pointers_percentage"":""26.5"",""free_throws_made"":18,""free_throws_missed"":7,""free_throws_attempted"":25,""free_throws"":""18/25"",""free_throws_percentage"":""72.0"",""won_score"":91,""total_won_score"":91,""lost_score"":98,""total_lost_score"":98,""rebounds"":65,""defensive_rebounds"":47,""offensive_rebounds"":18,""defensive_fouls"":18,""offensive_fouls"":2,""personal_fouls"":19,""fouls"":20,""assists"":14,""steals"":6,""blocks"":6,""turnovers"":21,""points_in_paint"":44,""second_chance_points"":14,""fast_break_points"":7}"
2025-26,2,9,regular_season,1433,2026-01-18,4,5,桃園台啤永豐雲豹,3,福爾摩沙夢想家,away,https://api.tpbl.basketball/api/games/1433/stats,35,66,101,35/101,34.7,22,45,67,22/67,32.8,13,21,34,13/34,38.2,15,5,20,15/20,75.0,98,98,91,91,55,36,19,17,0,17,17,21,13,1,8,28,15,17,"{""field_goals_made"":35,""field_goals_missed"":66,""field_goals_attempted"":101,""field_goals"":""35/101"",""field_goals_percentage"":""34.7"",""two_pointers_made"":22,""two_pointers_missed"":45,""two_pointers_attempted"":67,""two_pointers"":""22/67"",""two_pointers_percentage"":""32.8"",""three_pointers_made"":13,""three_pointers_missed"":21,""three_pointers_attempted"":34,""three_pointers"":""13/34"",""three_pointers_percentage"":""38.2"",""free_throws_made"":15,""free_throws_missed"":5,""free_throws_attempted"":20,""free_throws"":""15/20"",""free_throws_percentage"":""75.0"",""won_score"":98,""total_won_score"":98,""lost_score"":91,""total_lost_score"":91,""rebounds"":55,""defensive_rebounds"":36,""offensive_rebounds"":19,""defensive_fouls"":17,""offensive_fouls"":0,""personal_fouls"":17,""fouls"":17,""assists"":21,""steals"":13,""blocks"":1,""turnovers"":8,""points_in_paint"":28,""second_chance_points"":15,""fast_break_points"":17}"
2025-26,2,9,regular_season,1434,2026-01-18,4,8,臺北台新戰神,4,新竹御嵿攻城獅,home,https://api.tpbl.basketball/api/games/1434/stats,31,44,75,31/75,41.3,18,21,39,18/39,46.2,13,23,36,13/36,36.1,23,3,26,23/26,88.5,98,98,101,101,39,29,10,31,1,32,32,17,5,1,11,24,8,0,"{""field_goals_made"":31,""field_goals_missed"":44,""field_goals_attempted"":75,""field_goals"":""31/75"",""field_goals_percentage"":""41.3"",""two_pointers_made"":18,""two_pointers_missed"":21,""two_pointers_attempted"":39,""two_pointers"":""18/39"",""two_pointers_percentage"":""46.2"",""three_pointers_made"":13,""three_pointers_missed"":23,""three_pointers_attempted"":36,""three_pointers"":""13/36"",""three_pointers_percentage"":""36.1"",""free_throws_made"":23,""free_throws_missed"":3,""free_throws_attempted"":26,""free_throws"":""23/26"",""free_throws_percentage"":""88.5"",""won_score"":98,""total_won_score"":98,""lost_score"":101,""total_lost_score"":101,""rebounds"":39,""defensive_rebounds"":29,""offensive_rebounds"":10,""defensive_fouls"":31,""offensive_fouls"":1,""personal_fouls"":32,""fouls"":32,""assists"":17,""steals"":5,""blocks"":1,""turnovers"":11,""points_in_paint"":24,""second_chance_points"":8,""fast_break_points"":0}"
2025-26,2,9,regular_season,1434,2026-01-18,4,4,新竹御嵿攻城獅,8,臺北台新戰神,away,https://api.tpbl.basketball/api/games/1434/stats,32,38,70,32/70,45.7,22,21,43,22/43,51.2,10,17,27,10/27,37.0,27,11,38,27/38,71.1,101,101,98,98,48,35,13,21,3,24,24,20,6,5,12,38,7,8,"{""field_goals_made"":32,""field_goals_missed"":38,""field_goals_attempted"":70,""field_goals"":""32/70"",""field_goals_percentage"":""45.7"",""two_pointers_made"":22,""two_pointers_missed"":21,""two_pointers_attempted"":43,""two_pointers"":""22/43"",""two_pointers_percentage"":""51.2"",""three_pointers_made"":10,""three_pointers_missed"":17,""three_pointers_attempted"":27,""three_pointers"":""10/27"",""three_pointers_percentage"":""37.0"",""free_throws_made"":27,""free_throws_missed"":11,""free_throws_attempted"":38,""free_throws"":""27/38"",""free_throws_percentage"":""71.1"",""won_score"":101,""total_won_score"":101,""lost_score"":98,""total_lost_score"":98,""rebounds"":48,""defensive_rebounds"":35,""offensive_rebounds"":13,""defensive_fouls"":21,""offensive_fouls"":3,""personal_fouls"":24,""fouls"":24,""assists"":20,""steals"":6,""blocks"":5,""turnovers"":12,""points_in_paint"":38,""second_chance_points"":7,""fast_break_points"":8}"
2025-26,2,9,regular_season,1435,2026-01-24,4,6,新北中信特攻,2,高雄全家海神,home,https://api.tpbl.basketball/api/games/1435/stats,51,35,86,51/86,59.3,32,9,41,32/41,78.0,19,26,45,19/45,42.2,12,5,17,12/17,70.6,133,133,91,91,40,28,12,16,2,18,18,36,18,1,18,56,14,12,"{""field_goals_made"":51,""field_goals_missed"":35,""field_goals_attempted"":86,""field_goals"":""51/86"",""field_goals_percentage"":""59.3"",""two_pointers_made"":32,""two_pointers_missed"":9,""two_pointers_attempted"":41,""two_pointers"":""32/41"",""two_pointers_percentage"":""78.0"",""three_pointers_made"":19,""three_pointers_missed"":26,""three_pointers_attempted"":45,""three_pointers"":""19/45"",""three_pointers_percentage"":""42.2"",""free_throws_made"":12,""free_throws_missed"":5,""free_throws_attempted"":17,""free_throws"":""12/17"",""free_throws_percentage"":""70.6"",""won_score"":133,""total_won_score"":133,""lost_score"":91,""total_lost_score"":91,""rebounds"":40,""defensive_rebounds"":28,""offensive_rebounds"":12,""defensive_fouls"":16,""offensive_fouls"":2,""personal_fouls"":18,""fouls"":18,""assists"":36,""steals"":18,""blocks"":1,""turnovers"":18,""points_in_paint"":56,""second_chance_points"":14,""fast_break_points"":12}"
2025-26,2,9,regular_season,1435,2026-01-24,4,2,高雄全家海神,6,新北中信特攻,away,https://api.tpbl.basketball/api/games/1435/stats,36,41,77,36/77,46.8,28,20,48,28/48,58.3,8,21,29,8/29,27.6,11,4,15,11/15,73.3,91,91,133,133,35,22,13,19,2,21,21,18,10,2,24,46,19,8,"{""field_goals_made"":36,""field_goals_missed"":41,""field_goals_attempted"":77,""field_goals"":""36/77"",""field_goals_percentage"":""46.8"",""two_pointers_made"":28,""two_pointers_missed"":20,""two_pointers_attempted"":48,""two_pointers"":""28/48"",""two_pointers_percentage"":""58.3"",""three_pointers_made"":8,""three_pointers_missed"":21,""three_pointers_attempted"":29,""three_pointers"":""8/29"",""three_pointers_percentage"":""27.6"",""free_throws_made"":11,""free_throws_missed"":4,""free_throws_attempted"":15,""free_throws"":""11/15"",""free_throws_percentage"":""73.3"",""won_score"":91,""total_won_score"":91,""lost_score"":133,""total_lost_score"":133,""rebounds"":35,""defensive_rebounds"":22,""offensive_rebounds"":13,""defensive_fouls"":19,""offensive_fouls"":2,""personal_fouls"":21,""fouls"":21,""assists"":18,""steals"":10,""blocks"":2,""turnovers"":24,""points_in_paint"":46,""second_chance_points"":19,""fast_break_points"":8}"
2025-26,2,9,regular_season,1436,2026-01-24,4,4,新竹御嵿攻城獅,3,福爾摩沙夢想家,home,https://api.tpbl.basketball/api/games/1436/stats,30,45,75,30/75,40.0,22,31,53,22/53,41.5,8,14,22,8/22,36.4,27,10,37,27/37,73.0,95,95,91,91,53,37,16,22,2,24,24,19,8,1,19,40,17,8,"{""field_goals_made"":30,""field_goals_missed"":45,""field_goals_attempted"":75,""field_goals"":""30/75"",""field_goals_percentage"":""40.0"",""two_pointers_made"":22,""two_pointers_missed"":31,""two_pointers_attempted"":53,""two_pointers"":""22/53"",""two_pointers_percentage"":""41.5"",""three_pointers_made"":8,""three_pointers_missed"":14,""three_pointers_attempted"":22,""three_pointers"":""8/22"",""three_pointers_percentage"":""36.4"",""free_throws_made"":27,""free_throws_missed"":10,""free_throws_attempted"":37,""free_throws"":""27/37"",""free_throws_percentage"":""73.0"",""won_score"":95,""total_won_score"":95,""lost_score"":91,""total_lost_score"":91,""rebounds"":53,""defensive_rebounds"":37,""offensive_rebounds"":16,""defensive_fouls"":22,""offensive_fouls"":2,""personal_fouls"":24,""fouls"":24,""assists"":19,""steals"":8,""blocks"":1,""turnovers"":19,""points_in_paint"":40,""second_chance_points"":17,""fast_break_points"":8}"
2025-26,2,9,regular_season,1436,2026-01-24,4,3,福爾摩沙夢想家,4,新竹御嵿攻城獅,away,https://api.tpbl.basketball/api/games/1436/stats,29,49,78,29/78,37.2,20,27,47,20/47,42.6,9,22,31,9/31,29.0,24,8,32,24/32,75.0,91,91,95,95,50,33,17,26,3,28,29,19,9,5,19,34,19,10,"{""field_goals_made"":29,""field_goals_missed"":49,""field_goals_attempted"":78,""field_goals"":""29/78"",""field_goals_percentage"":""37.2"",""two_pointers_made"":20,""two_pointers_missed"":27,""two_pointers_attempted"":47,""two_pointers"":""20/47"",""two_pointers_percentage"":""42.6"",""three_pointers_made"":9,""three_pointers_missed"":22,""three_pointers_attempted"":31,""three_pointers"":""9/31"",""three_pointers_percentage"":""29.0"",""free_throws_made"":24,""free_throws_missed"":8,""free_throws_attempted"":32,""free_throws"":""24/32"",""free_throws_percentage"":""75.0"",""won_score"":91,""total_won_score"":91,""lost_score"":95,""total_lost_score"":95,""rebounds"":50,""defensive_rebounds"":33,""offensive_rebounds"":17,""defensive_fouls"":26,""offensive_fouls"":3,""personal_fouls"":28,""fouls"":29,""assists"":19,""steals"":9,""blocks"":5,""turnovers"":19,""points_in_paint"":34,""second_chance_points"":19,""fast_break_points"":10}"
2025-26,2,9,regular_season,1437,2026-01-25,4,6,新北中信特攻,8,臺北台新戰神,home,https://api.tpbl.basketball/api/games/1437/stats,40,40,80,40/80,50.0,26,13,39,26/39,66.7,14,27,41,14/41,34.1,10,5,15,10/15,66.7,104,104,112,112,36,27,9,19,0,19,19,26,7,3,11,50,8,7,"{""field_goals_made"":40,""field_goals_missed"":40,""field_goals_attempted"":80,""field_goals"":""40/80"",""field_goals_percentage"":""50.0"",""two_pointers_made"":26,""two_pointers_missed"":13,""two_pointers_attempted"":39,""two_pointers"":""26/39"",""two_pointers_percentage"":""66.7"",""three_pointers_made"":14,""three_pointers_missed"":27,""three_pointers_attempted"":41,""three_pointers"":""14/41"",""three_pointers_percentage"":""34.1"",""free_throws_made"":10,""free_throws_missed"":5,""free_throws_attempted"":15,""free_throws"":""10/15"",""free_throws_percentage"":""66.7"",""won_score"":104,""total_won_score"":104,""lost_score"":112,""total_lost_score"":112,""rebounds"":36,""defensive_rebounds"":27,""offensive_rebounds"":9,""defensive_fouls"":19,""offensive_fouls"":0,""personal_fouls"":19,""fouls"":19,""assists"":26,""steals"":7,""blocks"":3,""turnovers"":11,""points_in_paint"":50,""second_chance_points"":8,""fast_break_points"":7}"
2025-26,2,9,regular_season,1437,2026-01-25,4,8,臺北台新戰神,6,新北中信特攻,away,https://api.tpbl.basketball/api/games/1437/stats,38,39,77,38/77,49.4,19,15,34,19/34,55.9,19,24,43,19/43,44.2,17,5,22,17/22,77.3,112,112,104,104,43,33,10,15,0,15,15,27,5,2,12,32,11,11,"{""field_goals_made"":38,""field_goals_missed"":39,""field_goals_attempted"":77,""field_goals"":""38/77"",""field_goals_percentage"":""49.4"",""two_pointers_made"":19,""two_pointers_missed"":15,""two_pointers_attempted"":34,""two_pointers"":""19/34"",""two_pointers_percentage"":""55.9"",""three_pointers_made"":19,""three_pointers_missed"":24,""three_pointers_attempted"":43,""three_pointers"":""19/43"",""three_pointers_percentage"":""44.2"",""free_throws_made"":17,""free_throws_missed"":5,""free_throws_attempted"":22,""free_throws"":""17/22"",""free_throws_percentage"":""77.3"",""won_score"":112,""total_won_score"":112,""lost_score"":104,""total_lost_score"":104,""rebounds"":43,""defensive_rebounds"":33,""offensive_rebounds"":10,""defensive_fouls"":15,""offensive_fouls"":0,""personal_fouls"":15,""fouls"":15,""assists"":27,""steals"":5,""blocks"":2,""turnovers"":12,""points_in_paint"":32,""second_chance_points"":11,""fast_break_points"":11}"
2025-26,2,9,regular_season,1438,2026-01-25,4,4,新竹御嵿攻城獅,7,新北國王,home,https://api.tpbl.basketball/api/games/1438/stats,29,47,76,29/76,38.2,20,24,44,20/44,45.5,9,23,32,9/32,28.1,20,9,29,20/29,69.0,87,87,94,94,43,32,11,15,1,15,16,17,11,1,12,34,13,6,"{""field_goals_made"":29,""field_goals_missed"":47,""field_goals_attempted"":76,""field_goals"":""29/76"",""field_goals_percentage"":""38.2"",""two_pointers_made"":20,""two_pointers_missed"":24,""two_pointers_attempted"":44,""two_pointers"":""20/44"",""two_pointers_percentage"":""45.5"",""three_pointers_made"":9,""three_pointers_missed"":23,""three_pointers_attempted"":32,""three_pointers"":""9/32"",""three_pointers_percentage"":""28.1"",""free_throws_made"":20,""free_throws_missed"":9,""free_throws_attempted"":29,""free_throws"":""20/29"",""free_throws_percentage"":""69.0"",""won_score"":87,""total_won_score"":87,""lost_score"":94,""total_lost_score"":94,""rebounds"":43,""defensive_rebounds"":32,""offensive_rebounds"":11,""defensive_fouls"":15,""offensive_fouls"":1,""personal_fouls"":15,""fouls"":16,""assists"":17,""steals"":11,""blocks"":1,""turnovers"":12,""points_in_paint"":34,""second_chance_points"":13,""fast_break_points"":6}"
2025-26,2,9,regular_season,1438,2026-01-25,4,7,新北國王,4,新竹御嵿攻城獅,away,https://api.tpbl.basketball/api/games/1438/stats,35,45,80,35/80,43.8,20,26,46,20/46,43.5,15,19,34,15/34,44.1,9,4,13,9/13,69.2,94,94,87,87,54,39,15,20,3,22,23,18,8,2,19,30,15,5,"{""field_goals_made"":35,""field_goals_missed"":45,""field_goals_attempted"":80,""field_goals"":""35/80"",""field_goals_percentage"":""43.8"",""two_pointers_made"":20,""two_pointers_missed"":26,""two_pointers_attempted"":46,""two_pointers"":""20/46"",""two_pointers_percentage"":""43.5"",""three_pointers_made"":15,""three_pointers_missed"":19,""three_pointers_attempted"":34,""three_pointers"":""15/34"",""three_pointers_percentage"":""44.1"",""free_throws_made"":9,""free_throws_missed"":4,""free_throws_attempted"":13,""free_throws"":""9/13"",""free_throws_percentage"":""69.2"",""won_score"":94,""total_won_score"":94,""lost_score"":87,""total_lost_score"":87,""rebounds"":54,""defensive_rebounds"":39,""offensive_rebounds"":15,""defensive_fouls"":20,""offensive_fouls"":3,""personal_fouls"":22,""fouls"":23,""assists"":18,""steals"":8,""blocks"":2,""turnovers"":19,""points_in_paint"":30,""second_chance_points"":15,""fast_break_points"":5}"
2025-26,2,9,regular_season,1439,2026-01-31,4,3,福爾摩沙夢想家,7,新北國王,home,https://api.tpbl.basketball/api/games/1439/stats,34,57,91,34/91,37.4,21,35,56,21/56,37.5,13,22,35,13/35,37.1,16,8,24,16/24,66.7,97,97,114,114,53,33,20,11,1,12,12,18,5,2,13,38,10,2,"{""field_goals_made"":34,""field_goals_missed"":57,""field_goals_attempted"":91,""field_goals"":""34/91"",""field_goals_percentage"":""37.4"",""two_pointers_made"":21,""two_pointers_missed"":35,""two_pointers_attempted"":56,""two_pointers"":""21/56"",""two_pointers_percentage"":""37.5"",""three_pointers_made"":13,""three_pointers_missed"":22,""three_pointers_attempted"":35,""three_pointers"":""13/35"",""three_pointers_percentage"":""37.1"",""free_throws_made"":16,""free_throws_missed"":8,""free_throws_attempted"":24,""free_throws"":""16/24"",""free_throws_percentage"":""66.7"",""won_score"":97,""total_won_score"":97,""lost_score"":114,""total_lost_score"":114,""rebounds"":53,""defensive_rebounds"":33,""offensive_rebounds"":20,""defensive_fouls"":11,""offensive_fouls"":1,""personal_fouls"":12,""fouls"":12,""assists"":18,""steals"":5,""blocks"":2,""turnovers"":13,""points_in_paint"":38,""second_chance_points"":10,""fast_break_points"":2}"
2025-26,2,9,regular_season,1439,2026-01-31,4,7,新北國王,3,福爾摩沙夢想家,away,https://api.tpbl.basketball/api/games/1439/stats,42,39,81,42/81,51.9,20,18,38,20/38,52.6,22,21,43,22/43,51.2,8,1,9,8/9,88.9,114,114,97,97,43,38,5,22,0,21,22,25,8,6,10,30,2,16,"{""field_goals_made"":42,""field_goals_missed"":39,""field_goals_attempted"":81,""field_goals"":""42/81"",""field_goals_percentage"":""51.9"",""two_pointers_made"":20,""two_pointers_missed"":18,""two_pointers_attempted"":38,""two_pointers"":""20/38"",""two_pointers_percentage"":""52.6"",""three_pointers_made"":22,""three_pointers_missed"":21,""three_pointers_attempted"":43,""three_pointers"":""22/43"",""three_pointers_percentage"":""51.2"",""free_throws_made"":8,""free_throws_missed"":1,""free_throws_attempted"":9,""free_throws"":""8/9"",""free_throws_percentage"":""88.9"",""won_score"":114,""total_won_score"":114,""lost_score"":97,""total_lost_score"":97,""rebounds"":43,""defensive_rebounds"":38,""offensive_rebounds"":5,""defensive_fouls"":22,""offensive_fouls"":0,""personal_fouls"":21,""fouls"":22,""assists"":25,""steals"":8,""blocks"":6,""turnovers"":10,""points_in_paint"":30,""second_chance_points"":2,""fast_break_points"":16}"
2025-26,2,9,regular_season,1440,2026-01-31,4,5,桃園台啤永豐雲豹,4,新竹御嵿攻城獅,home,https://api.tpbl.basketball/api/games/1440/stats,37,47,84,37/84,44.0,29,35,64,29/64,45.3,8,12,20,8/20,40.0,10,9,19,10/19,52.6,92,92,88,88,47,33,14,16,0,16,16,23,13,4,18,48,6,13,"{""field_goals_made"":37,""field_goals_missed"":47,""field_goals_attempted"":84,""field_goals"":""37/84"",""field_goals_percentage"":""44.0"",""two_pointers_made"":29,""two_pointers_missed"":35,""two_pointers_attempted"":64,""two_pointers"":""29/64"",""two_pointers_percentage"":""45.3"",""three_pointers_made"":8,""three_pointers_missed"":12,""three_pointers_attempted"":20,""three_pointers"":""8/20"",""three_pointers_percentage"":""40.0"",""free_throws_made"":10,""free_throws_missed"":9,""free_throws_attempted"":19,""free_throws"":""10/19"",""free_throws_percentage"":""52.6"",""won_score"":92,""total_won_score"":92,""lost_score"":88,""total_lost_score"":88,""rebounds"":47,""defensive_rebounds"":33,""offensive_rebounds"":14,""defensive_fouls"":16,""offensive_fouls"":0,""personal_fouls"":16,""fouls"":16,""assists"":23,""steals"":13,""blocks"":4,""turnovers"":18,""points_in_paint"":48,""second_chance_points"":6,""fast_break_points"":13}"
2025-26,2,9,regular_season,1440,2026-01-31,4,4,新竹御嵿攻城獅,5,桃園台啤永豐雲豹,away,https://api.tpbl.basketball/api/games/1440/stats,31,43,74,31/74,41.9,21,24,45,21/45,46.7,10,19,29,10/29,34.5,16,4,20,16/20,80.0,88,88,92,92,49,38,11,17,1,18,18,25,12,6,23,34,16,12,"{""field_goals_made"":31,""field_goals_missed"":43,""field_goals_attempted"":74,""field_goals"":""31/74"",""field_goals_percentage"":""41.9"",""two_pointers_made"":21,""two_pointers_missed"":24,""two_pointers_attempted"":45,""two_pointers"":""21/45"",""two_pointers_percentage"":""46.7"",""three_pointers_made"":10,""three_pointers_missed"":19,""three_pointers_attempted"":29,""three_pointers"":""10/29"",""three_pointers_percentage"":""34.5"",""free_throws_made"":16,""free_throws_missed"":4,""free_throws_attempted"":20,""free_throws"":""16/20"",""free_throws_percentage"":""80.0"",""won_score"":88,""total_won_score"":88,""lost_score"":92,""total_lost_score"":92,""rebounds"":49,""defensive_rebounds"":38,""offensive_rebounds"":11,""defensive_fouls"":17,""offensive_fouls"":1,""personal_fouls"":18,""fouls"":18,""assists"":25,""steals"":12,""blocks"":6,""turnovers"":23,""points_in_paint"":34,""second_chance_points"":16,""fast_break_points"":12}"
2025-26,2,9,regular_season,1441,2026-02-01,4,3,福爾摩沙夢想家,2,高雄全家海神,home,https://api.tpbl.basketball/api/games/1441/stats,33,49,82,33/82,40.2,24,23,47,24/47,51.1,9,26,35,9/35,25.7,21,5,26,21/26,80.8,96,96,93,93,55,33,22,18,1,18,19,21,12,4,20,44,20,10,"{""field_goals_made"":33,""field_goals_missed"":49,""field_goals_attempted"":82,""field_goals"":""33/82"",""field_goals_percentage"":""40.2"",""two_pointers_made"":24,""two_pointers_missed"":23,""two_pointers_attempted"":47,""two_pointers"":""24/47"",""two_pointers_percentage"":""51.1"",""three_pointers_made"":9,""three_pointers_missed"":26,""three_pointers_attempted"":35,""three_pointers"":""9/35"",""three_pointers_percentage"":""25.7"",""free_throws_made"":21,""free_throws_missed"":5,""free_throws_attempted"":26,""free_throws"":""21/26"",""free_throws_percentage"":""80.8"",""won_score"":96,""total_won_score"":96,""lost_score"":93,""total_lost_score"":93,""rebounds"":55,""defensive_rebounds"":33,""offensive_rebounds"":22,""defensive_fouls"":18,""offensive_fouls"":1,""personal_fouls"":18,""fouls"":19,""assists"":21,""steals"":12,""blocks"":4,""turnovers"":20,""points_in_paint"":44,""second_chance_points"":20,""fast_break_points"":10}"
2025-26,2,9,regular_season,1441,2026-02-01,4,2,高雄全家海神,3,福爾摩沙夢想家,away,https://api.tpbl.basketball/api/games/1441/stats,34,52,86,34/86,39.5,23,19,42,23/42,54.8,11,33,44,11/44,25.0,14,2,16,14/16,87.5,93,93,96,96,47,29,18,20,2,21,22,25,10,1,18,38,17,9,"{""field_goals_made"":34,""field_goals_missed"":52,""field_goals_attempted"":86,""field_goals"":""34/86"",""field_goals_percentage"":""39.5"",""two_pointers_made"":23,""two_pointers_missed"":19,""two_pointers_attempted"":42,""two_pointers"":""23/42"",""two_pointers_percentage"":""54.8"",""three_pointers_made"":11,""three_pointers_missed"":33,""three_pointers_attempted"":44,""three_pointers"":""11/44"",""three_pointers_percentage"":""25.0"",""free_throws_made"":14,""free_throws_missed"":2,""free_throws_attempted"":16,""free_throws"":""14/16"",""free_throws_percentage"":""87.5"",""won_score"":93,""total_won_score"":93,""lost_score"":96,""total_lost_score"":96,""rebounds"":47,""defensive_rebounds"":29,""offensive_rebounds"":18,""defensive_fouls"":20,""offensive_fouls"":2,""personal_fouls"":21,""fouls"":22,""assists"":25,""steals"":10,""blocks"":1,""turnovers"":18,""points_in_paint"":38,""second_chance_points"":17,""fast_break_points"":9}"
2025-26,2,9,regular_season,1442,2026-02-01,4,5,桃園台啤永豐雲豹,8,臺北台新戰神,home,https://api.tpbl.basketball/api/games/1442/stats,36,50,86,36/86,41.9,27,26,53,27/53,50.9,9,24,33,9/33,27.3,17,6,23,17/23,73.9,98,98,87,87,49,35,14,21,0,20,21,18,10,5,12,40,12,11,"{""field_goals_made"":36,""field_goals_missed"":50,""field_goals_attempted"":86,""field_goals"":""36/86"",""field_goals_percentage"":""41.9"",""two_pointers_made"":27,""two_pointers_missed"":26,""two_pointers_attempted"":53,""two_pointers"":""27/53"",""two_pointers_percentage"":""50.9"",""three_pointers_made"":9,""three_pointers_missed"":24,""three_pointers_attempted"":33,""three_pointers"":""9/33"",""three_pointers_percentage"":""27.3"",""free_throws_made"":17,""free_throws_missed"":6,""free_throws_attempted"":23,""free_throws"":""17/23"",""free_throws_percentage"":""73.9"",""won_score"":98,""total_won_score"":98,""lost_score"":87,""total_lost_score"":87,""rebounds"":49,""defensive_rebounds"":35,""offensive_rebounds"":14,""defensive_fouls"":21,""offensive_fouls"":0,""personal_fouls"":20,""fouls"":21,""assists"":18,""steals"":10,""blocks"":5,""turnovers"":12,""points_in_paint"":40,""second_chance_points"":12,""fast_break_points"":11}"
2025-26,2,9,regular_season,1442,2026-02-01,4,8,臺北台新戰神,5,桃園台啤永豐雲豹,away,https://api.tpbl.basketball/api/games/1442/stats,32,41,73,32/73,43.8,24,16,40,24/40,60.0,8,25,33,8/33,24.2,15,11,26,15/26,57.7,87,87,98,98,48,38,10,19,4,22,23,17,6,2,21,40,14,8,"{""field_goals_made"":32,""field_goals_missed"":41,""field_goals_attempted"":73,""field_goals"":""32/73"",""field_goals_percentage"":""43.8"",""two_pointers_made"":24,""two_pointers_missed"":16,""two_pointers_attempted"":40,""two_pointers"":""24/40"",""two_pointers_percentage"":""60.0"",""three_pointers_made"":8,""three_pointers_missed"":25,""three_pointers_attempted"":33,""three_pointers"":""8/33"",""three_pointers_percentage"":""24.2"",""free_throws_made"":15,""free_throws_missed"":11,""free_throws_attempted"":26,""free_throws"":""15/26"",""free_throws_percentage"":""57.7"",""won_score"":87,""total_won_score"":87,""lost_score"":98,""total_lost_score"":98,""rebounds"":48,""defensive_rebounds"":38,""offensive_rebounds"":10,""defensive_fouls"":19,""offensive_fouls"":4,""personal_fouls"":22,""fouls"":23,""assists"":17,""steals"":6,""blocks"":2,""turnovers"":21,""points_in_paint"":40,""second_chance_points"":14,""fast_break_points"":8}"
2025-26,2,9,regular_season,1443,2026-02-07,4,2,高雄全家海神,5,桃園台啤永豐雲豹,home,https://api.tpbl.basketball/api/games/1443/stats,27,59,86,27/86,31.4,18,36,54,18/54,33.3,9,23,32,9/32,28.1,12,4,16,12/16,75.0,75,75,101,101,51,33,18,19,3,22,22,13,11,1,24,36,16,2,"{""field_goals_made"":27,""field_goals_missed"":59,""field_goals_attempted"":86,""field_goals"":""27/86"",""field_goals_percentage"":""31.4"",""two_pointers_made"":18,""two_pointers_missed"":36,""two_pointers_attempted"":54,""two_pointers"":""18/54"",""two_pointers_percentage"":""33.3"",""three_pointers_made"":9,""three_pointers_missed"":23,""three_pointers_attempted"":32,""three_pointers"":""9/32"",""three_pointers_percentage"":""28.1"",""free_throws_made"":12,""free_throws_missed"":4,""free_throws_attempted"":16,""free_throws"":""12/16"",""free_throws_percentage"":""75.0"",""won_score"":75,""total_won_score"":75,""lost_score"":101,""total_lost_score"":101,""rebounds"":51,""defensive_rebounds"":33,""offensive_rebounds"":18,""defensive_fouls"":19,""offensive_fouls"":3,""personal_fouls"":22,""fouls"":22,""assists"":13,""steals"":11,""blocks"":1,""turnovers"":24,""points_in_paint"":36,""second_chance_points"":16,""fast_break_points"":2}"
2025-26,2,9,regular_season,1443,2026-02-07,4,5,桃園台啤永豐雲豹,2,高雄全家海神,away,https://api.tpbl.basketball/api/games/1443/stats,40,33,73,40/73,54.8,33,17,50,33/50,66.0,7,16,23,7/23,30.4,14,10,24,14/24,58.3,101,101,75,75,45,39,6,14,2,16,16,24,11,5,20,60,11,18,"{""field_goals_made"":40,""field_goals_missed"":33,""field_goals_attempted"":73,""field_goals"":""40/73"",""field_goals_percentage"":""54.8"",""two_pointers_made"":33,""two_pointers_missed"":17,""two_pointers_attempted"":50,""two_pointers"":""33/50"",""two_pointers_percentage"":""66.0"",""three_pointers_made"":7,""three_pointers_missed"":16,""three_pointers_attempted"":23,""three_pointers"":""7/23"",""three_pointers_percentage"":""30.4"",""free_throws_made"":14,""free_throws_missed"":10,""free_throws_attempted"":24,""free_throws"":""14/24"",""free_throws_percentage"":""58.3"",""won_score"":101,""total_won_score"":101,""lost_score"":75,""total_lost_score"":75,""rebounds"":45,""defensive_rebounds"":39,""offensive_rebounds"":6,""defensive_fouls"":14,""offensive_fouls"":2,""personal_fouls"":16,""fouls"":16,""assists"":24,""steals"":11,""blocks"":5,""turnovers"":20,""points_in_paint"":60,""second_chance_points"":11,""fast_break_points"":18}"
2025-26,2,9,regular_season,1444,2026-02-07,4,8,臺北台新戰神,7,新北國王,home,https://api.tpbl.basketball/api/games/1444/stats,29,39,68,29/68,42.6,20,18,38,20/38,52.6,9,21,30,9/30,30.0,29,8,37,29/37,78.4,96,96,98,98,36,27,9,19,0,17,19,15,11,1,12,32,8,6,"{""field_goals_made"":29,""field_goals_missed"":39,""field_goals_attempted"":68,""field_goals"":""29/68"",""field_goals_percentage"":""42.6"",""two_pointers_made"":20,""two_pointers_missed"":18,""two_pointers_attempted"":38,""two_pointers"":""20/38"",""two_pointers_percentage"":""52.6"",""three_pointers_made"":9,""three_pointers_missed"":21,""three_pointers_attempted"":30,""three_pointers"":""9/30"",""three_pointers_percentage"":""30.0"",""free_throws_made"":29,""free_throws_missed"":8,""free_throws_attempted"":37,""free_throws"":""29/37"",""free_throws_percentage"":""78.4"",""won_score"":96,""total_won_score"":96,""lost_score"":98,""total_lost_score"":98,""rebounds"":36,""defensive_rebounds"":27,""offensive_rebounds"":9,""defensive_fouls"":19,""offensive_fouls"":0,""personal_fouls"":17,""fouls"":19,""assists"":15,""steals"":11,""blocks"":1,""turnovers"":12,""points_in_paint"":32,""second_chance_points"":8,""fast_break_points"":6}"
2025-26,2,9,regular_season,1444,2026-02-07,4,7,新北國王,8,臺北台新戰神,away,https://api.tpbl.basketball/api/games/1444/stats,35,37,72,35/72,48.6,21,16,37,21/37,56.8,14,21,35,14/35,40.0,14,1,15,14/15,93.3,98,98,96,96,44,35,9,24,2,25,27,23,9,1,21,30,9,10,"{""field_goals_made"":35,""field_goals_missed"":37,""field_goals_attempted"":72,""field_goals"":""35/72"",""field_goals_percentage"":""48.6"",""two_pointers_made"":21,""two_pointers_missed"":16,""two_pointers_attempted"":37,""two_pointers"":""21/37"",""two_pointers_percentage"":""56.8"",""three_pointers_made"":14,""three_pointers_missed"":21,""three_pointers_attempted"":35,""three_pointers"":""14/35"",""three_pointers_percentage"":""40.0"",""free_throws_made"":14,""free_throws_missed"":1,""free_throws_attempted"":15,""free_throws"":""14/15"",""free_throws_percentage"":""93.3"",""won_score"":98,""total_won_score"":98,""lost_score"":96,""total_lost_score"":96,""rebounds"":44,""defensive_rebounds"":35,""offensive_rebounds"":9,""defensive_fouls"":24,""offensive_fouls"":2,""personal_fouls"":25,""fouls"":27,""assists"":23,""steals"":9,""blocks"":1,""turnovers"":21,""points_in_paint"":30,""second_chance_points"":9,""fast_break_points"":10}"
2025-26,2,9,regular_season,1445,2026-02-08,4,2,高雄全家海神,6,新北中信特攻,home,https://api.tpbl.basketball/api/games/1445/stats,28,49,77,28/77,36.4,18,22,40,18/40,45.0,10,27,37,10/37,27.0,18,6,24,18/24,75.0,84,84,113,113,46,30,16,21,0,20,21,16,9,1,24,32,21,6,"{""field_goals_made"":28,""field_goals_missed"":49,""field_goals_attempted"":77,""field_goals"":""28/77"",""field_goals_percentage"":""36.4"",""two_pointers_made"":18,""two_pointers_missed"":22,""two_pointers_attempted"":40,""two_pointers"":""18/40"",""two_pointers_percentage"":""45.0"",""three_pointers_made"":10,""three_pointers_missed"":27,""three_pointers_attempted"":37,""three_pointers"":""10/37"",""three_pointers_percentage"":""27.0"",""free_throws_made"":18,""free_throws_missed"":6,""free_throws_attempted"":24,""free_throws"":""18/24"",""free_throws_percentage"":""75.0"",""won_score"":84,""total_won_score"":84,""lost_score"":113,""total_lost_score"":113,""rebounds"":46,""defensive_rebounds"":30,""offensive_rebounds"":16,""defensive_fouls"":21,""offensive_fouls"":0,""personal_fouls"":20,""fouls"":21,""assists"":16,""steals"":9,""blocks"":1,""turnovers"":24,""points_in_paint"":32,""second_chance_points"":21,""fast_break_points"":6}"
2025-26,2,9,regular_season,1445,2026-02-08,4,6,新北中信特攻,2,高雄全家海神,away,https://api.tpbl.basketball/api/games/1445/stats,40,46,86,40/86,46.5,28,23,51,28/51,54.9,12,23,35,12/35,34.3,21,3,24,21/24,87.5,113,113,84,84,45,34,11,21,2,22,23,30,20,3,14,48,12,30,"{""field_goals_made"":40,""field_goals_missed"":46,""field_goals_attempted"":86,""field_goals"":""40/86"",""field_goals_percentage"":""46.5"",""two_pointers_made"":28,""two_pointers_missed"":23,""two_pointers_attempted"":51,""two_pointers"":""28/51"",""two_pointers_percentage"":""54.9"",""three_pointers_made"":12,""three_pointers_missed"":23,""three_pointers_attempted"":35,""three_pointers"":""12/35"",""three_pointers_percentage"":""34.3"",""free_throws_made"":21,""free_throws_missed"":3,""free_throws_attempted"":24,""free_throws"":""21/24"",""free_throws_percentage"":""87.5"",""won_score"":113,""total_won_score"":113,""lost_score"":84,""total_lost_score"":84,""rebounds"":45,""defensive_rebounds"":34,""offensive_rebounds"":11,""defensive_fouls"":21,""offensive_fouls"":2,""personal_fouls"":22,""fouls"":23,""assists"":30,""steals"":20,""blocks"":3,""turnovers"":14,""points_in_paint"":48,""second_chance_points"":12,""fast_break_points"":30}"
2025-26,2,9,regular_season,1446,2026-02-08,4,8,臺北台新戰神,3,福爾摩沙夢想家,home,https://api.tpbl.basketball/api/games/1446/stats,26,55,81,26/81,32.1,10,21,31,10/31,32.3,16,34,50,16/50,32.0,23,6,29,23/29,79.3,91,91,104,104,49,35,14,18,1,19,19,16,4,3,8,14,4,3,"{""field_goals_made"":26,""field_goals_missed"":55,""field_goals_attempted"":81,""field_goals"":""26/81"",""field_goals_percentage"":""32.1"",""two_pointers_made"":10,""two_pointers_missed"":21,""two_pointers_attempted"":31,""two_pointers"":""10/31"",""two_pointers_percentage"":""32.3"",""three_pointers_made"":16,""three_pointers_missed"":34,""three_pointers_attempted"":50,""three_pointers"":""16/50"",""three_pointers_percentage"":""32.0"",""free_throws_made"":23,""free_throws_missed"":6,""free_throws_attempted"":29,""free_throws"":""23/29"",""free_throws_percentage"":""79.3"",""won_score"":91,""total_won_score"":91,""lost_score"":104,""total_lost_score"":104,""rebounds"":49,""defensive_rebounds"":35,""offensive_rebounds"":14,""defensive_fouls"":18,""offensive_fouls"":1,""personal_fouls"":19,""fouls"":19,""assists"":16,""steals"":4,""blocks"":3,""turnovers"":8,""points_in_paint"":14,""second_chance_points"":4,""fast_break_points"":3}"
2025-26,2,9,regular_season,1446,2026-02-08,4,3,福爾摩沙夢想家,8,臺北台新戰神,away,https://api.tpbl.basketball/api/games/1446/stats,37,48,85,37/85,43.5,22,23,45,22/45,48.9,15,25,40,15/40,37.5,15,5,20,15/20,75.0,104,104,91,91,56,41,15,20,1,20,21,28,4,6,8,42,17,4,"{""field_goals_made"":37,""field_goals_missed"":48,""field_goals_attempted"":85,""field_goals"":""37/85"",""field_goals_percentage"":""43.5"",""two_pointers_made"":22,""two_pointers_missed"":23,""two_pointers_attempted"":45,""two_pointers"":""22/45"",""two_pointers_percentage"":""48.9"",""three_pointers_made"":15,""three_pointers_missed"":25,""three_pointers_attempted"":40,""three_pointers"":""15/40"",""three_pointers_percentage"":""37.5"",""free_throws_made"":15,""free_throws_missed"":5,""free_throws_attempted"":20,""free_throws"":""15/20"",""free_throws_percentage"":""75.0"",""won_score"":104,""total_won_score"":104,""lost_score"":91,""total_lost_score"":91,""rebounds"":56,""defensive_rebounds"":41,""offensive_rebounds"":15,""defensive_fouls"":20,""offensive_fouls"":1,""personal_fouls"":20,""fouls"":21,""assists"":28,""steals"":4,""blocks"":6,""turnovers"":8,""points_in_paint"":42,""second_chance_points"":17,""fast_break_points"":4}"
2025-26,2,9,regular_season,1447,2026-02-11,4,8,臺北台新戰神,2,高雄全家海神,home,https://api.tpbl.basketball/api/games/1447/stats,26,37,63,26/63,41.3,17,16,33,17/33,51.5,9,21,30,9/30,30.0,29,12,41,29/41,70.7,90,90,104,104,35,26,9,21,3,24,24,18,9,3,15,28,6,13,"{""field_goals_made"":26,""field_goals_missed"":37,""field_goals_attempted"":63,""field_goals"":""26/63"",""field_goals_percentage"":""41.3"",""two_pointers_made"":17,""two_pointers_missed"":16,""two_pointers_attempted"":33,""two_pointers"":""17/33"",""two_pointers_percentage"":""51.5"",""three_pointers_made"":9,""three_pointers_missed"":21,""three_pointers_attempted"":30,""three_pointers"":""9/30"",""three_pointers_percentage"":""30.0"",""free_throws_made"":29,""free_throws_missed"":12,""free_throws_attempted"":41,""free_throws"":""29/41"",""free_throws_percentage"":""70.7"",""won_score"":90,""total_won_score"":90,""lost_score"":104,""total_lost_score"":104,""rebounds"":35,""defensive_rebounds"":26,""offensive_rebounds"":9,""defensive_fouls"":21,""offensive_fouls"":3,""personal_fouls"":24,""fouls"":24,""assists"":18,""steals"":9,""blocks"":3,""turnovers"":15,""points_in_paint"":28,""second_chance_points"":6,""fast_break_points"":13}"
2025-26,2,9,regular_season,1447,2026-02-11,4,2,高雄全家海神,8,臺北台新戰神,away,https://api.tpbl.basketball/api/games/1447/stats,36,49,85,36/85,42.4,21,21,42,21/42,50.0,15,28,43,15/43,34.9,17,4,21,17/21,81.0,104,104,90,90,55,33,22,28,1,27,30,23,9,2,16,40,14,2,"{""field_goals_made"":36,""field_goals_missed"":49,""field_goals_attempted"":85,""field_goals"":""36/85"",""field_goals_percentage"":""42.4"",""two_pointers_made"":21,""two_pointers_missed"":21,""two_pointers_attempted"":42,""two_pointers"":""21/42"",""two_pointers_percentage"":""50.0"",""three_pointers_made"":15,""three_pointers_missed"":28,""three_pointers_attempted"":43,""three_pointers"":""15/43"",""three_pointers_percentage"":""34.9"",""free_throws_made"":17,""free_throws_missed"":4,""free_throws_attempted"":21,""free_throws"":""17/21"",""free_throws_percentage"":""81.0"",""won_score"":104,""total_won_score"":104,""lost_score"":90,""total_lost_score"":90,""rebounds"":55,""defensive_rebounds"":33,""offensive_rebounds"":22,""defensive_fouls"":28,""offensive_fouls"":1,""personal_fouls"":27,""fouls"":30,""assists"":23,""steals"":9,""blocks"":2,""turnovers"":16,""points_in_paint"":40,""second_chance_points"":14,""fast_break_points"":2}"
2025-26,2,9,regular_season,1448,2026-02-14,4,7,新北國王,8,臺北台新戰神,home,https://api.tpbl.basketball/api/games/1448/stats,43,46,89,43/89,48.3,30,23,53,30/53,56.6,13,23,36,13/36,36.1,17,10,27,17/27,63.0,116,116,95,95,48,33,15,21,1,21,22,32,14,5,13,60,10,18,"{""field_goals_made"":43,""field_goals_missed"":46,""field_goals_attempted"":89,""field_goals"":""43/89"",""field_goals_percentage"":""48.3"",""two_pointers_made"":30,""two_pointers_missed"":23,""two_pointers_attempted"":53,""two_pointers"":""30/53"",""two_pointers_percentage"":""56.6"",""three_pointers_made"":13,""three_pointers_missed"":23,""three_pointers_attempted"":36,""three_pointers"":""13/36"",""three_pointers_percentage"":""36.1"",""free_throws_made"":17,""free_throws_missed"":10,""free_throws_attempted"":27,""free_throws"":""17/27"",""free_throws_percentage"":""63.0"",""won_score"":116,""total_won_score"":116,""lost_score"":95,""total_lost_score"":95,""rebounds"":48,""defensive_rebounds"":33,""offensive_rebounds"":15,""defensive_fouls"":21,""offensive_fouls"":1,""personal_fouls"":21,""fouls"":22,""assists"":32,""steals"":14,""blocks"":5,""turnovers"":13,""points_in_paint"":60,""second_chance_points"":10,""fast_break_points"":18}"
2025-26,2,9,regular_season,1448,2026-02-14,4,8,臺北台新戰神,7,新北國王,away,https://api.tpbl.basketball/api/games/1448/stats,31,41,72,31/72,43.1,20,18,38,20/38,52.6,11,23,34,11/34,32.4,22,10,32,22/32,68.8,95,95,116,116,49,37,12,22,0,20,22,17,8,2,22,30,9,6,"{""field_goals_made"":31,""field_goals_missed"":41,""field_goals_attempted"":72,""field_goals"":""31/72"",""field_goals_percentage"":""43.1"",""two_pointers_made"":20,""two_pointers_missed"":18,""two_pointers_attempted"":38,""two_pointers"":""20/38"",""two_pointers_percentage"":""52.6"",""three_pointers_made"":11,""three_pointers_missed"":23,""three_pointers_attempted"":34,""three_pointers"":""11/34"",""three_pointers_percentage"":""32.4"",""free_throws_made"":22,""free_throws_missed"":10,""free_throws_attempted"":32,""free_throws"":""22/32"",""free_throws_percentage"":""68.8"",""won_score"":95,""total_won_score"":95,""lost_score"":116,""total_lost_score"":116,""rebounds"":49,""defensive_rebounds"":37,""offensive_rebounds"":12,""defensive_fouls"":22,""offensive_fouls"":0,""personal_fouls"":20,""fouls"":22,""assists"":17,""steals"":8,""blocks"":2,""turnovers"":22,""points_in_paint"":30,""second_chance_points"":9,""fast_break_points"":6}"
2025-26,2,9,regular_season,1449,2026-02-14,4,5,桃園台啤永豐雲豹,3,福爾摩沙夢想家,home,https://api.tpbl.basketball/api/games/1449/stats,37,59,96,37/96,38.5,26,36,62,26/62,41.9,11,23,34,11/34,32.4,13,8,21,13/21,61.9,98,98,100,100,53,29,24,17,2,19,19,24,7,4,12,36,21,14,"{""field_goals_made"":37,""field_goals_missed"":59,""field_goals_attempted"":96,""field_goals"":""37/96"",""field_goals_percentage"":""38.5"",""two_pointers_made"":26,""two_pointers_missed"":36,""two_pointers_attempted"":62,""two_pointers"":""26/62"",""two_pointers_percentage"":""41.9"",""three_pointers_made"":11,""three_pointers_missed"":23,""three_pointers_attempted"":34,""three_pointers"":""11/34"",""three_pointers_percentage"":""32.4"",""free_throws_made"":13,""free_throws_missed"":8,""free_throws_attempted"":21,""free_throws"":""13/21"",""free_throws_percentage"":""61.9"",""won_score"":98,""total_won_score"":98,""lost_score"":100,""total_lost_score"":100,""rebounds"":53,""defensive_rebounds"":29,""offensive_rebounds"":24,""defensive_fouls"":17,""offensive_fouls"":2,""personal_fouls"":19,""fouls"":19,""assists"":24,""steals"":7,""blocks"":4,""turnovers"":12,""points_in_paint"":36,""second_chance_points"":21,""fast_break_points"":14}"
2025-26,2,9,regular_season,1449,2026-02-14,4,3,福爾摩沙夢想家,5,桃園台啤永豐雲豹,away,https://api.tpbl.basketball/api/games/1449/stats,37,40,77,37/77,48.1,25,23,48,25/48,52.1,12,17,29,12/29,41.4,14,8,22,14/22,63.6,100,100,98,98,48,35,13,18,3,20,21,27,5,2,15,34,10,2,"{""field_goals_made"":37,""field_goals_missed"":40,""field_goals_attempted"":77,""field_goals"":""37/77"",""field_goals_percentage"":""48.1"",""two_pointers_made"":25,""two_pointers_missed"":23,""two_pointers_attempted"":48,""two_pointers"":""25/48"",""two_pointers_percentage"":""52.1"",""three_pointers_made"":12,""three_pointers_missed"":17,""three_pointers_attempted"":29,""three_pointers"":""12/29"",""three_pointers_percentage"":""41.4"",""free_throws_made"":14,""free_throws_missed"":8,""free_throws_attempted"":22,""free_throws"":""14/22"",""free_throws_percentage"":""63.6"",""won_score"":100,""total_won_score"":100,""lost_score"":98,""total_lost_score"":98,""rebounds"":48,""defensive_rebounds"":35,""offensive_rebounds"":13,""defensive_fouls"":18,""offensive_fouls"":3,""personal_fouls"":20,""fouls"":21,""assists"":27,""steals"":5,""blocks"":2,""turnovers"":15,""points_in_paint"":34,""second_chance_points"":10,""fast_break_points"":2}"
2025-26,2,9,regular_season,1450,2026-02-15,4,7,新北國王,4,新竹御嵿攻城獅,home,https://api.tpbl.basketball/api/games/1450/stats,36,45,81,36/81,44.4,25,24,49,25/49,51.0,11,21,32,11/32,34.4,17,2,19,17/19,89.5,100,100,85,85,53,40,13,16,0,16,16,26,8,3,14,36,13,13,"{""field_goals_made"":36,""field_goals_missed"":45,""field_goals_attempted"":81,""field_goals"":""36/81"",""field_goals_percentage"":""44.4"",""two_pointers_made"":25,""two_pointers_missed"":24,""two_pointers_attempted"":49,""two_pointers"":""25/49"",""two_pointers_percentage"":""51.0"",""three_pointers_made"":11,""three_pointers_missed"":21,""three_pointers_attempted"":32,""three_pointers"":""11/32"",""three_pointers_percentage"":""34.4"",""free_throws_made"":17,""free_throws_missed"":2,""free_throws_attempted"":19,""free_throws"":""17/19"",""free_throws_percentage"":""89.5"",""won_score"":100,""total_won_score"":100,""lost_score"":85,""total_lost_score"":85,""rebounds"":53,""defensive_rebounds"":40,""offensive_rebounds"":13,""defensive_fouls"":16,""offensive_fouls"":0,""personal_fouls"":16,""fouls"":16,""assists"":26,""steals"":8,""blocks"":3,""turnovers"":14,""points_in_paint"":36,""second_chance_points"":13,""fast_break_points"":13}"
2025-26,2,9,regular_season,1450,2026-02-15,4,4,新竹御嵿攻城獅,7,新北國王,away,https://api.tpbl.basketball/api/games/1450/stats,32,48,80,32/80,40.0,20,28,48,20/48,41.7,12,20,32,12/32,37.5,9,4,13,9/13,69.2,85,85,100,100,41,31,10,17,1,17,18,21,8,4,15,36,9,8,"{""field_goals_made"":32,""field_goals_missed"":48,""field_goals_attempted"":80,""field_goals"":""32/80"",""field_goals_percentage"":""40.0"",""two_pointers_made"":20,""two_pointers_missed"":28,""two_pointers_attempted"":48,""two_pointers"":""20/48"",""two_pointers_percentage"":""41.7"",""three_pointers_made"":12,""three_pointers_missed"":20,""three_pointers_attempted"":32,""three_pointers"":""12/32"",""three_pointers_percentage"":""37.5"",""free_throws_made"":9,""free_throws_missed"":4,""free_throws_attempted"":13,""free_throws"":""9/13"",""free_throws_percentage"":""69.2"",""won_score"":85,""total_won_score"":85,""lost_score"":100,""total_lost_score"":100,""rebounds"":41,""defensive_rebounds"":31,""offensive_rebounds"":10,""defensive_fouls"":17,""offensive_fouls"":1,""personal_fouls"":17,""fouls"":18,""assists"":21,""steals"":8,""blocks"":4,""turnovers"":15,""points_in_paint"":36,""second_chance_points"":9,""fast_break_points"":8}"
2025-26,2,9,regular_season,1451,2026-02-15,4,5,桃園台啤永豐雲豹,6,新北中信特攻,home,https://api.tpbl.basketball/api/games/1451/stats,35,45,80,35/80,43.8,28,23,51,28/51,54.9,7,22,29,7/29,24.1,19,5,24,19/24,79.2,96,96,93,93,52,39,13,17,1,16,18,20,11,6,13,42,15,17,"{""field_goals_made"":35,""field_goals_missed"":45,""field_goals_attempted"":80,""field_goals"":""35/80"",""field_goals_percentage"":""43.8"",""two_pointers_made"":28,""two_pointers_missed"":23,""two_pointers_attempted"":51,""two_pointers"":""28/51"",""two_pointers_percentage"":""54.9"",""three_pointers_made"":7,""three_pointers_missed"":22,""three_pointers_attempted"":29,""three_pointers"":""7/29"",""three_pointers_percentage"":""24.1"",""free_throws_made"":19,""free_throws_missed"":5,""free_throws_attempted"":24,""free_throws"":""19/24"",""free_throws_percentage"":""79.2"",""won_score"":96,""total_won_score"":96,""lost_score"":93,""total_lost_score"":93,""rebounds"":52,""defensive_rebounds"":39,""offensive_rebounds"":13,""defensive_fouls"":17,""offensive_fouls"":1,""personal_fouls"":16,""fouls"":18,""assists"":20,""steals"":11,""blocks"":6,""turnovers"":13,""points_in_paint"":42,""second_chance_points"":15,""fast_break_points"":17}"
2025-26,2,9,regular_season,1451,2026-02-15,4,6,新北中信特攻,5,桃園台啤永豐雲豹,away,https://api.tpbl.basketball/api/games/1451/stats,32,60,92,32/92,34.8,20,35,55,20/55,36.4,12,25,37,12/37,32.4,17,4,21,17/21,81.0,93,93,96,96,57,33,24,17,1,18,18,22,6,3,15,28,20,7,"{""field_goals_made"":32,""field_goals_missed"":60,""field_goals_attempted"":92,""field_goals"":""32/92"",""field_goals_percentage"":""34.8"",""two_pointers_made"":20,""two_pointers_missed"":35,""two_pointers_attempted"":55,""two_pointers"":""20/55"",""two_pointers_percentage"":""36.4"",""three_pointers_made"":12,""three_pointers_missed"":25,""three_pointers_attempted"":37,""three_pointers"":""12/37"",""three_pointers_percentage"":""32.4"",""free_throws_made"":17,""free_throws_missed"":4,""free_throws_attempted"":21,""free_throws"":""17/21"",""free_throws_percentage"":""81.0"",""won_score"":93,""total_won_score"":93,""lost_score"":96,""total_lost_score"":96,""rebounds"":57,""defensive_rebounds"":33,""offensive_rebounds"":24,""defensive_fouls"":17,""offensive_fouls"":1,""personal_fouls"":18,""fouls"":18,""assists"":22,""steals"":6,""blocks"":3,""turnovers"":15,""points_in_paint"":28,""second_chance_points"":20,""fast_break_points"":7}"
2025-26,2,9,regular_season,1452,2026-03-04,4,7,新北國王,5,桃園台啤永豐雲豹,home,https://api.tpbl.basketball/api/games/1452/stats,39,56,95,39/95,41.1,29,32,61,29/61,47.5,10,24,34,10/34,29.4,12,5,17,12/17,70.6,100,100,116,116,46,25,21,22,3,23,25,23,6,1,13,48,21,8,"{""field_goals_made"":39,""field_goals_missed"":56,""field_goals_attempted"":95,""field_goals"":""39/95"",""field_goals_percentage"":""41.1"",""two_pointers_made"":29,""two_pointers_missed"":32,""two_pointers_attempted"":61,""two_pointers"":""29/61"",""two_pointers_percentage"":""47.5"",""three_pointers_made"":10,""three_pointers_missed"":24,""three_pointers_attempted"":34,""three_pointers"":""10/34"",""three_pointers_percentage"":""29.4"",""free_throws_made"":12,""free_throws_missed"":5,""free_throws_attempted"":17,""free_throws"":""12/17"",""free_throws_percentage"":""70.6"",""won_score"":100,""total_won_score"":100,""lost_score"":116,""total_lost_score"":116,""rebounds"":46,""defensive_rebounds"":25,""offensive_rebounds"":21,""defensive_fouls"":22,""offensive_fouls"":3,""personal_fouls"":23,""fouls"":25,""assists"":23,""steals"":6,""blocks"":1,""turnovers"":13,""points_in_paint"":48,""second_chance_points"":21,""fast_break_points"":8}"
2025-26,2,9,regular_season,1452,2026-03-04,4,5,桃園台啤永豐雲豹,7,新北國王,away,https://api.tpbl.basketball/api/games/1452/stats,44,38,82,44/82,53.7,37,26,63,37/63,58.7,7,12,19,7/19,36.8,21,9,30,21/30,70.0,116,116,100,100,51,37,14,17,1,18,18,21,7,3,14,66,21,8,"{""field_goals_made"":44,""field_goals_missed"":38,""field_goals_attempted"":82,""field_goals"":""44/82"",""field_goals_percentage"":""53.7"",""two_pointers_made"":37,""two_pointers_missed"":26,""two_pointers_attempted"":63,""two_pointers"":""37/63"",""two_pointers_percentage"":""58.7"",""three_pointers_made"":7,""three_pointers_missed"":12,""three_pointers_attempted"":19,""three_pointers"":""7/19"",""three_pointers_percentage"":""36.8"",""free_throws_made"":21,""free_throws_missed"":9,""free_throws_attempted"":30,""free_throws"":""21/30"",""free_throws_percentage"":""70.0"",""won_score"":116,""total_won_score"":116,""lost_score"":100,""total_lost_score"":100,""rebounds"":51,""defensive_rebounds"":37,""offensive_rebounds"":14,""defensive_fouls"":17,""offensive_fouls"":1,""personal_fouls"":18,""fouls"":18,""assists"":21,""steals"":7,""blocks"":3,""turnovers"":14,""points_in_paint"":66,""second_chance_points"":21,""fast_break_points"":8}"
2025-26,2,9,regular_season,1453,2026-03-06,4,7,新北國王,8,臺北台新戰神,home,https://api.tpbl.basketball/api/games/1453/stats,34,41,75,34/75,45.3,29,30,59,29/59,49.2,5,11,16,5/16,31.3,20,5,25,20/25,80.0,93,93,90,90,40,29,11,19,3,22,22,21,13,8,13,42,14,10,"{""field_goals_made"":34,""field_goals_missed"":41,""field_goals_attempted"":75,""field_goals"":""34/75"",""field_goals_percentage"":""45.3"",""two_pointers_made"":29,""two_pointers_missed"":30,""two_pointers_attempted"":59,""two_pointers"":""29/59"",""two_pointers_percentage"":""49.2"",""three_pointers_made"":5,""three_pointers_missed"":11,""three_pointers_attempted"":16,""three_pointers"":""5/16"",""three_pointers_percentage"":""31.3"",""free_throws_made"":20,""free_throws_missed"":5,""free_throws_attempted"":25,""free_throws"":""20/25"",""free_throws_percentage"":""80.0"",""won_score"":93,""total_won_score"":93,""lost_score"":90,""total_lost_score"":90,""rebounds"":40,""defensive_rebounds"":29,""offensive_rebounds"":11,""defensive_fouls"":19,""offensive_fouls"":3,""personal_fouls"":22,""fouls"":22,""assists"":21,""steals"":13,""blocks"":8,""turnovers"":13,""points_in_paint"":42,""second_chance_points"":14,""fast_break_points"":10}"
2025-26,2,9,regular_season,1453,2026-03-06,4,8,臺北台新戰神,7,新北國王,away,https://api.tpbl.basketball/api/games/1453/stats,33,56,89,33/89,37.1,24,30,54,24/54,44.4,9,26,35,9/35,25.7,15,6,21,15/21,71.4,90,90,93,93,59,31,28,22,0,22,22,25,10,2,21,34,20,17,"{""field_goals_made"":33,""field_goals_missed"":56,""field_goals_attempted"":89,""field_goals"":""33/89"",""field_goals_percentage"":""37.1"",""two_pointers_made"":24,""two_pointers_missed"":30,""two_pointers_attempted"":54,""two_pointers"":""24/54"",""two_pointers_percentage"":""44.4"",""three_pointers_made"":9,""three_pointers_missed"":26,""three_pointers_attempted"":35,""three_pointers"":""9/35"",""three_pointers_percentage"":""25.7"",""free_throws_made"":15,""free_throws_missed"":6,""free_throws_attempted"":21,""free_throws"":""15/21"",""free_throws_percentage"":""71.4"",""won_score"":90,""total_won_score"":90,""lost_score"":93,""total_lost_score"":93,""rebounds"":59,""defensive_rebounds"":31,""offensive_rebounds"":28,""defensive_fouls"":22,""offensive_fouls"":0,""personal_fouls"":22,""fouls"":22,""assists"":25,""steals"":10,""blocks"":2,""turnovers"":21,""points_in_paint"":34,""second_chance_points"":20,""fast_break_points"":17}"
2025-26,2,9,regular_season,1454,2026-03-07,4,2,高雄全家海神,3,福爾摩沙夢想家,home,https://api.tpbl.basketball/api/games/1454/stats,34,44,78,34/78,43.6,20,28,48,20/48,41.7,14,16,30,14/30,46.7,15,4,19,15/19,78.9,97,97,107,107,33,22,11,20,0,20,20,13,7,1,12,32,15,11,"{""field_goals_made"":34,""field_goals_missed"":44,""field_goals_attempted"":78,""field_goals"":""34/78"",""field_goals_percentage"":""43.6"",""two_pointers_made"":20,""two_pointers_missed"":28,""two_pointers_attempted"":48,""two_pointers"":""20/48"",""two_pointers_percentage"":""41.7"",""three_pointers_made"":14,""three_pointers_missed"":16,""three_pointers_attempted"":30,""three_pointers"":""14/30"",""three_pointers_percentage"":""46.7"",""free_throws_made"":15,""free_throws_missed"":4,""free_throws_attempted"":19,""free_throws"":""15/19"",""free_throws_percentage"":""78.9"",""won_score"":97,""total_won_score"":97,""lost_score"":107,""total_lost_score"":107,""rebounds"":33,""defensive_rebounds"":22,""offensive_rebounds"":11,""defensive_fouls"":20,""offensive_fouls"":0,""personal_fouls"":20,""fouls"":20,""assists"":13,""steals"":7,""blocks"":1,""turnovers"":12,""points_in_paint"":32,""second_chance_points"":15,""fast_break_points"":11}"
2025-26,2,9,regular_season,1454,2026-03-07,4,3,福爾摩沙夢想家,2,高雄全家海神,away,https://api.tpbl.basketball/api/games/1454/stats,38,35,73,38/73,52.1,26,20,46,26/46,56.5,12,15,27,12/27,44.4,19,2,21,19/21,90.5,107,107,97,97,47,34,13,17,1,16,18,23,8,4,16,46,26,15,"{""field_goals_made"":38,""field_goals_missed"":35,""field_goals_attempted"":73,""field_goals"":""38/73"",""field_goals_percentage"":""52.1"",""two_pointers_made"":26,""two_pointers_missed"":20,""two_pointers_attempted"":46,""two_pointers"":""26/46"",""two_pointers_percentage"":""56.5"",""three_pointers_made"":12,""three_pointers_missed"":15,""three_pointers_attempted"":27,""three_pointers"":""12/27"",""three_pointers_percentage"":""44.4"",""free_throws_made"":19,""free_throws_missed"":2,""free_throws_attempted"":21,""free_throws"":""19/21"",""free_throws_percentage"":""90.5"",""won_score"":107,""total_won_score"":107,""lost_score"":97,""total_lost_score"":97,""rebounds"":47,""defensive_rebounds"":34,""offensive_rebounds"":13,""defensive_fouls"":17,""offensive_fouls"":1,""personal_fouls"":16,""fouls"":18,""assists"":23,""steals"":8,""blocks"":4,""turnovers"":16,""points_in_paint"":46,""second_chance_points"":26,""fast_break_points"":15}"
2025-26,2,9,regular_season,1455,2026-03-07,4,5,桃園台啤永豐雲豹,4,新竹御嵿攻城獅,home,https://api.tpbl.basketball/api/games/1455/stats,40,48,88,40/88,45.5,28,25,53,28/53,52.8,12,23,35,12/35,34.3,19,2,21,19/21,90.5,111,111,114,114,39,29,10,30,1,30,31,18,7,3,14,36,8,15,"{""field_goals_made"":40,""field_goals_missed"":48,""field_goals_attempted"":88,""field_goals"":""40/88"",""field_goals_percentage"":""45.5"",""two_pointers_made"":28,""two_pointers_missed"":25,""two_pointers_attempted"":53,""two_pointers"":""28/53"",""two_pointers_percentage"":""52.8"",""three_pointers_made"":12,""three_pointers_missed"":23,""three_pointers_attempted"":35,""three_pointers"":""12/35"",""three_pointers_percentage"":""34.3"",""free_throws_made"":19,""free_throws_missed"":2,""free_throws_attempted"":21,""free_throws"":""19/21"",""free_throws_percentage"":""90.5"",""won_score"":111,""total_won_score"":111,""lost_score"":114,""total_lost_score"":114,""rebounds"":39,""defensive_rebounds"":29,""offensive_rebounds"":10,""defensive_fouls"":30,""offensive_fouls"":1,""personal_fouls"":30,""fouls"":31,""assists"":18,""steals"":7,""blocks"":3,""turnovers"":14,""points_in_paint"":36,""second_chance_points"":8,""fast_break_points"":15}"
2025-26,2,9,regular_season,1455,2026-03-07,4,4,新竹御嵿攻城獅,5,桃園台啤永豐雲豹,away,https://api.tpbl.basketball/api/games/1455/stats,38,39,77,38/77,49.4,28,28,56,28/56,50.0,10,11,21,10/21,47.6,28,16,44,28/44,63.6,114,114,111,111,53,38,15,15,3,17,18,21,8,3,17,48,15,6,"{""field_goals_made"":38,""field_goals_missed"":39,""field_goals_attempted"":77,""field_goals"":""38/77"",""field_goals_percentage"":""49.4"",""two_pointers_made"":28,""two_pointers_missed"":28,""two_pointers_attempted"":56,""two_pointers"":""28/56"",""two_pointers_percentage"":""50.0"",""three_pointers_made"":10,""three_pointers_missed"":11,""three_pointers_attempted"":21,""three_pointers"":""10/21"",""three_pointers_percentage"":""47.6"",""free_throws_made"":28,""free_throws_missed"":16,""free_throws_attempted"":44,""free_throws"":""28/44"",""free_throws_percentage"":""63.6"",""won_score"":114,""total_won_score"":114,""lost_score"":111,""total_lost_score"":111,""rebounds"":53,""defensive_rebounds"":38,""offensive_rebounds"":15,""defensive_fouls"":15,""offensive_fouls"":3,""personal_fouls"":17,""fouls"":18,""assists"":21,""steals"":8,""blocks"":3,""turnovers"":17,""points_in_paint"":48,""second_chance_points"":15,""fast_break_points"":6}"
2025-26,2,9,regular_season,1456,2026-03-08,4,2,高雄全家海神,6,新北中信特攻,home,https://api.tpbl.basketball/api/games/1456/stats,32,42,74,32/74,43.2,22,19,41,22/41,53.7,10,23,33,10/33,30.3,16,8,24,16/24,66.7,90,90,88,88,45,32,13,23,2,25,25,22,4,2,15,36,14,2,"{""field_goals_made"":32,""field_goals_missed"":42,""field_goals_attempted"":74,""field_goals"":""32/74"",""field_goals_percentage"":""43.2"",""two_pointers_made"":22,""two_pointers_missed"":19,""two_pointers_attempted"":41,""two_pointers"":""22/41"",""two_pointers_percentage"":""53.7"",""three_pointers_made"":10,""three_pointers_missed"":23,""three_pointers_attempted"":33,""three_pointers"":""10/33"",""three_pointers_percentage"":""30.3"",""free_throws_made"":16,""free_throws_missed"":8,""free_throws_attempted"":24,""free_throws"":""16/24"",""free_throws_percentage"":""66.7"",""won_score"":90,""total_won_score"":90,""lost_score"":88,""total_lost_score"":88,""rebounds"":45,""defensive_rebounds"":32,""offensive_rebounds"":13,""defensive_fouls"":23,""offensive_fouls"":2,""personal_fouls"":25,""fouls"":25,""assists"":22,""steals"":4,""blocks"":2,""turnovers"":15,""points_in_paint"":36,""second_chance_points"":14,""fast_break_points"":2}"
2025-26,2,9,regular_season,1456,2026-03-08,4,6,新北中信特攻,2,高雄全家海神,away,https://api.tpbl.basketball/api/games/1456/stats,32,40,72,32/72,44.4,27,15,42,27/42,64.3,5,25,30,5/30,16.7,19,8,27,19/27,70.4,88,88,90,90,40,29,11,22,2,24,24,18,7,2,12,48,8,7,"{""field_goals_made"":32,""field_goals_missed"":40,""field_goals_attempted"":72,""field_goals"":""32/72"",""field_goals_percentage"":""44.4"",""two_pointers_made"":27,""two_pointers_missed"":15,""two_pointers_attempted"":42,""two_pointers"":""27/42"",""two_pointers_percentage"":""64.3"",""three_pointers_made"":5,""three_pointers_missed"":25,""three_pointers_attempted"":30,""three_pointers"":""5/30"",""three_pointers_percentage"":""16.7"",""free_throws_made"":19,""free_throws_missed"":8,""free_throws_attempted"":27,""free_throws"":""19/27"",""free_throws_percentage"":""70.4"",""won_score"":88,""total_won_score"":88,""lost_score"":90,""total_lost_score"":90,""rebounds"":40,""defensive_rebounds"":29,""offensive_rebounds"":11,""defensive_fouls"":22,""offensive_fouls"":2,""personal_fouls"":24,""fouls"":24,""assists"":18,""steals"":7,""blocks"":2,""turnovers"":12,""points_in_paint"":48,""second_chance_points"":8,""fast_break_points"":7}"
2025-26,2,9,regular_season,1457,2026-03-08,4,5,桃園台啤永豐雲豹,7,新北國王,home,https://api.tpbl.basketball/api/games/1457/stats,38,39,77,38/77,49.4,24,23,47,24/47,51.1,14,16,30,14/30,46.7,11,10,21,11/21,52.4,101,101,114,114,33,24,9,18,4,20,22,26,10,0,15,38,12,16,"{""field_goals_made"":38,""field_goals_missed"":39,""field_goals_attempted"":77,""field_goals"":""38/77"",""field_goals_percentage"":""49.4"",""two_pointers_made"":24,""two_pointers_missed"":23,""two_pointers_attempted"":47,""two_pointers"":""24/47"",""two_pointers_percentage"":""51.1"",""three_pointers_made"":14,""three_pointers_missed"":16,""three_pointers_attempted"":30,""three_pointers"":""14/30"",""three_pointers_percentage"":""46.7"",""free_throws_made"":11,""free_throws_missed"":10,""free_throws_attempted"":21,""free_throws"":""11/21"",""free_throws_percentage"":""52.4"",""won_score"":101,""total_won_score"":101,""lost_score"":114,""total_lost_score"":114,""rebounds"":33,""defensive_rebounds"":24,""offensive_rebounds"":9,""defensive_fouls"":18,""offensive_fouls"":4,""personal_fouls"":20,""fouls"":22,""assists"":26,""steals"":10,""blocks"":0,""turnovers"":15,""points_in_paint"":38,""second_chance_points"":12,""fast_break_points"":16}"
2025-26,2,9,regular_season,1457,2026-03-08,4,7,新北國王,5,桃園台啤永豐雲豹,away,https://api.tpbl.basketball/api/games/1457/stats,41,36,77,41/77,53.2,27,18,45,27/45,60.0,14,18,32,14/32,43.8,18,5,23,18/23,78.3,114,114,101,101,48,35,13,15,2,17,17,27,3,0,20,48,16,6,"{""field_goals_made"":41,""field_goals_missed"":36,""field_goals_attempted"":77,""field_goals"":""41/77"",""field_goals_percentage"":""53.2"",""two_pointers_made"":27,""two_pointers_missed"":18,""two_pointers_attempted"":45,""two_pointers"":""27/45"",""two_pointers_percentage"":""60.0"",""three_pointers_made"":14,""three_pointers_missed"":18,""three_pointers_attempted"":32,""three_pointers"":""14/32"",""three_pointers_percentage"":""43.8"",""free_throws_made"":18,""free_throws_missed"":5,""free_throws_attempted"":23,""free_throws"":""18/23"",""free_throws_percentage"":""78.3"",""won_score"":114,""total_won_score"":114,""lost_score"":101,""total_lost_score"":101,""rebounds"":48,""defensive_rebounds"":35,""offensive_rebounds"":13,""defensive_fouls"":15,""offensive_fouls"":2,""personal_fouls"":17,""fouls"":17,""assists"":27,""steals"":3,""blocks"":0,""turnovers"":20,""points_in_paint"":48,""second_chance_points"":16,""fast_break_points"":6}"
2025-26,2,9,regular_season,1458,2026-03-11,4,4,新竹御嵿攻城獅,8,臺北台新戰神,home,https://api.tpbl.basketball/api/games/1458/stats,35,50,85,35/85,41.2,24,18,42,24/42,57.1,11,32,43,11/43,25.6,13,3,16,13/16,81.3,94,94,102,102,46,35,11,19,0,19,19,27,8,3,15,36,7,10,"{""field_goals_made"":35,""field_goals_missed"":50,""field_goals_attempted"":85,""field_goals"":""35/85"",""field_goals_percentage"":""41.2"",""two_pointers_made"":24,""two_pointers_missed"":18,""two_pointers_attempted"":42,""two_pointers"":""24/42"",""two_pointers_percentage"":""57.1"",""three_pointers_made"":11,""three_pointers_missed"":32,""three_pointers_attempted"":43,""three_pointers"":""11/43"",""three_pointers_percentage"":""25.6"",""free_throws_made"":13,""free_throws_missed"":3,""free_throws_attempted"":16,""free_throws"":""13/16"",""free_throws_percentage"":""81.3"",""won_score"":94,""total_won_score"":94,""lost_score"":102,""total_lost_score"":102,""rebounds"":46,""defensive_rebounds"":35,""offensive_rebounds"":11,""defensive_fouls"":19,""offensive_fouls"":0,""personal_fouls"":19,""fouls"":19,""assists"":27,""steals"":8,""blocks"":3,""turnovers"":15,""points_in_paint"":36,""second_chance_points"":7,""fast_break_points"":10}"
2025-26,2,9,regular_season,1458,2026-03-11,4,8,臺北台新戰神,4,新竹御嵿攻城獅,away,https://api.tpbl.basketball/api/games/1458/stats,39,38,77,39/77,50.6,27,24,51,27/51,52.9,12,14,26,12/26,46.2,12,12,24,12/24,50.0,102,102,94,94,47,40,7,16,0,16,16,25,9,4,15,44,7,15,"{""field_goals_made"":39,""field_goals_missed"":38,""field_goals_attempted"":77,""field_goals"":""39/77"",""field_goals_percentage"":""50.6"",""two_pointers_made"":27,""two_pointers_missed"":24,""two_pointers_attempted"":51,""two_pointers"":""27/51"",""two_pointers_percentage"":""52.9"",""three_pointers_made"":12,""three_pointers_missed"":14,""three_pointers_attempted"":26,""three_pointers"":""12/26"",""three_pointers_percentage"":""46.2"",""free_throws_made"":12,""free_throws_missed"":12,""free_throws_attempted"":24,""free_throws"":""12/24"",""free_throws_percentage"":""50.0"",""won_score"":102,""total_won_score"":102,""lost_score"":94,""total_lost_score"":94,""rebounds"":47,""defensive_rebounds"":40,""offensive_rebounds"":7,""defensive_fouls"":16,""offensive_fouls"":0,""personal_fouls"":16,""fouls"":16,""assists"":25,""steals"":9,""blocks"":4,""turnovers"":15,""points_in_paint"":44,""second_chance_points"":7,""fast_break_points"":15}"
2025-26,2,9,regular_season,1459,2026-03-14,4,3,福爾摩沙夢想家,6,新北中信特攻,home,https://api.tpbl.basketball/api/games/1459/stats,30,53,83,30/83,36.1,12,22,34,12/34,35.3,18,31,49,18/49,36.7,22,10,32,22/32,68.8,100,100,91,91,47,35,12,17,0,17,17,17,10,1,11,20,14,5,"{""field_goals_made"":30,""field_goals_missed"":53,""field_goals_attempted"":83,""field_goals"":""30/83"",""field_goals_percentage"":""36.1"",""two_pointers_made"":12,""two_pointers_missed"":22,""two_pointers_attempted"":34,""two_pointers"":""12/34"",""two_pointers_percentage"":""35.3"",""three_pointers_made"":18,""three_pointers_missed"":31,""three_pointers_attempted"":49,""three_pointers"":""18/49"",""three_pointers_percentage"":""36.7"",""free_throws_made"":22,""free_throws_missed"":10,""free_throws_attempted"":32,""free_throws"":""22/32"",""free_throws_percentage"":""68.8"",""won_score"":100,""total_won_score"":100,""lost_score"":91,""total_lost_score"":91,""rebounds"":47,""defensive_rebounds"":35,""offensive_rebounds"":12,""defensive_fouls"":17,""offensive_fouls"":0,""personal_fouls"":17,""fouls"":17,""assists"":17,""steals"":10,""blocks"":1,""turnovers"":11,""points_in_paint"":20,""second_chance_points"":14,""fast_break_points"":5}"
2025-26,2,9,regular_season,1459,2026-03-14,4,6,新北中信特攻,3,福爾摩沙夢想家,away,https://api.tpbl.basketball/api/games/1459/stats,34,45,79,34/79,43.0,23,18,41,23/41,56.1,11,27,38,11/38,28.9,12,6,18,12/18,66.7,91,91,100,100,55,44,11,26,1,26,27,20,7,1,17,44,13,19,"{""field_goals_made"":34,""field_goals_missed"":45,""field_goals_attempted"":79,""field_goals"":""34/79"",""field_goals_percentage"":""43.0"",""two_pointers_made"":23,""two_pointers_missed"":18,""two_pointers_attempted"":41,""two_pointers"":""23/41"",""two_pointers_percentage"":""56.1"",""three_pointers_made"":11,""three_pointers_missed"":27,""three_pointers_attempted"":38,""three_pointers"":""11/38"",""three_pointers_percentage"":""28.9"",""free_throws_made"":12,""free_throws_missed"":6,""free_throws_attempted"":18,""free_throws"":""12/18"",""free_throws_percentage"":""66.7"",""won_score"":91,""total_won_score"":91,""lost_score"":100,""total_lost_score"":100,""rebounds"":55,""defensive_rebounds"":44,""offensive_rebounds"":11,""defensive_fouls"":26,""offensive_fouls"":1,""personal_fouls"":26,""fouls"":27,""assists"":20,""steals"":7,""blocks"":1,""turnovers"":17,""points_in_paint"":44,""second_chance_points"":13,""fast_break_points"":19}"
2025-26,2,9,regular_season,1460,2026-03-14,4,4,新竹御嵿攻城獅,2,高雄全家海神,home,https://api.tpbl.basketball/api/games/1460/stats,39,33,72,39/72,54.2,24,18,42,24/42,57.1,15,15,30,15/30,50.0,20,9,29,20/29,69.0,113,113,97,97,41,30,11,24,1,24,25,29,8,5,9,40,19,13,"{""field_goals_made"":39,""field_goals_missed"":33,""field_goals_attempted"":72,""field_goals"":""39/72"",""field_goals_percentage"":""54.2"",""two_pointers_made"":24,""two_pointers_missed"":18,""two_pointers_attempted"":42,""two_pointers"":""24/42"",""two_pointers_percentage"":""57.1"",""three_pointers_made"":15,""three_pointers_missed"":15,""three_pointers_attempted"":30,""three_pointers"":""15/30"",""three_pointers_percentage"":""50.0"",""free_throws_made"":20,""free_throws_missed"":9,""free_throws_attempted"":29,""free_throws"":""20/29"",""free_throws_percentage"":""69.0"",""won_score"":113,""total_won_score"":113,""lost_score"":97,""total_lost_score"":97,""rebounds"":41,""defensive_rebounds"":30,""offensive_rebounds"":11,""defensive_fouls"":24,""offensive_fouls"":1,""personal_fouls"":24,""fouls"":25,""assists"":29,""steals"":8,""blocks"":5,""turnovers"":9,""points_in_paint"":40,""second_chance_points"":19,""fast_break_points"":13}"
2025-26,2,9,regular_season,1460,2026-03-14,4,2,高雄全家海神,4,新竹御嵿攻城獅,away,https://api.tpbl.basketball/api/games/1460/stats,35,46,81,35/81,43.2,25,25,50,25/50,50.0,10,21,31,10/31,32.3,17,9,26,17/26,65.4,97,97,113,113,49,28,21,23,1,24,24,21,7,2,15,48,9,3,"{""field_goals_made"":35,""field_goals_missed"":46,""field_goals_attempted"":81,""field_goals"":""35/81"",""field_goals_percentage"":""43.2"",""two_pointers_made"":25,""two_pointers_missed"":25,""two_pointers_attempted"":50,""two_pointers"":""25/50"",""two_pointers_percentage"":""50.0"",""three_pointers_made"":10,""three_pointers_missed"":21,""three_pointers_attempted"":31,""three_pointers"":""10/31"",""three_pointers_percentage"":""32.3"",""free_throws_made"":17,""free_throws_missed"":9,""free_throws_attempted"":26,""free_throws"":""17/26"",""free_throws_percentage"":""65.4"",""won_score"":97,""total_won_score"":97,""lost_score"":113,""total_lost_score"":113,""rebounds"":49,""defensive_rebounds"":28,""offensive_rebounds"":21,""defensive_fouls"":23,""offensive_fouls"":1,""personal_fouls"":24,""fouls"":24,""assists"":21,""steals"":7,""blocks"":2,""turnovers"":15,""points_in_paint"":48,""second_chance_points"":9,""fast_break_points"":3}"
2025-26,2,9,regular_season,1461,2026-03-15,4,3,福爾摩沙夢想家,5,桃園台啤永豐雲豹,home,https://api.tpbl.basketball/api/games/1461/stats,38,47,85,38/85,44.7,25,21,46,25/46,54.3,13,26,39,13/39,33.3,22,3,25,22/25,88.0,111,111,84,84,55,39,16,22,0,22,22,27,10,3,15,38,10,15,"{""field_goals_made"":38,""field_goals_missed"":47,""field_goals_attempted"":85,""field_goals"":""38/85"",""field_goals_percentage"":""44.7"",""two_pointers_made"":25,""two_pointers_missed"":21,""two_pointers_attempted"":46,""two_pointers"":""25/46"",""two_pointers_percentage"":""54.3"",""three_pointers_made"":13,""three_pointers_missed"":26,""three_pointers_attempted"":39,""three_pointers"":""13/39"",""three_pointers_percentage"":""33.3"",""free_throws_made"":22,""free_throws_missed"":3,""free_throws_attempted"":25,""free_throws"":""22/25"",""free_throws_percentage"":""88.0"",""won_score"":111,""total_won_score"":111,""lost_score"":84,""total_lost_score"":84,""rebounds"":55,""defensive_rebounds"":39,""offensive_rebounds"":16,""defensive_fouls"":22,""offensive_fouls"":0,""personal_fouls"":22,""fouls"":22,""assists"":27,""steals"":10,""blocks"":3,""turnovers"":15,""points_in_paint"":38,""second_chance_points"":10,""fast_break_points"":15}"
2025-26,2,9,regular_season,1461,2026-03-15,4,5,桃園台啤永豐雲豹,3,福爾摩沙夢想家,away,https://api.tpbl.basketball/api/games/1461/stats,29,47,76,29/76,38.2,26,32,58,26/58,44.8,3,15,18,3/18,16.7,23,7,30,23/30,76.7,84,84,111,111,39,29,10,17,1,18,18,23,9,3,14,50,7,18,"{""field_goals_made"":29,""field_goals_missed"":47,""field_goals_attempted"":76,""field_goals"":""29/76"",""field_goals_percentage"":""38.2"",""two_pointers_made"":26,""two_pointers_missed"":32,""two_pointers_attempted"":58,""two_pointers"":""26/58"",""two_pointers_percentage"":""44.8"",""three_pointers_made"":3,""three_pointers_missed"":15,""three_pointers_attempted"":18,""three_pointers"":""3/18"",""three_pointers_percentage"":""16.7"",""free_throws_made"":23,""free_throws_missed"":7,""free_throws_attempted"":30,""free_throws"":""23/30"",""free_throws_percentage"":""76.7"",""won_score"":84,""total_won_score"":84,""lost_score"":111,""total_lost_score"":111,""rebounds"":39,""defensive_rebounds"":29,""offensive_rebounds"":10,""defensive_fouls"":17,""offensive_fouls"":1,""personal_fouls"":18,""fouls"":18,""assists"":23,""steals"":9,""blocks"":3,""turnovers"":14,""points_in_paint"":50,""second_chance_points"":7,""fast_break_points"":18}"
2025-26,2,9,regular_season,1462,2026-03-15,4,4,新竹御嵿攻城獅,7,新北國王,home,https://api.tpbl.basketball/api/games/1462/stats,39,39,78,39/78,50.0,25,28,53,25/53,47.2,14,11,25,14/25,56.0,21,5,26,21/26,80.8,113,113,90,90,51,38,13,16,1,17,17,26,12,6,18,42,18,19,"{""field_goals_made"":39,""field_goals_missed"":39,""field_goals_attempted"":78,""field_goals"":""39/78"",""field_goals_percentage"":""50.0"",""two_pointers_made"":25,""two_pointers_missed"":28,""two_pointers_attempted"":53,""two_pointers"":""25/53"",""two_pointers_percentage"":""47.2"",""three_pointers_made"":14,""three_pointers_missed"":11,""three_pointers_attempted"":25,""three_pointers"":""14/25"",""three_pointers_percentage"":""56.0"",""free_throws_made"":21,""free_throws_missed"":5,""free_throws_attempted"":26,""free_throws"":""21/26"",""free_throws_percentage"":""80.8"",""won_score"":113,""total_won_score"":113,""lost_score"":90,""total_lost_score"":90,""rebounds"":51,""defensive_rebounds"":38,""offensive_rebounds"":13,""defensive_fouls"":16,""offensive_fouls"":1,""personal_fouls"":17,""fouls"":17,""assists"":26,""steals"":12,""blocks"":6,""turnovers"":18,""points_in_paint"":42,""second_chance_points"":18,""fast_break_points"":19}"
2025-26,2,9,regular_season,1462,2026-03-15,4,7,新北國王,4,新竹御嵿攻城獅,away,https://api.tpbl.basketball/api/games/1462/stats,35,46,81,35/81,43.2,27,27,54,27/54,50.0,8,19,27,8/27,29.6,12,8,20,12/20,60.0,90,90,113,113,41,29,12,18,1,19,19,21,13,3,20,42,11,13,"{""field_goals_made"":35,""field_goals_missed"":46,""field_goals_attempted"":81,""field_goals"":""35/81"",""field_goals_percentage"":""43.2"",""two_pointers_made"":27,""two_pointers_missed"":27,""two_pointers_attempted"":54,""two_pointers"":""27/54"",""two_pointers_percentage"":""50.0"",""three_pointers_made"":8,""three_pointers_missed"":19,""three_pointers_attempted"":27,""three_pointers"":""8/27"",""three_pointers_percentage"":""29.6"",""free_throws_made"":12,""free_throws_missed"":8,""free_throws_attempted"":20,""free_throws"":""12/20"",""free_throws_percentage"":""60.0"",""won_score"":90,""total_won_score"":90,""lost_score"":113,""total_lost_score"":113,""rebounds"":41,""defensive_rebounds"":29,""offensive_rebounds"":12,""defensive_fouls"":18,""offensive_fouls"":1,""personal_fouls"":19,""fouls"":19,""assists"":21,""steals"":13,""blocks"":3,""turnovers"":20,""points_in_paint"":42,""second_chance_points"":11,""fast_break_points"":13}"
2025-26,2,9,regular_season,1463,2026-03-21,4,6,新北中信特攻,2,高雄全家海神,home,https://api.tpbl.basketball/api/games/1463/stats,42,39,81,42/81,51.9,25,19,44,25/44,56.8,17,20,37,17/37,45.9,17,10,27,17/27,63.0,118,118,91,91,44,31,13,21,0,20,21,31,17,3,15,48,16,20,"{""field_goals_made"":42,""field_goals_missed"":39,""field_goals_attempted"":81,""field_goals"":""42/81"",""field_goals_percentage"":""51.9"",""two_pointers_made"":25,""two_pointers_missed"":19,""two_pointers_attempted"":44,""two_pointers"":""25/44"",""two_pointers_percentage"":""56.8"",""three_pointers_made"":17,""three_pointers_missed"":20,""three_pointers_attempted"":37,""three_pointers"":""17/37"",""three_pointers_percentage"":""45.9"",""free_throws_made"":17,""free_throws_missed"":10,""free_throws_attempted"":27,""free_throws"":""17/27"",""free_throws_percentage"":""63.0"",""won_score"":118,""total_won_score"":118,""lost_score"":91,""total_lost_score"":91,""rebounds"":44,""defensive_rebounds"":31,""offensive_rebounds"":13,""defensive_fouls"":21,""offensive_fouls"":0,""personal_fouls"":20,""fouls"":21,""assists"":31,""steals"":17,""blocks"":3,""turnovers"":15,""points_in_paint"":48,""second_chance_points"":16,""fast_break_points"":20}"
2025-26,2,9,regular_season,1463,2026-03-21,4,2,高雄全家海神,6,新北中信特攻,away,https://api.tpbl.basketball/api/games/1463/stats,28,40,68,28/68,41.2,13,17,30,13/30,43.3,15,23,38,15/38,39.5,20,10,30,20/30,66.7,91,91,118,118,42,29,13,21,3,23,24,19,9,2,25,20,6,14,"{""field_goals_made"":28,""field_goals_missed"":40,""field_goals_attempted"":68,""field_goals"":""28/68"",""field_goals_percentage"":""41.2"",""two_pointers_made"":13,""two_pointers_missed"":17,""two_pointers_attempted"":30,""two_pointers"":""13/30"",""two_pointers_percentage"":""43.3"",""three_pointers_made"":15,""three_pointers_missed"":23,""three_pointers_attempted"":38,""three_pointers"":""15/38"",""three_pointers_percentage"":""39.5"",""free_throws_made"":20,""free_throws_missed"":10,""free_throws_attempted"":30,""free_throws"":""20/30"",""free_throws_percentage"":""66.7"",""won_score"":91,""total_won_score"":91,""lost_score"":118,""total_lost_score"":118,""rebounds"":42,""defensive_rebounds"":29,""offensive_rebounds"":13,""defensive_fouls"":21,""offensive_fouls"":3,""personal_fouls"":23,""fouls"":24,""assists"":19,""steals"":9,""blocks"":2,""turnovers"":25,""points_in_paint"":20,""second_chance_points"":6,""fast_break_points"":14}"
2025-26,2,9,regular_season,1464,2026-03-21,4,8,臺北台新戰神,5,桃園台啤永豐雲豹,home,https://api.tpbl.basketball/api/games/1464/stats,27,54,81,27/81,33.3,18,25,43,18/43,41.9,9,29,38,9/38,23.7,10,13,23,10/23,43.5,73,73,99,99,57,42,15,13,1,12,14,18,5,3,17,28,6,8,"{""field_goals_made"":27,""field_goals_missed"":54,""field_goals_attempted"":81,""field_goals"":""27/81"",""field_goals_percentage"":""33.3"",""two_pointers_made"":18,""two_pointers_missed"":25,""two_pointers_attempted"":43,""two_pointers"":""18/43"",""two_pointers_percentage"":""41.9"",""three_pointers_made"":9,""three_pointers_missed"":29,""three_pointers_attempted"":38,""three_pointers"":""9/38"",""three_pointers_percentage"":""23.7"",""free_throws_made"":10,""free_throws_missed"":13,""free_throws_attempted"":23,""free_throws"":""10/23"",""free_throws_percentage"":""43.5"",""won_score"":73,""total_won_score"":73,""lost_score"":99,""total_lost_score"":99,""rebounds"":57,""defensive_rebounds"":42,""offensive_rebounds"":15,""defensive_fouls"":13,""offensive_fouls"":1,""personal_fouls"":12,""fouls"":14,""assists"":18,""steals"":5,""blocks"":3,""turnovers"":17,""points_in_paint"":28,""second_chance_points"":6,""fast_break_points"":8}"
2025-26,2,9,regular_season,1464,2026-03-21,4,5,桃園台啤永豐雲豹,8,臺北台新戰神,away,https://api.tpbl.basketball/api/games/1464/stats,35,52,87,35/87,40.2,21,27,48,21/48,43.8,14,25,39,14/39,35.9,15,5,20,15/20,75.0,99,99,73,73,55,44,11,18,0,18,18,24,9,3,10,38,13,17,"{""field_goals_made"":35,""field_goals_missed"":52,""field_goals_attempted"":87,""field_goals"":""35/87"",""field_goals_percentage"":""40.2"",""two_pointers_made"":21,""two_pointers_missed"":27,""two_pointers_attempted"":48,""two_pointers"":""21/48"",""two_pointers_percentage"":""43.8"",""three_pointers_made"":14,""three_pointers_missed"":25,""three_pointers_attempted"":39,""three_pointers"":""14/39"",""three_pointers_percentage"":""35.9"",""free_throws_made"":15,""free_throws_missed"":5,""free_throws_attempted"":20,""free_throws"":""15/20"",""free_throws_percentage"":""75.0"",""won_score"":99,""total_won_score"":99,""lost_score"":73,""total_lost_score"":73,""rebounds"":55,""defensive_rebounds"":44,""offensive_rebounds"":11,""defensive_fouls"":18,""offensive_fouls"":0,""personal_fouls"":18,""fouls"":18,""assists"":24,""steals"":9,""blocks"":3,""turnovers"":10,""points_in_paint"":38,""second_chance_points"":13,""fast_break_points"":17}"
2025-26,2,9,regular_season,1465,2026-03-22,4,6,新北中信特攻,4,新竹御嵿攻城獅,home,https://api.tpbl.basketball/api/games/1465/stats,32,53,85,32/85,37.6,20,21,41,20/41,48.8,12,32,44,12/44,27.3,19,6,25,19/25,76.0,95,95,75,75,62,48,14,15,2,17,17,24,10,3,16,40,11,24,"{""field_goals_made"":32,""field_goals_missed"":53,""field_goals_attempted"":85,""field_goals"":""32/85"",""field_goals_percentage"":""37.6"",""two_pointers_made"":20,""two_pointers_missed"":21,""two_pointers_attempted"":41,""two_pointers"":""20/41"",""two_pointers_percentage"":""48.8"",""three_pointers_made"":12,""three_pointers_missed"":32,""three_pointers_attempted"":44,""three_pointers"":""12/44"",""three_pointers_percentage"":""27.3"",""free_throws_made"":19,""free_throws_missed"":6,""free_throws_attempted"":25,""free_throws"":""19/25"",""free_throws_percentage"":""76.0"",""won_score"":95,""total_won_score"":95,""lost_score"":75,""total_lost_score"":75,""rebounds"":62,""defensive_rebounds"":48,""offensive_rebounds"":14,""defensive_fouls"":15,""offensive_fouls"":2,""personal_fouls"":17,""fouls"":17,""assists"":24,""steals"":10,""blocks"":3,""turnovers"":16,""points_in_paint"":40,""second_chance_points"":11,""fast_break_points"":24}"
2025-26,2,9,regular_season,1465,2026-03-22,4,4,新竹御嵿攻城獅,6,新北中信特攻,away,https://api.tpbl.basketball/api/games/1465/stats,29,54,83,29/83,34.9,21,27,48,21/48,43.8,8,27,35,8/35,22.9,9,5,14,9/14,64.3,75,75,95,95,50,41,9,20,1,21,21,19,8,1,17,34,7,7,"{""field_goals_made"":29,""field_goals_missed"":54,""field_goals_attempted"":83,""field_goals"":""29/83"",""field_goals_percentage"":""34.9"",""two_pointers_made"":21,""two_pointers_missed"":27,""two_pointers_attempted"":48,""two_pointers"":""21/48"",""two_pointers_percentage"":""43.8"",""three_pointers_made"":8,""three_pointers_missed"":27,""three_pointers_attempted"":35,""three_pointers"":""8/35"",""three_pointers_percentage"":""22.9"",""free_throws_made"":9,""free_throws_missed"":5,""free_throws_attempted"":14,""free_throws"":""9/14"",""free_throws_percentage"":""64.3"",""won_score"":75,""total_won_score"":75,""lost_score"":95,""total_lost_score"":95,""rebounds"":50,""defensive_rebounds"":41,""offensive_rebounds"":9,""defensive_fouls"":20,""offensive_fouls"":1,""personal_fouls"":21,""fouls"":21,""assists"":19,""steals"":8,""blocks"":1,""turnovers"":17,""points_in_paint"":34,""second_chance_points"":7,""fast_break_points"":7}"
2025-26,2,9,regular_season,1466,2026-03-22,4,8,臺北台新戰神,3,福爾摩沙夢想家,home,https://api.tpbl.basketball/api/games/1466/stats,33,48,81,33/81,40.7,20,25,45,20/45,44.4,13,23,36,13/36,36.1,17,3,20,17/20,85.0,96,96,118,118,45,34,11,15,1,16,16,23,6,2,11,30,11,0,"{""field_goals_made"":33,""field_goals_missed"":48,""field_goals_attempted"":81,""field_goals"":""33/81"",""field_goals_percentage"":""40.7"",""two_pointers_made"":20,""two_pointers_missed"":25,""two_pointers_attempted"":45,""two_pointers"":""20/45"",""two_pointers_percentage"":""44.4"",""three_pointers_made"":13,""three_pointers_missed"":23,""three_pointers_attempted"":36,""three_pointers"":""13/36"",""three_pointers_percentage"":""36.1"",""free_throws_made"":17,""free_throws_missed"":3,""free_throws_attempted"":20,""free_throws"":""17/20"",""free_throws_percentage"":""85.0"",""won_score"":96,""total_won_score"":96,""lost_score"":118,""total_lost_score"":118,""rebounds"":45,""defensive_rebounds"":34,""offensive_rebounds"":11,""defensive_fouls"":15,""offensive_fouls"":1,""personal_fouls"":16,""fouls"":16,""assists"":23,""steals"":6,""blocks"":2,""turnovers"":11,""points_in_paint"":30,""second_chance_points"":11,""fast_break_points"":0}"
2025-26,2,9,regular_season,1466,2026-03-22,4,3,福爾摩沙夢想家,8,臺北台新戰神,away,https://api.tpbl.basketball/api/games/1466/stats,41,41,82,41/82,50.0,18,19,37,18/37,48.6,23,22,45,23/45,51.1,13,11,24,13/24,54.2,118,118,96,96,48,36,12,18,1,18,19,33,8,2,10,26,11,2,"{""field_goals_made"":41,""field_goals_missed"":41,""field_goals_attempted"":82,""field_goals"":""41/82"",""field_goals_percentage"":""50.0"",""two_pointers_made"":18,""two_pointers_missed"":19,""two_pointers_attempted"":37,""two_pointers"":""18/37"",""two_pointers_percentage"":""48.6"",""three_pointers_made"":23,""three_pointers_missed"":22,""three_pointers_attempted"":45,""three_pointers"":""23/45"",""three_pointers_percentage"":""51.1"",""free_throws_made"":13,""free_throws_missed"":11,""free_throws_attempted"":24,""free_throws"":""13/24"",""free_throws_percentage"":""54.2"",""won_score"":118,""total_won_score"":118,""lost_score"":96,""total_lost_score"":96,""rebounds"":48,""defensive_rebounds"":36,""offensive_rebounds"":12,""defensive_fouls"":18,""offensive_fouls"":1,""personal_fouls"":18,""fouls"":19,""assists"":33,""steals"":8,""blocks"":2,""turnovers"":10,""points_in_paint"":26,""second_chance_points"":11,""fast_break_points"":2}"
2025-26,2,9,regular_season,1467,2026-03-25,4,3,福爾摩沙夢想家,2,高雄全家海神,home,https://api.tpbl.basketball/api/games/1467/stats,28,47,75,28/75,37.3,16,24,40,16/40,40.0,12,23,35,12/35,34.3,28,8,36,28/36,77.8,96,96,90,90,54,36,18,21,3,23,24,18,9,3,19,30,6,2,"{""field_goals_made"":28,""field_goals_missed"":47,""field_goals_attempted"":75,""field_goals"":""28/75"",""field_goals_percentage"":""37.3"",""two_pointers_made"":16,""two_pointers_missed"":24,""two_pointers_attempted"":40,""two_pointers"":""16/40"",""two_pointers_percentage"":""40.0"",""three_pointers_made"":12,""three_pointers_missed"":23,""three_pointers_attempted"":35,""three_pointers"":""12/35"",""three_pointers_percentage"":""34.3"",""free_throws_made"":28,""free_throws_missed"":8,""free_throws_attempted"":36,""free_throws"":""28/36"",""free_throws_percentage"":""77.8"",""won_score"":96,""total_won_score"":96,""lost_score"":90,""total_lost_score"":90,""rebounds"":54,""defensive_rebounds"":36,""offensive_rebounds"":18,""defensive_fouls"":21,""offensive_fouls"":3,""personal_fouls"":23,""fouls"":24,""assists"":18,""steals"":9,""blocks"":3,""turnovers"":19,""points_in_paint"":30,""second_chance_points"":6,""fast_break_points"":2}"
2025-26,2,9,regular_season,1467,2026-03-25,4,2,高雄全家海神,3,福爾摩沙夢想家,away,https://api.tpbl.basketball/api/games/1467/stats,32,46,78,32/78,41.0,24,22,46,24/46,52.2,8,24,32,8/32,25.0,18,9,27,18/27,66.7,90,90,96,96,44,32,12,28,0,28,28,19,11,3,15,46,13,19,"{""field_goals_made"":32,""field_goals_missed"":46,""field_goals_attempted"":78,""field_goals"":""32/78"",""field_goals_percentage"":""41.0"",""two_pointers_made"":24,""two_pointers_missed"":22,""two_pointers_attempted"":46,""two_pointers"":""24/46"",""two_pointers_percentage"":""52.2"",""three_pointers_made"":8,""three_pointers_missed"":24,""three_pointers_attempted"":32,""three_pointers"":""8/32"",""three_pointers_percentage"":""25.0"",""free_throws_made"":18,""free_throws_missed"":9,""free_throws_attempted"":27,""free_throws"":""18/27"",""free_throws_percentage"":""66.7"",""won_score"":90,""total_won_score"":90,""lost_score"":96,""total_lost_score"":96,""rebounds"":44,""defensive_rebounds"":32,""offensive_rebounds"":12,""defensive_fouls"":28,""offensive_fouls"":0,""personal_fouls"":28,""fouls"":28,""assists"":19,""steals"":11,""blocks"":3,""turnovers"":15,""points_in_paint"":46,""second_chance_points"":13,""fast_break_points"":19}"
2025-26,2,9,regular_season,1468,2026-03-27,4,3,福爾摩沙夢想家,7,新北國王,home,https://api.tpbl.basketball/api/games/1468/stats,40,36,76,40/76,52.6,22,18,40,22/40,55.0,18,18,36,18/36,50.0,9,4,13,9/13,69.2,107,107,90,90,36,31,5,15,1,16,16,26,10,6,13,34,2,6,"{""field_goals_made"":40,""field_goals_missed"":36,""field_goals_attempted"":76,""field_goals"":""40/76"",""field_goals_percentage"":""52.6"",""two_pointers_made"":22,""two_pointers_missed"":18,""two_pointers_attempted"":40,""two_pointers"":""22/40"",""two_pointers_percentage"":""55.0"",""three_pointers_made"":18,""three_pointers_missed"":18,""three_pointers_attempted"":36,""three_pointers"":""18/36"",""three_pointers_percentage"":""50.0"",""free_throws_made"":9,""free_throws_missed"":4,""free_throws_attempted"":13,""free_throws"":""9/13"",""free_throws_percentage"":""69.2"",""won_score"":107,""total_won_score"":107,""lost_score"":90,""total_lost_score"":90,""rebounds"":36,""defensive_rebounds"":31,""offensive_rebounds"":5,""defensive_fouls"":15,""offensive_fouls"":1,""personal_fouls"":16,""fouls"":16,""assists"":26,""steals"":10,""blocks"":6,""turnovers"":13,""points_in_paint"":34,""second_chance_points"":2,""fast_break_points"":6}"
2025-26,2,9,regular_season,1468,2026-03-27,4,7,新北國王,3,福爾摩沙夢想家,away,https://api.tpbl.basketball/api/games/1468/stats,34,38,72,34/72,47.2,23,19,42,23/42,54.8,11,19,30,11/30,36.7,11,4,15,11/15,73.3,90,90,107,107,43,34,9,12,1,13,13,17,7,2,19,36,7,10,"{""field_goals_made"":34,""field_goals_missed"":38,""field_goals_attempted"":72,""field_goals"":""34/72"",""field_goals_percentage"":""47.2"",""two_pointers_made"":23,""two_pointers_missed"":19,""two_pointers_attempted"":42,""two_pointers"":""23/42"",""two_pointers_percentage"":""54.8"",""three_pointers_made"":11,""three_pointers_missed"":19,""three_pointers_attempted"":30,""three_pointers"":""11/30"",""three_pointers_percentage"":""36.7"",""free_throws_made"":11,""free_throws_missed"":4,""free_throws_attempted"":15,""free_throws"":""11/15"",""free_throws_percentage"":""73.3"",""won_score"":90,""total_won_score"":90,""lost_score"":107,""total_lost_score"":107,""rebounds"":43,""defensive_rebounds"":34,""offensive_rebounds"":9,""defensive_fouls"":12,""offensive_fouls"":1,""personal_fouls"":13,""fouls"":13,""assists"":17,""steals"":7,""blocks"":2,""turnovers"":19,""points_in_paint"":36,""second_chance_points"":7,""fast_break_points"":10}"
2025-26,2,9,regular_season,1469,2026-03-28,4,4,新竹御嵿攻城獅,6,新北中信特攻,home,https://api.tpbl.basketball/api/games/1469/stats,34,49,83,34/83,41.0,26,26,52,26/52,50.0,8,23,31,8/31,25.8,27,7,34,27/34,79.4,103,103,99,99,55,37,18,20,1,20,21,19,9,3,15,42,11,21,"{""field_goals_made"":34,""field_goals_missed"":49,""field_goals_attempted"":83,""field_goals"":""34/83"",""field_goals_percentage"":""41.0"",""two_pointers_made"":26,""two_pointers_missed"":26,""two_pointers_attempted"":52,""two_pointers"":""26/52"",""two_pointers_percentage"":""50.0"",""three_pointers_made"":8,""three_pointers_missed"":23,""three_pointers_attempted"":31,""three_pointers"":""8/31"",""three_pointers_percentage"":""25.8"",""free_throws_made"":27,""free_throws_missed"":7,""free_throws_attempted"":34,""free_throws"":""27/34"",""free_throws_percentage"":""79.4"",""won_score"":103,""total_won_score"":103,""lost_score"":99,""total_lost_score"":99,""rebounds"":55,""defensive_rebounds"":37,""offensive_rebounds"":18,""defensive_fouls"":20,""offensive_fouls"":1,""personal_fouls"":20,""fouls"":21,""assists"":19,""steals"":9,""blocks"":3,""turnovers"":15,""points_in_paint"":42,""second_chance_points"":11,""fast_break_points"":21}"
2025-26,2,9,regular_season,1469,2026-03-28,4,6,新北中信特攻,4,新竹御嵿攻城獅,away,https://api.tpbl.basketball/api/games/1469/stats,32,48,80,32/80,40.0,20,20,40,20/40,50.0,12,28,40,12/40,30.0,23,9,32,23/32,71.9,99,99,103,103,50,35,15,25,3,27,28,27,8,5,19,36,11,18,"{""field_goals_made"":32,""field_goals_missed"":48,""field_goals_attempted"":80,""field_goals"":""32/80"",""field_goals_percentage"":""40.0"",""two_pointers_made"":20,""two_pointers_missed"":20,""two_pointers_attempted"":40,""two_pointers"":""20/40"",""two_pointers_percentage"":""50.0"",""three_pointers_made"":12,""three_pointers_missed"":28,""three_pointers_attempted"":40,""three_pointers"":""12/40"",""three_pointers_percentage"":""30.0"",""free_throws_made"":23,""free_throws_missed"":9,""free_throws_attempted"":32,""free_throws"":""23/32"",""free_throws_percentage"":""71.9"",""won_score"":99,""total_won_score"":99,""lost_score"":103,""total_lost_score"":103,""rebounds"":50,""defensive_rebounds"":35,""offensive_rebounds"":15,""defensive_fouls"":25,""offensive_fouls"":3,""personal_fouls"":27,""fouls"":28,""assists"":27,""steals"":8,""blocks"":5,""turnovers"":19,""points_in_paint"":36,""second_chance_points"":11,""fast_break_points"":18}"
2025-26,2,9,regular_season,1470,2026-03-28,4,8,臺北台新戰神,2,高雄全家海神,home,https://api.tpbl.basketball/api/games/1470/stats,41,44,85,41/85,48.2,36,15,51,36/51,70.6,5,29,34,5/34,14.7,17,8,25,17/25,68.0,104,104,112,112,51,38,13,27,0,27,27,21,6,4,12,68,12,12,"{""field_goals_made"":41,""field_goals_missed"":44,""field_goals_attempted"":85,""field_goals"":""41/85"",""field_goals_percentage"":""48.2"",""two_pointers_made"":36,""two_pointers_missed"":15,""two_pointers_attempted"":51,""two_pointers"":""36/51"",""two_pointers_percentage"":""70.6"",""three_pointers_made"":5,""three_pointers_missed"":29,""three_pointers_attempted"":34,""three_pointers"":""5/34"",""three_pointers_percentage"":""14.7"",""free_throws_made"":17,""free_throws_missed"":8,""free_throws_attempted"":25,""free_throws"":""17/25"",""free_throws_percentage"":""68.0"",""won_score"":104,""total_won_score"":104,""lost_score"":112,""total_lost_score"":112,""rebounds"":51,""defensive_rebounds"":38,""offensive_rebounds"":13,""defensive_fouls"":27,""offensive_fouls"":0,""personal_fouls"":27,""fouls"":27,""assists"":21,""steals"":6,""blocks"":4,""turnovers"":12,""points_in_paint"":68,""second_chance_points"":12,""fast_break_points"":12}"
2025-26,2,9,regular_season,1470,2026-03-28,4,2,高雄全家海神,8,臺北台新戰神,away,https://api.tpbl.basketball/api/games/1470/stats,39,41,80,39/80,48.8,27,18,45,27/45,60.0,12,23,35,12/35,34.3,22,14,36,22/36,61.1,112,112,104,104,46,36,10,22,0,22,22,21,6,1,9,54,0,0,"{""field_goals_made"":39,""field_goals_missed"":41,""field_goals_attempted"":80,""field_goals"":""39/80"",""field_goals_percentage"":""48.8"",""two_pointers_made"":27,""two_pointers_missed"":18,""two_pointers_attempted"":45,""two_pointers"":""27/45"",""two_pointers_percentage"":""60.0"",""three_pointers_made"":12,""three_pointers_missed"":23,""three_pointers_attempted"":35,""three_pointers"":""12/35"",""three_pointers_percentage"":""34.3"",""free_throws_made"":22,""free_throws_missed"":14,""free_throws_attempted"":36,""free_throws"":""22/36"",""free_throws_percentage"":""61.1"",""won_score"":112,""total_won_score"":112,""lost_score"":104,""total_lost_score"":104,""rebounds"":46,""defensive_rebounds"":36,""offensive_rebounds"":10,""defensive_fouls"":22,""offensive_fouls"":0,""personal_fouls"":22,""fouls"":22,""assists"":21,""steals"":6,""blocks"":1,""turnovers"":9,""points_in_paint"":54,""second_chance_points"":0,""fast_break_points"":0}"
2025-26,2,9,regular_season,1471,2026-03-29,4,4,新竹御嵿攻城獅,5,桃園台啤永豐雲豹,home,https://api.tpbl.basketball/api/games/1471/stats,37,50,87,37/87,42.5,27,20,47,27/47,57.4,10,30,40,10/40,25.0,18,8,26,18/26,69.2,102,102,91,91,51,38,13,21,0,20,21,28,10,4,13,50,10,18,"{""field_goals_made"":37,""field_goals_missed"":50,""field_goals_attempted"":87,""field_goals"":""37/87"",""field_goals_percentage"":""42.5"",""two_pointers_made"":27,""two_pointers_missed"":20,""two_pointers_attempted"":47,""two_pointers"":""27/47"",""two_pointers_percentage"":""57.4"",""three_pointers_made"":10,""three_pointers_missed"":30,""three_pointers_attempted"":40,""three_pointers"":""10/40"",""three_pointers_percentage"":""25.0"",""free_throws_made"":18,""free_throws_missed"":8,""free_throws_attempted"":26,""free_throws"":""18/26"",""free_throws_percentage"":""69.2"",""won_score"":102,""total_won_score"":102,""lost_score"":91,""total_lost_score"":91,""rebounds"":51,""defensive_rebounds"":38,""offensive_rebounds"":13,""defensive_fouls"":21,""offensive_fouls"":0,""personal_fouls"":20,""fouls"":21,""assists"":28,""steals"":10,""blocks"":4,""turnovers"":13,""points_in_paint"":50,""second_chance_points"":10,""fast_break_points"":18}"
2025-26,2,9,regular_season,1471,2026-03-29,4,5,桃園台啤永豐雲豹,4,新竹御嵿攻城獅,away,https://api.tpbl.basketball/api/games/1471/stats,34,42,76,34/76,44.7,26,24,50,26/50,52.0,8,18,26,8/26,30.8,15,8,23,15/23,65.2,91,91,102,102,48,40,8,22,3,24,25,21,7,4,18,50,12,11,"{""field_goals_made"":34,""field_goals_missed"":42,""field_goals_attempted"":76,""field_goals"":""34/76"",""field_goals_percentage"":""44.7"",""two_pointers_made"":26,""two_pointers_missed"":24,""two_pointers_attempted"":50,""two_pointers"":""26/50"",""two_pointers_percentage"":""52.0"",""three_pointers_made"":8,""three_pointers_missed"":18,""three_pointers_attempted"":26,""three_pointers"":""8/26"",""three_pointers_percentage"":""30.8"",""free_throws_made"":15,""free_throws_missed"":8,""free_throws_attempted"":23,""free_throws"":""15/23"",""free_throws_percentage"":""65.2"",""won_score"":91,""total_won_score"":91,""lost_score"":102,""total_lost_score"":102,""rebounds"":48,""defensive_rebounds"":40,""offensive_rebounds"":8,""defensive_fouls"":22,""offensive_fouls"":3,""personal_fouls"":24,""fouls"":25,""assists"":21,""steals"":7,""blocks"":4,""turnovers"":18,""points_in_paint"":50,""second_chance_points"":12,""fast_break_points"":11}"
2025-26,2,9,regular_season,1472,2026-03-29,4,8,臺北台新戰神,7,新北國王,home,https://api.tpbl.basketball/api/games/1472/stats,36,43,79,36/79,45.6,29,24,53,29/53,54.7,7,19,26,7/26,26.9,23,8,31,23/31,74.2,102,102,116,116,45,28,17,17,1,17,18,18,5,3,13,34,16,11,"{""field_goals_made"":36,""field_goals_missed"":43,""field_goals_attempted"":79,""field_goals"":""36/79"",""field_goals_percentage"":""45.6"",""two_pointers_made"":29,""two_pointers_missed"":24,""two_pointers_attempted"":53,""two_pointers"":""29/53"",""two_pointers_percentage"":""54.7"",""three_pointers_made"":7,""three_pointers_missed"":19,""three_pointers_attempted"":26,""three_pointers"":""7/26"",""three_pointers_percentage"":""26.9"",""free_throws_made"":23,""free_throws_missed"":8,""free_throws_attempted"":31,""free_throws"":""23/31"",""free_throws_percentage"":""74.2"",""won_score"":102,""total_won_score"":102,""lost_score"":116,""total_lost_score"":116,""rebounds"":45,""defensive_rebounds"":28,""offensive_rebounds"":17,""defensive_fouls"":17,""offensive_fouls"":1,""personal_fouls"":17,""fouls"":18,""assists"":18,""steals"":5,""blocks"":3,""turnovers"":13,""points_in_paint"":34,""second_chance_points"":16,""fast_break_points"":11}"
2025-26,2,9,regular_season,1472,2026-03-29,4,7,新北國王,8,臺北台新戰神,away,https://api.tpbl.basketball/api/games/1472/stats,43,40,83,43/83,51.8,28,21,49,28/49,57.1,15,19,34,15/34,44.1,15,3,18,15/18,83.3,116,116,102,102,44,31,13,23,0,23,23,28,9,2,11,52,10,10,"{""field_goals_made"":43,""field_goals_missed"":40,""field_goals_attempted"":83,""field_goals"":""43/83"",""field_goals_percentage"":""51.8"",""two_pointers_made"":28,""two_pointers_missed"":21,""two_pointers_attempted"":49,""two_pointers"":""28/49"",""two_pointers_percentage"":""57.1"",""three_pointers_made"":15,""three_pointers_missed"":19,""three_pointers_attempted"":34,""three_pointers"":""15/34"",""three_pointers_percentage"":""44.1"",""free_throws_made"":15,""free_throws_missed"":3,""free_throws_attempted"":18,""free_throws"":""15/18"",""free_throws_percentage"":""83.3"",""won_score"":116,""total_won_score"":116,""lost_score"":102,""total_lost_score"":102,""rebounds"":44,""defensive_rebounds"":31,""offensive_rebounds"":13,""defensive_fouls"":23,""offensive_fouls"":0,""personal_fouls"":23,""fouls"":23,""assists"":28,""steals"":9,""blocks"":2,""turnovers"":11,""points_in_paint"":52,""second_chance_points"":10,""fast_break_points"":10}"
2025-26,2,9,regular_season,1473,2026-04-01,4,6,新北中信特攻,8,臺北台新戰神,home,https://api.tpbl.basketball/api/games/1473/stats,32,47,79,32/79,40.5,19,16,35,19/35,54.3,13,31,44,13/44,29.5,12,6,18,12/18,66.7,89,89,91,91,41,32,9,16,1,17,17,18,8,3,15,32,4,10,"{""field_goals_made"":32,""field_goals_missed"":47,""field_goals_attempted"":79,""field_goals"":""32/79"",""field_goals_percentage"":""40.5"",""two_pointers_made"":19,""two_pointers_missed"":16,""two_pointers_attempted"":35,""two_pointers"":""19/35"",""two_pointers_percentage"":""54.3"",""three_pointers_made"":13,""three_pointers_missed"":31,""three_pointers_attempted"":44,""three_pointers"":""13/44"",""three_pointers_percentage"":""29.5"",""free_throws_made"":12,""free_throws_missed"":6,""free_throws_attempted"":18,""free_throws"":""12/18"",""free_throws_percentage"":""66.7"",""won_score"":89,""total_won_score"":89,""lost_score"":91,""total_lost_score"":91,""rebounds"":41,""defensive_rebounds"":32,""offensive_rebounds"":9,""defensive_fouls"":16,""offensive_fouls"":1,""personal_fouls"":17,""fouls"":17,""assists"":18,""steals"":8,""blocks"":3,""turnovers"":15,""points_in_paint"":32,""second_chance_points"":4,""fast_break_points"":10}"
2025-26,2,9,regular_season,1473,2026-04-01,4,8,臺北台新戰神,6,新北中信特攻,away,https://api.tpbl.basketball/api/games/1473/stats,34,44,78,34/78,43.6,22,21,43,22/43,51.2,12,23,35,12/35,34.3,11,4,15,11/15,73.3,91,91,89,89,53,39,14,17,2,18,19,19,8,2,18,38,16,2,"{""field_goals_made"":34,""field_goals_missed"":44,""field_goals_attempted"":78,""field_goals"":""34/78"",""field_goals_percentage"":""43.6"",""two_pointers_made"":22,""two_pointers_missed"":21,""two_pointers_attempted"":43,""two_pointers"":""22/43"",""two_pointers_percentage"":""51.2"",""three_pointers_made"":12,""three_pointers_missed"":23,""three_pointers_attempted"":35,""three_pointers"":""12/35"",""three_pointers_percentage"":""34.3"",""free_throws_made"":11,""free_throws_missed"":4,""free_throws_attempted"":15,""free_throws"":""11/15"",""free_throws_percentage"":""73.3"",""won_score"":91,""total_won_score"":91,""lost_score"":89,""total_lost_score"":89,""rebounds"":53,""defensive_rebounds"":39,""offensive_rebounds"":14,""defensive_fouls"":17,""offensive_fouls"":2,""personal_fouls"":18,""fouls"":19,""assists"":19,""steals"":8,""blocks"":2,""turnovers"":18,""points_in_paint"":38,""second_chance_points"":16,""fast_break_points"":2}"
2025-26,2,9,regular_season,1474,2026-04-04,4,6,新北中信特攻,3,福爾摩沙夢想家,home,https://api.tpbl.basketball/api/games/1474/stats,34,43,77,34/77,44.2,17,21,38,17/38,44.7,17,22,39,17/39,43.6,23,8,31,23/31,74.2,108,108,104,104,47,31,16,21,2,22,23,25,11,0,18,34,18,9,"{""field_goals_made"":34,""field_goals_missed"":43,""field_goals_attempted"":77,""field_goals"":""34/77"",""field_goals_percentage"":""44.2"",""two_pointers_made"":17,""two_pointers_missed"":21,""two_pointers_attempted"":38,""two_pointers"":""17/38"",""two_pointers_percentage"":""44.7"",""three_pointers_made"":17,""three_pointers_missed"":22,""three_pointers_attempted"":39,""three_pointers"":""17/39"",""three_pointers_percentage"":""43.6"",""free_throws_made"":23,""free_throws_missed"":8,""free_throws_attempted"":31,""free_throws"":""23/31"",""free_throws_percentage"":""74.2"",""won_score"":108,""total_won_score"":108,""lost_score"":104,""total_lost_score"":104,""rebounds"":47,""defensive_rebounds"":31,""offensive_rebounds"":16,""defensive_fouls"":21,""offensive_fouls"":2,""personal_fouls"":22,""fouls"":23,""assists"":25,""steals"":11,""blocks"":0,""turnovers"":18,""points_in_paint"":34,""second_chance_points"":18,""fast_break_points"":9}"
2025-26,2,9,regular_season,1474,2026-04-04,4,3,福爾摩沙夢想家,6,新北中信特攻,away,https://api.tpbl.basketball/api/games/1474/stats,34,42,76,34/76,44.7,21,19,40,21/40,52.5,13,23,36,13/36,36.1,23,4,27,23/27,85.2,104,104,108,108,41,29,12,22,2,24,24,25,10,1,20,38,14,4,"{""field_goals_made"":34,""field_goals_missed"":42,""field_goals_attempted"":76,""field_goals"":""34/76"",""field_goals_percentage"":""44.7"",""two_pointers_made"":21,""two_pointers_missed"":19,""two_pointers_attempted"":40,""two_pointers"":""21/40"",""two_pointers_percentage"":""52.5"",""three_pointers_made"":13,""three_pointers_missed"":23,""three_pointers_attempted"":36,""three_pointers"":""13/36"",""three_pointers_percentage"":""36.1"",""free_throws_made"":23,""free_throws_missed"":4,""free_throws_attempted"":27,""free_throws"":""23/27"",""free_throws_percentage"":""85.2"",""won_score"":104,""total_won_score"":104,""lost_score"":108,""total_lost_score"":108,""rebounds"":41,""defensive_rebounds"":29,""offensive_rebounds"":12,""defensive_fouls"":22,""offensive_fouls"":2,""personal_fouls"":24,""fouls"":24,""assists"":25,""steals"":10,""blocks"":1,""turnovers"":20,""points_in_paint"":38,""second_chance_points"":14,""fast_break_points"":4}"
2025-26,2,9,regular_season,1475,2026-04-04,4,5,桃園台啤永豐雲豹,2,高雄全家海神,home,https://api.tpbl.basketball/api/games/1475/stats,37,44,81,37/81,45.7,19,21,40,19/40,47.5,18,23,41,18/41,43.9,13,7,20,13/20,65.0,105,105,74,74,47,33,14,20,1,21,21,21,13,9,8,26,6,14,"{""field_goals_made"":37,""field_goals_missed"":44,""field_goals_attempted"":81,""field_goals"":""37/81"",""field_goals_percentage"":""45.7"",""two_pointers_made"":19,""two_pointers_missed"":21,""two_pointers_attempted"":40,""two_pointers"":""19/40"",""two_pointers_percentage"":""47.5"",""three_pointers_made"":18,""three_pointers_missed"":23,""three_pointers_attempted"":41,""three_pointers"":""18/41"",""three_pointers_percentage"":""43.9"",""free_throws_made"":13,""free_throws_missed"":7,""free_throws_attempted"":20,""free_throws"":""13/20"",""free_throws_percentage"":""65.0"",""won_score"":105,""total_won_score"":105,""lost_score"":74,""total_lost_score"":74,""rebounds"":47,""defensive_rebounds"":33,""offensive_rebounds"":14,""defensive_fouls"":20,""offensive_fouls"":1,""personal_fouls"":21,""fouls"":21,""assists"":21,""steals"":13,""blocks"":9,""turnovers"":8,""points_in_paint"":26,""second_chance_points"":6,""fast_break_points"":14}"
2025-26,2,9,regular_season,1475,2026-04-04,4,2,高雄全家海神,5,桃園台啤永豐雲豹,away,https://api.tpbl.basketball/api/games/1475/stats,26,55,81,26/81,32.1,15,33,48,15/48,31.3,11,22,33,11/33,33.3,11,11,22,11/22,50.0,74,74,105,105,59,32,27,15,1,15,16,18,6,4,18,26,17,4,"{""field_goals_made"":26,""field_goals_missed"":55,""field_goals_attempted"":81,""field_goals"":""26/81"",""field_goals_percentage"":""32.1"",""two_pointers_made"":15,""two_pointers_missed"":33,""two_pointers_attempted"":48,""two_pointers"":""15/48"",""two_pointers_percentage"":""31.3"",""three_pointers_made"":11,""three_pointers_missed"":22,""three_pointers_attempted"":33,""three_pointers"":""11/33"",""three_pointers_percentage"":""33.3"",""free_throws_made"":11,""free_throws_missed"":11,""free_throws_attempted"":22,""free_throws"":""11/22"",""free_throws_percentage"":""50.0"",""won_score"":74,""total_won_score"":74,""lost_score"":105,""total_lost_score"":105,""rebounds"":59,""defensive_rebounds"":32,""offensive_rebounds"":27,""defensive_fouls"":15,""offensive_fouls"":1,""personal_fouls"":15,""fouls"":16,""assists"":18,""steals"":6,""blocks"":4,""turnovers"":18,""points_in_paint"":26,""second_chance_points"":17,""fast_break_points"":4}"
2025-26,2,9,regular_season,1476,2026-04-05,4,6,新北中信特攻,7,新北國王,home,https://api.tpbl.basketball/api/games/1476/stats,41,48,89,41/89,46.1,32,27,59,32/59,54.2,9,21,30,9/30,30.0,7,4,11,7/11,63.6,98,98,78,78,59,41,18,18,1,19,19,24,12,1,16,54,10,15,"{""field_goals_made"":41,""field_goals_missed"":48,""field_goals_attempted"":89,""field_goals"":""41/89"",""field_goals_percentage"":""46.1"",""two_pointers_made"":32,""two_pointers_missed"":27,""two_pointers_attempted"":59,""two_pointers"":""32/59"",""two_pointers_percentage"":""54.2"",""three_pointers_made"":9,""three_pointers_missed"":21,""three_pointers_attempted"":30,""three_pointers"":""9/30"",""three_pointers_percentage"":""30.0"",""free_throws_made"":7,""free_throws_missed"":4,""free_throws_attempted"":11,""free_throws"":""7/11"",""free_throws_percentage"":""63.6"",""won_score"":98,""total_won_score"":98,""lost_score"":78,""total_lost_score"":78,""rebounds"":59,""defensive_rebounds"":41,""offensive_rebounds"":18,""defensive_fouls"":18,""offensive_fouls"":1,""personal_fouls"":19,""fouls"":19,""assists"":24,""steals"":12,""blocks"":1,""turnovers"":16,""points_in_paint"":54,""second_chance_points"":10,""fast_break_points"":15}"
2025-26,2,9,regular_season,1476,2026-04-05,4,7,新北國王,6,新北中信特攻,away,https://api.tpbl.basketball/api/games/1476/stats,30,57,87,30/87,34.5,22,17,39,22/39,56.4,8,40,48,8/48,16.7,10,7,17,10/17,58.8,78,78,98,98,52,32,20,15,0,15,15,13,7,4,16,42,14,4,"{""field_goals_made"":30,""field_goals_missed"":57,""field_goals_attempted"":87,""field_goals"":""30/87"",""field_goals_percentage"":""34.5"",""two_pointers_made"":22,""two_pointers_missed"":17,""two_pointers_attempted"":39,""two_pointers"":""22/39"",""two_pointers_percentage"":""56.4"",""three_pointers_made"":8,""three_pointers_missed"":40,""three_pointers_attempted"":48,""three_pointers"":""8/48"",""three_pointers_percentage"":""16.7"",""free_throws_made"":10,""free_throws_missed"":7,""free_throws_attempted"":17,""free_throws"":""10/17"",""free_throws_percentage"":""58.8"",""won_score"":78,""total_won_score"":78,""lost_score"":98,""total_lost_score"":98,""rebounds"":52,""defensive_rebounds"":32,""offensive_rebounds"":20,""defensive_fouls"":15,""offensive_fouls"":0,""personal_fouls"":15,""fouls"":15,""assists"":13,""steals"":7,""blocks"":4,""turnovers"":16,""points_in_paint"":42,""second_chance_points"":14,""fast_break_points"":4}"
2025-26,2,9,regular_season,1477,2026-04-05,4,5,桃園台啤永豐雲豹,8,臺北台新戰神,home,https://api.tpbl.basketball/api/games/1477/stats,44,45,89,44/89,49.4,35,24,59,35/59,59.3,9,21,30,9/30,30.0,10,4,14,10/14,71.4,107,107,96,96,42,29,13,22,0,21,22,23,12,6,11,58,17,16,"{""field_goals_made"":44,""field_goals_missed"":45,""field_goals_attempted"":89,""field_goals"":""44/89"",""field_goals_percentage"":""49.4"",""two_pointers_made"":35,""two_pointers_missed"":24,""two_pointers_attempted"":59,""two_pointers"":""35/59"",""two_pointers_percentage"":""59.3"",""three_pointers_made"":9,""three_pointers_missed"":21,""three_pointers_attempted"":30,""three_pointers"":""9/30"",""three_pointers_percentage"":""30.0"",""free_throws_made"":10,""free_throws_missed"":4,""free_throws_attempted"":14,""free_throws"":""10/14"",""free_throws_percentage"":""71.4"",""won_score"":107,""total_won_score"":107,""lost_score"":96,""total_lost_score"":96,""rebounds"":42,""defensive_rebounds"":29,""offensive_rebounds"":13,""defensive_fouls"":22,""offensive_fouls"":0,""personal_fouls"":21,""fouls"":22,""assists"":23,""steals"":12,""blocks"":6,""turnovers"":11,""points_in_paint"":58,""second_chance_points"":17,""fast_break_points"":16}"
2025-26,2,9,regular_season,1477,2026-04-05,4,8,臺北台新戰神,5,桃園台啤永豐雲豹,away,https://api.tpbl.basketball/api/games/1477/stats,33,45,78,33/78,42.3,22,29,51,22/51,43.1,11,16,27,11/27,40.7,19,8,27,19/27,70.4,96,96,107,107,52,34,18,14,2,15,16,26,5,2,22,38,12,12,"{""field_goals_made"":33,""field_goals_missed"":45,""field_goals_attempted"":78,""field_goals"":""33/78"",""field_goals_percentage"":""42.3"",""two_pointers_made"":22,""two_pointers_missed"":29,""two_pointers_attempted"":51,""two_pointers"":""22/51"",""two_pointers_percentage"":""43.1"",""three_pointers_made"":11,""three_pointers_missed"":16,""three_pointers_attempted"":27,""three_pointers"":""11/27"",""three_pointers_percentage"":""40.7"",""free_throws_made"":19,""free_throws_missed"":8,""free_throws_attempted"":27,""free_throws"":""19/27"",""free_throws_percentage"":""70.4"",""won_score"":96,""total_won_score"":96,""lost_score"":107,""total_lost_score"":107,""rebounds"":52,""defensive_rebounds"":34,""offensive_rebounds"":18,""defensive_fouls"":14,""offensive_fouls"":2,""personal_fouls"":15,""fouls"":16,""assists"":26,""steals"":5,""blocks"":2,""turnovers"":22,""points_in_paint"":38,""second_chance_points"":12,""fast_break_points"":12}"
2025-26,2,9,regular_season,1478,2026-04-08,4,4,新竹御嵿攻城獅,6,新北中信特攻,home,https://api.tpbl.basketball/api/games/1478/stats,43,34,77,43/77,55.8,26,12,38,26/38,68.4,17,22,39,17/39,43.6,14,9,23,14/23,60.9,117,117,100,100,47,35,12,16,2,18,18,32,9,5,16,38,15,14,"{""field_goals_made"":43,""field_goals_missed"":34,""field_goals_attempted"":77,""field_goals"":""43/77"",""field_goals_percentage"":""55.8"",""two_pointers_made"":26,""two_pointers_missed"":12,""two_pointers_attempted"":38,""two_pointers"":""26/38"",""two_pointers_percentage"":""68.4"",""three_pointers_made"":17,""three_pointers_missed"":22,""three_pointers_attempted"":39,""three_pointers"":""17/39"",""three_pointers_percentage"":""43.6"",""free_throws_made"":14,""free_throws_missed"":9,""free_throws_attempted"":23,""free_throws"":""14/23"",""free_throws_percentage"":""60.9"",""won_score"":117,""total_won_score"":117,""lost_score"":100,""total_lost_score"":100,""rebounds"":47,""defensive_rebounds"":35,""offensive_rebounds"":12,""defensive_fouls"":16,""offensive_fouls"":2,""personal_fouls"":18,""fouls"":18,""assists"":32,""steals"":9,""blocks"":5,""turnovers"":16,""points_in_paint"":38,""second_chance_points"":15,""fast_break_points"":14}"
2025-26,2,9,regular_season,1478,2026-04-08,4,6,新北中信特攻,4,新竹御嵿攻城獅,away,https://api.tpbl.basketball/api/games/1478/stats,39,49,88,39/88,44.3,27,25,52,27/52,51.9,12,24,36,12/36,33.3,10,4,14,10/14,71.4,100,100,117,117,43,26,17,21,3,23,24,24,8,1,15,50,20,17,"{""field_goals_made"":39,""field_goals_missed"":49,""field_goals_attempted"":88,""field_goals"":""39/88"",""field_goals_percentage"":""44.3"",""two_pointers_made"":27,""two_pointers_missed"":25,""two_pointers_attempted"":52,""two_pointers"":""27/52"",""two_pointers_percentage"":""51.9"",""three_pointers_made"":12,""three_pointers_missed"":24,""three_pointers_attempted"":36,""three_pointers"":""12/36"",""three_pointers_percentage"":""33.3"",""free_throws_made"":10,""free_throws_missed"":4,""free_throws_attempted"":14,""free_throws"":""10/14"",""free_throws_percentage"":""71.4"",""won_score"":100,""total_won_score"":100,""lost_score"":117,""total_lost_score"":117,""rebounds"":43,""defensive_rebounds"":26,""offensive_rebounds"":17,""defensive_fouls"":21,""offensive_fouls"":3,""personal_fouls"":23,""fouls"":24,""assists"":24,""steals"":8,""blocks"":1,""turnovers"":15,""points_in_paint"":50,""second_chance_points"":20,""fast_break_points"":17}"
2025-26,2,9,regular_season,1479,2026-04-11,4,2,高雄全家海神,7,新北國王,home,https://api.tpbl.basketball/api/games/1479/stats,38,39,77,38/77,49.4,21,19,40,21/40,52.5,17,20,37,17/37,45.9,18,6,24,18/24,75.0,111,111,112,112,37,31,6,22,0,21,22,24,6,0,10,30,4,5,"{""field_goals_made"":38,""field_goals_missed"":39,""field_goals_attempted"":77,""field_goals"":""38/77"",""field_goals_percentage"":""49.4"",""two_pointers_made"":21,""two_pointers_missed"":19,""two_pointers_attempted"":40,""two_pointers"":""21/40"",""two_pointers_percentage"":""52.5"",""three_pointers_made"":17,""three_pointers_missed"":20,""three_pointers_attempted"":37,""three_pointers"":""17/37"",""three_pointers_percentage"":""45.9"",""free_throws_made"":18,""free_throws_missed"":6,""free_throws_attempted"":24,""free_throws"":""18/24"",""free_throws_percentage"":""75.0"",""won_score"":111,""total_won_score"":111,""lost_score"":112,""total_lost_score"":112,""rebounds"":37,""defensive_rebounds"":31,""offensive_rebounds"":6,""defensive_fouls"":22,""offensive_fouls"":0,""personal_fouls"":21,""fouls"":22,""assists"":24,""steals"":6,""blocks"":0,""turnovers"":10,""points_in_paint"":30,""second_chance_points"":4,""fast_break_points"":5}"
2025-26,2,9,regular_season,1479,2026-04-11,4,7,新北國王,2,高雄全家海神,away,https://api.tpbl.basketball/api/games/1479/stats,39,38,77,39/77,50.6,23,12,35,23/35,65.7,16,26,42,16/42,38.1,18,6,24,18/24,75.0,112,112,111,111,41,34,7,22,0,21,22,25,10,2,11,38,4,9,"{""field_goals_made"":39,""field_goals_missed"":38,""field_goals_attempted"":77,""field_goals"":""39/77"",""field_goals_percentage"":""50.6"",""two_pointers_made"":23,""two_pointers_missed"":12,""two_pointers_attempted"":35,""two_pointers"":""23/35"",""two_pointers_percentage"":""65.7"",""three_pointers_made"":16,""three_pointers_missed"":26,""three_pointers_attempted"":42,""three_pointers"":""16/42"",""three_pointers_percentage"":""38.1"",""free_throws_made"":18,""free_throws_missed"":6,""free_throws_attempted"":24,""free_throws"":""18/24"",""free_throws_percentage"":""75.0"",""won_score"":112,""total_won_score"":112,""lost_score"":111,""total_lost_score"":111,""rebounds"":41,""defensive_rebounds"":34,""offensive_rebounds"":7,""defensive_fouls"":22,""offensive_fouls"":0,""personal_fouls"":21,""fouls"":22,""assists"":25,""steals"":10,""blocks"":2,""turnovers"":11,""points_in_paint"":38,""second_chance_points"":4,""fast_break_points"":9}"
2025-26,2,9,regular_season,1480,2026-04-11,4,4,新竹御嵿攻城獅,5,桃園台啤永豐雲豹,home,https://api.tpbl.basketball/api/games/1480/stats,27,51,78,27/78,34.6,21,27,48,21/48,43.8,6,24,30,6/30,20.0,19,6,25,19/25,76.0,79,79,76,76,48,36,12,14,1,15,15,19,11,4,11,36,13,7,"{""field_goals_made"":27,""field_goals_missed"":51,""field_goals_attempted"":78,""field_goals"":""27/78"",""field_goals_percentage"":""34.6"",""two_pointers_made"":21,""two_pointers_missed"":27,""two_pointers_attempted"":48,""two_pointers"":""21/48"",""two_pointers_percentage"":""43.8"",""three_pointers_made"":6,""three_pointers_missed"":24,""three_pointers_attempted"":30,""three_pointers"":""6/30"",""three_pointers_percentage"":""20.0"",""free_throws_made"":19,""free_throws_missed"":6,""free_throws_attempted"":25,""free_throws"":""19/25"",""free_throws_percentage"":""76.0"",""won_score"":79,""total_won_score"":79,""lost_score"":76,""total_lost_score"":76,""rebounds"":48,""defensive_rebounds"":36,""offensive_rebounds"":12,""defensive_fouls"":14,""offensive_fouls"":1,""personal_fouls"":15,""fouls"":15,""assists"":19,""steals"":11,""blocks"":4,""turnovers"":11,""points_in_paint"":36,""second_chance_points"":13,""fast_break_points"":7}"
2025-26,2,9,regular_season,1480,2026-04-11,4,5,桃園台啤永豐雲豹,4,新竹御嵿攻城獅,away,https://api.tpbl.basketball/api/games/1480/stats,28,51,79,28/79,35.4,19,24,43,19/43,44.2,9,27,36,9/36,25.0,11,2,13,11/13,84.6,76,76,79,79,54,40,14,20,0,20,20,16,5,3,17,34,8,2,"{""field_goals_made"":28,""field_goals_missed"":51,""field_goals_attempted"":79,""field_goals"":""28/79"",""field_goals_percentage"":""35.4"",""two_pointers_made"":19,""two_pointers_missed"":24,""two_pointers_attempted"":43,""two_pointers"":""19/43"",""two_pointers_percentage"":""44.2"",""three_pointers_made"":9,""three_pointers_missed"":27,""three_pointers_attempted"":36,""three_pointers"":""9/36"",""three_pointers_percentage"":""25.0"",""free_throws_made"":11,""free_throws_missed"":2,""free_throws_attempted"":13,""free_throws"":""11/13"",""free_throws_percentage"":""84.6"",""won_score"":76,""total_won_score"":76,""lost_score"":79,""total_lost_score"":79,""rebounds"":54,""defensive_rebounds"":40,""offensive_rebounds"":14,""defensive_fouls"":20,""offensive_fouls"":0,""personal_fouls"":20,""fouls"":20,""assists"":16,""steals"":5,""blocks"":3,""turnovers"":17,""points_in_paint"":34,""second_chance_points"":8,""fast_break_points"":2}"
2025-26,2,9,regular_season,1481,2026-04-12,4,2,高雄全家海神,8,臺北台新戰神,home,https://api.tpbl.basketball/api/games/1481/stats,36,46,82,36/82,43.9,23,19,42,23/42,54.8,13,27,40,13/40,32.5,8,1,9,8/9,88.9,93,93,104,104,42,35,7,17,0,17,17,20,4,1,10,42,6,16,"{""field_goals_made"":36,""field_goals_missed"":46,""field_goals_attempted"":82,""field_goals"":""36/82"",""field_goals_percentage"":""43.9"",""two_pointers_made"":23,""two_pointers_missed"":19,""two_pointers_attempted"":42,""two_pointers"":""23/42"",""two_pointers_percentage"":""54.8"",""three_pointers_made"":13,""three_pointers_missed"":27,""three_pointers_attempted"":40,""three_pointers"":""13/40"",""three_pointers_percentage"":""32.5"",""free_throws_made"":8,""free_throws_missed"":1,""free_throws_attempted"":9,""free_throws"":""8/9"",""free_throws_percentage"":""88.9"",""won_score"":93,""total_won_score"":93,""lost_score"":104,""total_lost_score"":104,""rebounds"":42,""defensive_rebounds"":35,""offensive_rebounds"":7,""defensive_fouls"":17,""offensive_fouls"":0,""personal_fouls"":17,""fouls"":17,""assists"":20,""steals"":4,""blocks"":1,""turnovers"":10,""points_in_paint"":42,""second_chance_points"":6,""fast_break_points"":16}"
2025-26,2,9,regular_season,1481,2026-04-12,4,8,臺北台新戰神,2,高雄全家海神,away,https://api.tpbl.basketball/api/games/1481/stats,39,36,75,39/75,52.0,24,15,39,24/39,61.5,15,21,36,15/36,41.7,11,8,19,11/19,57.9,104,104,93,93,44,38,6,13,0,13,13,29,4,1,11,46,8,12,"{""field_goals_made"":39,""field_goals_missed"":36,""field_goals_attempted"":75,""field_goals"":""39/75"",""field_goals_percentage"":""52.0"",""two_pointers_made"":24,""two_pointers_missed"":15,""two_pointers_attempted"":39,""two_pointers"":""24/39"",""two_pointers_percentage"":""61.5"",""three_pointers_made"":15,""three_pointers_missed"":21,""three_pointers_attempted"":36,""three_pointers"":""15/36"",""three_pointers_percentage"":""41.7"",""free_throws_made"":11,""free_throws_missed"":8,""free_throws_attempted"":19,""free_throws"":""11/19"",""free_throws_percentage"":""57.9"",""won_score"":104,""total_won_score"":104,""lost_score"":93,""total_lost_score"":93,""rebounds"":44,""defensive_rebounds"":38,""offensive_rebounds"":6,""defensive_fouls"":13,""offensive_fouls"":0,""personal_fouls"":13,""fouls"":13,""assists"":29,""steals"":4,""blocks"":1,""turnovers"":11,""points_in_paint"":46,""second_chance_points"":8,""fast_break_points"":12}"
2025-26,2,9,regular_season,1482,2026-04-12,4,4,新竹御嵿攻城獅,3,福爾摩沙夢想家,home,https://api.tpbl.basketball/api/games/1482/stats,30,46,76,30/76,39.5,21,20,41,21/41,51.2,9,26,35,9/35,25.7,16,1,17,16/17,94.1,85,85,94,94,45,36,9,16,1,17,17,23,4,1,12,34,3,9,"{""field_goals_made"":30,""field_goals_missed"":46,""field_goals_attempted"":76,""field_goals"":""30/76"",""field_goals_percentage"":""39.5"",""two_pointers_made"":21,""two_pointers_missed"":20,""two_pointers_attempted"":41,""two_pointers"":""21/41"",""two_pointers_percentage"":""51.2"",""three_pointers_made"":9,""three_pointers_missed"":26,""three_pointers_attempted"":35,""three_pointers"":""9/35"",""three_pointers_percentage"":""25.7"",""free_throws_made"":16,""free_throws_missed"":1,""free_throws_attempted"":17,""free_throws"":""16/17"",""free_throws_percentage"":""94.1"",""won_score"":85,""total_won_score"":85,""lost_score"":94,""total_lost_score"":94,""rebounds"":45,""defensive_rebounds"":36,""offensive_rebounds"":9,""defensive_fouls"":16,""offensive_fouls"":1,""personal_fouls"":17,""fouls"":17,""assists"":23,""steals"":4,""blocks"":1,""turnovers"":12,""points_in_paint"":34,""second_chance_points"":3,""fast_break_points"":9}"
2025-26,2,9,regular_season,1482,2026-04-12,4,3,福爾摩沙夢想家,4,新竹御嵿攻城獅,away,https://api.tpbl.basketball/api/games/1482/stats,36,56,92,36/92,39.1,27,32,59,27/59,45.8,9,24,33,9/33,27.3,13,8,21,13/21,61.9,94,94,85,85,60,37,23,21,0,21,21,26,10,1,9,46,14,10,"{""field_goals_made"":36,""field_goals_missed"":56,""field_goals_attempted"":92,""field_goals"":""36/92"",""field_goals_percentage"":""39.1"",""two_pointers_made"":27,""two_pointers_missed"":32,""two_pointers_attempted"":59,""two_pointers"":""27/59"",""two_pointers_percentage"":""45.8"",""three_pointers_made"":9,""three_pointers_missed"":24,""three_pointers_attempted"":33,""three_pointers"":""9/33"",""three_pointers_percentage"":""27.3"",""free_throws_made"":13,""free_throws_missed"":8,""free_throws_attempted"":21,""free_throws"":""13/21"",""free_throws_percentage"":""61.9"",""won_score"":94,""total_won_score"":94,""lost_score"":85,""total_lost_score"":85,""rebounds"":60,""defensive_rebounds"":37,""offensive_rebounds"":23,""defensive_fouls"":21,""offensive_fouls"":0,""personal_fouls"":21,""fouls"":21,""assists"":26,""steals"":10,""blocks"":1,""turnovers"":9,""points_in_paint"":46,""second_chance_points"":14,""fast_break_points"":10}"
2025-26,2,9,regular_season,1483,2026-04-18,4,3,福爾摩沙夢想家,8,臺北台新戰神,home,https://api.tpbl.basketball/api/games/1483/stats,35,50,85,35/85,41.2,20,22,42,20/42,47.6,15,28,43,15/43,34.9,14,13,27,14/27,51.9,99,99,66,66,65,43,22,16,0,15,16,17,13,6,12,34,20,2,"{""field_goals_made"":35,""field_goals_missed"":50,""field_goals_attempted"":85,""field_goals"":""35/85"",""field_goals_percentage"":""41.2"",""two_pointers_made"":20,""two_pointers_missed"":22,""two_pointers_attempted"":42,""two_pointers"":""20/42"",""two_pointers_percentage"":""47.6"",""three_pointers_made"":15,""three_pointers_missed"":28,""three_pointers_attempted"":43,""three_pointers"":""15/43"",""three_pointers_percentage"":""34.9"",""free_throws_made"":14,""free_throws_missed"":13,""free_throws_attempted"":27,""free_throws"":""14/27"",""free_throws_percentage"":""51.9"",""won_score"":99,""total_won_score"":99,""lost_score"":66,""total_lost_score"":66,""rebounds"":65,""defensive_rebounds"":43,""offensive_rebounds"":22,""defensive_fouls"":16,""offensive_fouls"":0,""personal_fouls"":15,""fouls"":16,""assists"":17,""steals"":13,""blocks"":6,""turnovers"":12,""points_in_paint"":34,""second_chance_points"":20,""fast_break_points"":2}"
2025-26,2,9,regular_season,1483,2026-04-18,4,8,臺北台新戰神,3,福爾摩沙夢想家,away,https://api.tpbl.basketball/api/games/1483/stats,22,50,72,22/72,30.6,12,25,37,12/37,32.4,10,25,35,10/35,28.6,12,11,23,12/23,52.2,66,66,99,99,43,31,12,20,0,19,20,14,5,1,17,18,11,9,"{""field_goals_made"":22,""field_goals_missed"":50,""field_goals_attempted"":72,""field_goals"":""22/72"",""field_goals_percentage"":""30.6"",""two_pointers_made"":12,""two_pointers_missed"":25,""two_pointers_attempted"":37,""two_pointers"":""12/37"",""two_pointers_percentage"":""32.4"",""three_pointers_made"":10,""three_pointers_missed"":25,""three_pointers_attempted"":35,""three_pointers"":""10/35"",""three_pointers_percentage"":""28.6"",""free_throws_made"":12,""free_throws_missed"":11,""free_throws_attempted"":23,""free_throws"":""12/23"",""free_throws_percentage"":""52.2"",""won_score"":66,""total_won_score"":66,""lost_score"":99,""total_lost_score"":99,""rebounds"":43,""defensive_rebounds"":31,""offensive_rebounds"":12,""defensive_fouls"":20,""offensive_fouls"":0,""personal_fouls"":19,""fouls"":20,""assists"":14,""steals"":5,""blocks"":1,""turnovers"":17,""points_in_paint"":18,""second_chance_points"":11,""fast_break_points"":9}"
2025-26,2,9,regular_season,1484,2026-04-18,4,6,新北中信特攻,5,桃園台啤永豐雲豹,home,https://api.tpbl.basketball/api/games/1484/stats,41,45,86,41/86,47.7,30,23,53,30/53,56.6,11,22,33,11/33,33.3,14,5,19,14/19,73.7,107,107,93,93,51,38,13,17,1,18,18,24,9,4,15,52,14,8,"{""field_goals_made"":41,""field_goals_missed"":45,""field_goals_attempted"":86,""field_goals"":""41/86"",""field_goals_percentage"":""47.7"",""two_pointers_made"":30,""two_pointers_missed"":23,""two_pointers_attempted"":53,""two_pointers"":""30/53"",""two_pointers_percentage"":""56.6"",""three_pointers_made"":11,""three_pointers_missed"":22,""three_pointers_attempted"":33,""three_pointers"":""11/33"",""three_pointers_percentage"":""33.3"",""free_throws_made"":14,""free_throws_missed"":5,""free_throws_attempted"":19,""free_throws"":""14/19"",""free_throws_percentage"":""73.7"",""won_score"":107,""total_won_score"":107,""lost_score"":93,""total_lost_score"":93,""rebounds"":51,""defensive_rebounds"":38,""offensive_rebounds"":13,""defensive_fouls"":17,""offensive_fouls"":1,""personal_fouls"":18,""fouls"":18,""assists"":24,""steals"":9,""blocks"":4,""turnovers"":15,""points_in_paint"":52,""second_chance_points"":14,""fast_break_points"":8}"
2025-26,2,9,regular_season,1484,2026-04-18,4,5,桃園台啤永豐雲豹,6,新北中信特攻,away,https://api.tpbl.basketball/api/games/1484/stats,31,49,80,31/80,38.8,17,18,35,17/35,48.6,14,31,45,14/45,31.1,17,7,24,17/24,70.8,93,93,107,107,46,34,12,18,0,17,18,20,8,1,15,26,9,10,"{""field_goals_made"":31,""field_goals_missed"":49,""field_goals_attempted"":80,""field_goals"":""31/80"",""field_goals_percentage"":""38.8"",""two_pointers_made"":17,""two_pointers_missed"":18,""two_pointers_attempted"":35,""two_pointers"":""17/35"",""two_pointers_percentage"":""48.6"",""three_pointers_made"":14,""three_pointers_missed"":31,""three_pointers_attempted"":45,""three_pointers"":""14/45"",""three_pointers_percentage"":""31.1"",""free_throws_made"":17,""free_throws_missed"":7,""free_throws_attempted"":24,""free_throws"":""17/24"",""free_throws_percentage"":""70.8"",""won_score"":93,""total_won_score"":93,""lost_score"":107,""total_lost_score"":107,""rebounds"":46,""defensive_rebounds"":34,""offensive_rebounds"":12,""defensive_fouls"":18,""offensive_fouls"":0,""personal_fouls"":17,""fouls"":18,""assists"":20,""steals"":8,""blocks"":1,""turnovers"":15,""points_in_paint"":26,""second_chance_points"":9,""fast_break_points"":10}"
2025-26,2,9,regular_season,1485,2026-04-19,4,3,福爾摩沙夢想家,4,新竹御嵿攻城獅,home,https://api.tpbl.basketball/api/games/1485/stats,32,44,76,32/76,42.1,24,20,44,24/44,54.5,8,24,32,8/32,25.0,20,7,27,20/27,74.1,92,92,86,86,53,37,16,16,2,18,18,24,8,3,19,42,14,3,"{""field_goals_made"":32,""field_goals_missed"":44,""field_goals_attempted"":76,""field_goals"":""32/76"",""field_goals_percentage"":""42.1"",""two_pointers_made"":24,""two_pointers_missed"":20,""two_pointers_attempted"":44,""two_pointers"":""24/44"",""two_pointers_percentage"":""54.5"",""three_pointers_made"":8,""three_pointers_missed"":24,""three_pointers_attempted"":32,""three_pointers"":""8/32"",""three_pointers_percentage"":""25.0"",""free_throws_made"":20,""free_throws_missed"":7,""free_throws_attempted"":27,""free_throws"":""20/27"",""free_throws_percentage"":""74.1"",""won_score"":92,""total_won_score"":92,""lost_score"":86,""total_lost_score"":86,""rebounds"":53,""defensive_rebounds"":37,""offensive_rebounds"":16,""defensive_fouls"":16,""offensive_fouls"":2,""personal_fouls"":18,""fouls"":18,""assists"":24,""steals"":8,""blocks"":3,""turnovers"":19,""points_in_paint"":42,""second_chance_points"":14,""fast_break_points"":3}"
2025-26,2,9,regular_season,1485,2026-04-19,4,4,新竹御嵿攻城獅,3,福爾摩沙夢想家,away,https://api.tpbl.basketball/api/games/1485/stats,32,49,81,32/81,39.5,22,28,50,22/50,44.0,10,21,31,10/31,32.3,12,2,14,12/14,85.7,86,86,92,92,44,31,13,16,4,19,20,20,13,2,18,32,10,13,"{""field_goals_made"":32,""field_goals_missed"":49,""field_goals_attempted"":81,""field_goals"":""32/81"",""field_goals_percentage"":""39.5"",""two_pointers_made"":22,""two_pointers_missed"":28,""two_pointers_attempted"":50,""two_pointers"":""22/50"",""two_pointers_percentage"":""44.0"",""three_pointers_made"":10,""three_pointers_missed"":21,""three_pointers_attempted"":31,""three_pointers"":""10/31"",""three_pointers_percentage"":""32.3"",""free_throws_made"":12,""free_throws_missed"":2,""free_throws_attempted"":14,""free_throws"":""12/14"",""free_throws_percentage"":""85.7"",""won_score"":86,""total_won_score"":86,""lost_score"":92,""total_lost_score"":92,""rebounds"":44,""defensive_rebounds"":31,""offensive_rebounds"":13,""defensive_fouls"":16,""offensive_fouls"":4,""personal_fouls"":19,""fouls"":20,""assists"":20,""steals"":13,""blocks"":2,""turnovers"":18,""points_in_paint"":32,""second_chance_points"":10,""fast_break_points"":13}"
2025-26,2,9,regular_season,1486,2026-04-19,4,6,新北中信特攻,2,高雄全家海神,home,https://api.tpbl.basketball/api/games/1486/stats,46,46,92,46/92,50.0,28,21,49,28/49,57.1,18,25,43,18/43,41.9,5,1,6,5/6,83.3,115,115,99,99,49,36,13,21,2,22,23,25,7,2,12,48,17,11,"{""field_goals_made"":46,""field_goals_missed"":46,""field_goals_attempted"":92,""field_goals"":""46/92"",""field_goals_percentage"":""50.0"",""two_pointers_made"":28,""two_pointers_missed"":21,""two_pointers_attempted"":49,""two_pointers"":""28/49"",""two_pointers_percentage"":""57.1"",""three_pointers_made"":18,""three_pointers_missed"":25,""three_pointers_attempted"":43,""three_pointers"":""18/43"",""three_pointers_percentage"":""41.9"",""free_throws_made"":5,""free_throws_missed"":1,""free_throws_attempted"":6,""free_throws"":""5/6"",""free_throws_percentage"":""83.3"",""won_score"":115,""total_won_score"":115,""lost_score"":99,""total_lost_score"":99,""rebounds"":49,""defensive_rebounds"":36,""offensive_rebounds"":13,""defensive_fouls"":21,""offensive_fouls"":2,""personal_fouls"":22,""fouls"":23,""assists"":25,""steals"":7,""blocks"":2,""turnovers"":12,""points_in_paint"":48,""second_chance_points"":17,""fast_break_points"":11}"
2025-26,2,9,regular_season,1486,2026-04-19,4,2,高雄全家海神,6,新北中信特攻,away,https://api.tpbl.basketball/api/games/1486/stats,36,40,76,36/76,47.4,24,17,41,24/41,58.5,12,23,35,12/35,34.3,15,8,23,15/23,65.2,99,99,115,115,41,33,8,12,1,12,13,15,7,0,13,34,8,2,"{""field_goals_made"":36,""field_goals_missed"":40,""field_goals_attempted"":76,""field_goals"":""36/76"",""field_goals_percentage"":""47.4"",""two_pointers_made"":24,""two_pointers_missed"":17,""two_pointers_attempted"":41,""two_pointers"":""24/41"",""two_pointers_percentage"":""58.5"",""three_pointers_made"":12,""three_pointers_missed"":23,""three_pointers_attempted"":35,""three_pointers"":""12/35"",""three_pointers_percentage"":""34.3"",""free_throws_made"":15,""free_throws_missed"":8,""free_throws_attempted"":23,""free_throws"":""15/23"",""free_throws_percentage"":""65.2"",""won_score"":99,""total_won_score"":99,""lost_score"":115,""total_lost_score"":115,""rebounds"":41,""defensive_rebounds"":33,""offensive_rebounds"":8,""defensive_fouls"":12,""offensive_fouls"":1,""personal_fouls"":12,""fouls"":13,""assists"":15,""steals"":7,""blocks"":0,""turnovers"":13,""points_in_paint"":34,""second_chance_points"":8,""fast_break_points"":2}"
2025-26,2,9,regular_season,1487,2026-04-24,4,7,新北國王,3,福爾摩沙夢想家,home,https://api.tpbl.basketball/api/games/1487/stats,39,36,75,39/75,52.0,33,18,51,33/51,64.7,6,18,24,6/24,25.0,21,11,32,21/32,65.6,105,105,99,99,36,28,8,22,1,23,23,21,11,1,12,46,6,6,"{""field_goals_made"":39,""field_goals_missed"":36,""field_goals_attempted"":75,""field_goals"":""39/75"",""field_goals_percentage"":""52.0"",""two_pointers_made"":33,""two_pointers_missed"":18,""two_pointers_attempted"":51,""two_pointers"":""33/51"",""two_pointers_percentage"":""64.7"",""three_pointers_made"":6,""three_pointers_missed"":18,""three_pointers_attempted"":24,""three_pointers"":""6/24"",""three_pointers_percentage"":""25.0"",""free_throws_made"":21,""free_throws_missed"":11,""free_throws_attempted"":32,""free_throws"":""21/32"",""free_throws_percentage"":""65.6"",""won_score"":105,""total_won_score"":105,""lost_score"":99,""total_lost_score"":99,""rebounds"":36,""defensive_rebounds"":28,""offensive_rebounds"":8,""defensive_fouls"":22,""offensive_fouls"":1,""personal_fouls"":23,""fouls"":23,""assists"":21,""steals"":11,""blocks"":1,""turnovers"":12,""points_in_paint"":46,""second_chance_points"":6,""fast_break_points"":6}"
2025-26,2,9,regular_season,1487,2026-04-24,4,3,福爾摩沙夢想家,7,新北國王,away,https://api.tpbl.basketball/api/games/1487/stats,36,34,70,36/70,51.4,29,12,41,29/41,70.7,7,22,29,7/29,24.1,20,8,28,20/28,71.4,99,99,105,105,40,31,9,26,2,27,28,18,4,2,18,46,9,6,"{""field_goals_made"":36,""field_goals_missed"":34,""field_goals_attempted"":70,""field_goals"":""36/70"",""field_goals_percentage"":""51.4"",""two_pointers_made"":29,""two_pointers_missed"":12,""two_pointers_attempted"":41,""two_pointers"":""29/41"",""two_pointers_percentage"":""70.7"",""three_pointers_made"":7,""three_pointers_missed"":22,""three_pointers_attempted"":29,""three_pointers"":""7/29"",""three_pointers_percentage"":""24.1"",""free_throws_made"":20,""free_throws_missed"":8,""free_throws_attempted"":28,""free_throws"":""20/28"",""free_throws_percentage"":""71.4"",""won_score"":99,""total_won_score"":99,""lost_score"":105,""total_lost_score"":105,""rebounds"":40,""defensive_rebounds"":31,""offensive_rebounds"":9,""defensive_fouls"":26,""offensive_fouls"":2,""personal_fouls"":27,""fouls"":28,""assists"":18,""steals"":4,""blocks"":2,""turnovers"":18,""points_in_paint"":46,""second_chance_points"":9,""fast_break_points"":6}"
2025-26,2,9,regular_season,1503,2026-04-25,4,5,桃園台啤永豐雲豹,2,高雄全家海神,home,https://api.tpbl.basketball/api/games/1503/stats,39,41,80,39/80,48.8,32,20,52,32/52,61.5,7,21,28,7/28,25.0,14,5,19,14/19,73.7,99,99,85,85,60,45,15,22,0,22,22,28,7,6,18,50,19,8,"{""field_goals_made"":39,""field_goals_missed"":41,""field_goals_attempted"":80,""field_goals"":""39/80"",""field_goals_percentage"":""48.8"",""two_pointers_made"":32,""two_pointers_missed"":20,""two_pointers_attempted"":52,""two_pointers"":""32/52"",""two_pointers_percentage"":""61.5"",""three_pointers_made"":7,""three_pointers_missed"":21,""three_pointers_attempted"":28,""three_pointers"":""7/28"",""three_pointers_percentage"":""25.0"",""free_throws_made"":14,""free_throws_missed"":5,""free_throws_attempted"":19,""free_throws"":""14/19"",""free_throws_percentage"":""73.7"",""won_score"":99,""total_won_score"":99,""lost_score"":85,""total_lost_score"":85,""rebounds"":60,""defensive_rebounds"":45,""offensive_rebounds"":15,""defensive_fouls"":22,""offensive_fouls"":0,""personal_fouls"":22,""fouls"":22,""assists"":28,""steals"":7,""blocks"":6,""turnovers"":18,""points_in_paint"":50,""second_chance_points"":19,""fast_break_points"":8}"
2025-26,2,9,regular_season,1503,2026-04-25,4,2,高雄全家海神,5,桃園台啤永豐雲豹,away,https://api.tpbl.basketball/api/games/1503/stats,32,57,89,32/89,36.0,25,32,57,25/57,43.9,7,25,32,7/32,21.9,14,10,24,14/24,58.3,85,85,99,99,48,30,18,19,0,19,19,23,13,1,10,38,22,11,"{""field_goals_made"":32,""field_goals_missed"":57,""field_goals_attempted"":89,""field_goals"":""32/89"",""field_goals_percentage"":""36.0"",""two_pointers_made"":25,""two_pointers_missed"":32,""two_pointers_attempted"":57,""two_pointers"":""25/57"",""two_pointers_percentage"":""43.9"",""three_pointers_made"":7,""three_pointers_missed"":25,""three_pointers_attempted"":32,""three_pointers"":""7/32"",""three_pointers_percentage"":""21.9"",""free_throws_made"":14,""free_throws_missed"":10,""free_throws_attempted"":24,""free_throws"":""14/24"",""free_throws_percentage"":""58.3"",""won_score"":85,""total_won_score"":85,""lost_score"":99,""total_lost_score"":99,""rebounds"":48,""defensive_rebounds"":30,""offensive_rebounds"":18,""defensive_fouls"":19,""offensive_fouls"":0,""personal_fouls"":19,""fouls"":19,""assists"":23,""steals"":13,""blocks"":1,""turnovers"":10,""points_in_paint"":38,""second_chance_points"":22,""fast_break_points"":11}"
2025-26,2,9,regular_season,1488,2026-04-25,4,8,臺北台新戰神,4,新竹御嵿攻城獅,home,https://api.tpbl.basketball/api/games/1488/stats,28,41,69,28/69,40.6,17,19,36,17/36,47.2,11,22,33,11/33,33.3,19,3,22,19/22,86.4,86,86,104,104,32,26,6,21,0,20,21,27,11,0,13,30,2,7,"{""field_goals_made"":28,""field_goals_missed"":41,""field_goals_attempted"":69,""field_goals"":""28/69"",""field_goals_percentage"":""40.6"",""two_pointers_made"":17,""two_pointers_missed"":19,""two_pointers_attempted"":36,""two_pointers"":""17/36"",""two_pointers_percentage"":""47.2"",""three_pointers_made"":11,""three_pointers_missed"":22,""three_pointers_attempted"":33,""three_pointers"":""11/33"",""three_pointers_percentage"":""33.3"",""free_throws_made"":19,""free_throws_missed"":3,""free_throws_attempted"":22,""free_throws"":""19/22"",""free_throws_percentage"":""86.4"",""won_score"":86,""total_won_score"":86,""lost_score"":104,""total_lost_score"":104,""rebounds"":32,""defensive_rebounds"":26,""offensive_rebounds"":6,""defensive_fouls"":21,""offensive_fouls"":0,""personal_fouls"":20,""fouls"":21,""assists"":27,""steals"":11,""blocks"":0,""turnovers"":13,""points_in_paint"":30,""second_chance_points"":2,""fast_break_points"":7}"
2025-26,2,9,regular_season,1488,2026-04-25,4,4,新竹御嵿攻城獅,8,臺北台新戰神,away,https://api.tpbl.basketball/api/games/1488/stats,35,39,74,35/74,47.3,24,21,45,24/45,53.3,11,18,29,11/29,37.9,23,7,30,23/30,76.7,104,104,86,86,50,35,15,22,0,22,22,25,9,3,15,46,9,5,"{""field_goals_made"":35,""field_goals_missed"":39,""field_goals_attempted"":74,""field_goals"":""35/74"",""field_goals_percentage"":""47.3"",""two_pointers_made"":24,""two_pointers_missed"":21,""two_pointers_attempted"":45,""two_pointers"":""24/45"",""two_pointers_percentage"":""53.3"",""three_pointers_made"":11,""three_pointers_missed"":18,""three_pointers_attempted"":29,""three_pointers"":""11/29"",""three_pointers_percentage"":""37.9"",""free_throws_made"":23,""free_throws_missed"":7,""free_throws_attempted"":30,""free_throws"":""23/30"",""free_throws_percentage"":""76.7"",""won_score"":104,""total_won_score"":104,""lost_score"":86,""total_lost_score"":86,""rebounds"":50,""defensive_rebounds"":35,""offensive_rebounds"":15,""defensive_fouls"":22,""offensive_fouls"":0,""personal_fouls"":22,""fouls"":22,""assists"":25,""steals"":9,""blocks"":3,""turnovers"":15,""points_in_paint"":46,""second_chance_points"":9,""fast_break_points"":5}"
2025-26,2,9,regular_season,1489,2026-04-26,4,5,桃園台啤永豐雲豹,3,福爾摩沙夢想家,home,https://api.tpbl.basketball/api/games/1489/stats,37,43,80,37/80,46.3,30,24,54,30/54,55.6,7,19,26,7/26,26.9,23,10,33,23/33,69.7,104,104,100,100,45,37,8,26,0,24,26,17,4,3,6,42,13,2,"{""field_goals_made"":37,""field_goals_missed"":43,""field_goals_attempted"":80,""field_goals"":""37/80"",""field_goals_percentage"":""46.3"",""two_pointers_made"":30,""two_pointers_missed"":24,""two_pointers_attempted"":54,""two_pointers"":""30/54"",""two_pointers_percentage"":""55.6"",""three_pointers_made"":7,""three_pointers_missed"":19,""three_pointers_attempted"":26,""three_pointers"":""7/26"",""three_pointers_percentage"":""26.9"",""free_throws_made"":23,""free_throws_missed"":10,""free_throws_attempted"":33,""free_throws"":""23/33"",""free_throws_percentage"":""69.7"",""won_score"":104,""total_won_score"":104,""lost_score"":100,""total_lost_score"":100,""rebounds"":45,""defensive_rebounds"":37,""offensive_rebounds"":8,""defensive_fouls"":26,""offensive_fouls"":0,""personal_fouls"":24,""fouls"":26,""assists"":17,""steals"":4,""blocks"":3,""turnovers"":6,""points_in_paint"":42,""second_chance_points"":13,""fast_break_points"":2}"
2025-26,2,9,regular_season,1489,2026-04-26,4,3,福爾摩沙夢想家,5,桃園台啤永豐雲豹,away,https://api.tpbl.basketball/api/games/1489/stats,34,52,86,34/86,39.5,25,28,53,25/53,47.2,9,24,33,9/33,27.3,23,5,28,23/28,82.1,100,100,104,104,58,42,16,28,4,31,32,20,5,3,11,48,20,6,"{""field_goals_made"":34,""field_goals_missed"":52,""field_goals_attempted"":86,""field_goals"":""34/86"",""field_goals_percentage"":""39.5"",""two_pointers_made"":25,""two_pointers_missed"":28,""two_pointers_attempted"":53,""two_pointers"":""25/53"",""two_pointers_percentage"":""47.2"",""three_pointers_made"":9,""three_pointers_missed"":24,""three_pointers_attempted"":33,""three_pointers"":""9/33"",""three_pointers_percentage"":""27.3"",""free_throws_made"":23,""free_throws_missed"":5,""free_throws_attempted"":28,""free_throws"":""23/28"",""free_throws_percentage"":""82.1"",""won_score"":100,""total_won_score"":100,""lost_score"":104,""total_lost_score"":104,""rebounds"":58,""defensive_rebounds"":42,""offensive_rebounds"":16,""defensive_fouls"":28,""offensive_fouls"":4,""personal_fouls"":31,""fouls"":32,""assists"":20,""steals"":5,""blocks"":3,""turnovers"":11,""points_in_paint"":48,""second_chance_points"":20,""fast_break_points"":6}"
2025-26,2,9,regular_season,1490,2026-04-26,4,8,臺北台新戰神,6,新北中信特攻,home,https://api.tpbl.basketball/api/games/1490/stats,35,39,74,35/74,47.3,18,11,29,18/29,62.1,17,28,45,17/45,37.8,16,8,24,16/24,66.7,103,103,111,111,43,30,13,20,3,22,23,20,5,0,18,24,14,7,"{""field_goals_made"":35,""field_goals_missed"":39,""field_goals_attempted"":74,""field_goals"":""35/74"",""field_goals_percentage"":""47.3"",""two_pointers_made"":18,""two_pointers_missed"":11,""two_pointers_attempted"":29,""two_pointers"":""18/29"",""two_pointers_percentage"":""62.1"",""three_pointers_made"":17,""three_pointers_missed"":28,""three_pointers_attempted"":45,""three_pointers"":""17/45"",""three_pointers_percentage"":""37.8"",""free_throws_made"":16,""free_throws_missed"":8,""free_throws_attempted"":24,""free_throws"":""16/24"",""free_throws_percentage"":""66.7"",""won_score"":103,""total_won_score"":103,""lost_score"":111,""total_lost_score"":111,""rebounds"":43,""defensive_rebounds"":30,""offensive_rebounds"":13,""defensive_fouls"":20,""offensive_fouls"":3,""personal_fouls"":22,""fouls"":23,""assists"":20,""steals"":5,""blocks"":0,""turnovers"":18,""points_in_paint"":24,""second_chance_points"":14,""fast_break_points"":7}"
2025-26,2,9,regular_season,1490,2026-04-26,4,6,新北中信特攻,8,臺北台新戰神,away,https://api.tpbl.basketball/api/games/1490/stats,38,51,89,38/89,42.7,27,20,47,27/47,57.4,11,31,42,11/42,26.2,24,0,24,24/24,100.0,111,111,103,103,46,26,20,21,1,21,22,30,10,3,8,48,14,12,"{""field_goals_made"":38,""field_goals_missed"":51,""field_goals_attempted"":89,""field_goals"":""38/89"",""field_goals_percentage"":""42.7"",""two_pointers_made"":27,""two_pointers_missed"":20,""two_pointers_attempted"":47,""two_pointers"":""27/47"",""two_pointers_percentage"":""57.4"",""three_pointers_made"":11,""three_pointers_missed"":31,""three_pointers_attempted"":42,""three_pointers"":""11/42"",""three_pointers_percentage"":""26.2"",""free_throws_made"":24,""free_throws_missed"":0,""free_throws_attempted"":24,""free_throws"":""24/24"",""free_throws_percentage"":""100.0"",""won_score"":111,""total_won_score"":111,""lost_score"":103,""total_lost_score"":103,""rebounds"":46,""defensive_rebounds"":26,""offensive_rebounds"":20,""defensive_fouls"":21,""offensive_fouls"":1,""personal_fouls"":21,""fouls"":22,""assists"":30,""steals"":10,""blocks"":3,""turnovers"":8,""points_in_paint"":48,""second_chance_points"":14,""fast_break_points"":12}"
2025-26,2,9,regular_season,1491,2026-04-29,4,4,新竹御嵿攻城獅,7,新北國王,home,https://api.tpbl.basketball/api/games/1491/stats,39,48,87,39/87,44.8,30,31,61,30/61,49.2,9,17,26,9/26,34.6,11,2,13,11/13,84.6,98,98,78,78,52,33,19,18,2,20,20,20,6,5,10,38,17,8,"{""field_goals_made"":39,""field_goals_missed"":48,""field_goals_attempted"":87,""field_goals"":""39/87"",""field_goals_percentage"":""44.8"",""two_pointers_made"":30,""two_pointers_missed"":31,""two_pointers_attempted"":61,""two_pointers"":""30/61"",""two_pointers_percentage"":""49.2"",""three_pointers_made"":9,""three_pointers_missed"":17,""three_pointers_attempted"":26,""three_pointers"":""9/26"",""three_pointers_percentage"":""34.6"",""free_throws_made"":11,""free_throws_missed"":2,""free_throws_attempted"":13,""free_throws"":""11/13"",""free_throws_percentage"":""84.6"",""won_score"":98,""total_won_score"":98,""lost_score"":78,""total_lost_score"":78,""rebounds"":52,""defensive_rebounds"":33,""offensive_rebounds"":19,""defensive_fouls"":18,""offensive_fouls"":2,""personal_fouls"":20,""fouls"":20,""assists"":20,""steals"":6,""blocks"":5,""turnovers"":10,""points_in_paint"":38,""second_chance_points"":17,""fast_break_points"":8}"
2025-26,2,9,regular_season,1491,2026-04-29,4,7,新北國王,4,新竹御嵿攻城獅,away,https://api.tpbl.basketball/api/games/1491/stats,31,46,77,31/77,40.3,21,29,50,21/50,42.0,10,17,27,10/27,37.0,6,4,10,6/10,60.0,78,78,98,98,45,30,15,17,1,17,18,21,4,3,15,32,12,2,"{""field_goals_made"":31,""field_goals_missed"":46,""field_goals_attempted"":77,""field_goals"":""31/77"",""field_goals_percentage"":""40.3"",""two_pointers_made"":21,""two_pointers_missed"":29,""two_pointers_attempted"":50,""two_pointers"":""21/50"",""two_pointers_percentage"":""42.0"",""three_pointers_made"":10,""three_pointers_missed"":17,""three_pointers_attempted"":27,""three_pointers"":""10/27"",""three_pointers_percentage"":""37.0"",""free_throws_made"":6,""free_throws_missed"":4,""free_throws_attempted"":10,""free_throws"":""6/10"",""free_throws_percentage"":""60.0"",""won_score"":78,""total_won_score"":78,""lost_score"":98,""total_lost_score"":98,""rebounds"":45,""defensive_rebounds"":30,""offensive_rebounds"":15,""defensive_fouls"":17,""offensive_fouls"":1,""personal_fouls"":17,""fouls"":18,""assists"":21,""steals"":4,""blocks"":3,""turnovers"":15,""points_in_paint"":32,""second_chance_points"":12,""fast_break_points"":2}"
2025-26,2,9,regular_season,1492,2026-05-02,4,4,新竹御嵿攻城獅,8,臺北台新戰神,home,https://api.tpbl.basketball/api/games/1492/stats,36,46,82,36/82,43.9,28,17,45,28/45,62.2,8,29,37,8/37,21.6,16,6,22,16/22,72.7,96,96,73,73,50,38,12,17,2,18,19,25,11,6,11,48,6,16,"{""field_goals_made"":36,""field_goals_missed"":46,""field_goals_attempted"":82,""field_goals"":""36/82"",""field_goals_percentage"":""43.9"",""two_pointers_made"":28,""two_pointers_missed"":17,""two_pointers_attempted"":45,""two_pointers"":""28/45"",""two_pointers_percentage"":""62.2"",""three_pointers_made"":8,""three_pointers_missed"":29,""three_pointers_attempted"":37,""three_pointers"":""8/37"",""three_pointers_percentage"":""21.6"",""free_throws_made"":16,""free_throws_missed"":6,""free_throws_attempted"":22,""free_throws"":""16/22"",""free_throws_percentage"":""72.7"",""won_score"":96,""total_won_score"":96,""lost_score"":73,""total_lost_score"":73,""rebounds"":50,""defensive_rebounds"":38,""offensive_rebounds"":12,""defensive_fouls"":17,""offensive_fouls"":2,""personal_fouls"":18,""fouls"":19,""assists"":25,""steals"":11,""blocks"":6,""turnovers"":11,""points_in_paint"":48,""second_chance_points"":6,""fast_break_points"":16}"
2025-26,2,9,regular_season,1492,2026-05-02,4,8,臺北台新戰神,4,新竹御嵿攻城獅,away,https://api.tpbl.basketball/api/games/1492/stats,28,47,75,28/75,37.3,19,22,41,19/41,46.3,9,25,34,9/34,26.5,8,4,12,8/12,66.7,73,73,96,96,49,37,12,19,0,19,19,15,8,2,20,34,11,10,"{""field_goals_made"":28,""field_goals_missed"":47,""field_goals_attempted"":75,""field_goals"":""28/75"",""field_goals_percentage"":""37.3"",""two_pointers_made"":19,""two_pointers_missed"":22,""two_pointers_attempted"":41,""two_pointers"":""19/41"",""two_pointers_percentage"":""46.3"",""three_pointers_made"":9,""three_pointers_missed"":25,""three_pointers_attempted"":34,""three_pointers"":""9/34"",""three_pointers_percentage"":""26.5"",""free_throws_made"":8,""free_throws_missed"":4,""free_throws_attempted"":12,""free_throws"":""8/12"",""free_throws_percentage"":""66.7"",""won_score"":73,""total_won_score"":73,""lost_score"":96,""total_lost_score"":96,""rebounds"":49,""defensive_rebounds"":37,""offensive_rebounds"":12,""defensive_fouls"":19,""offensive_fouls"":0,""personal_fouls"":19,""fouls"":19,""assists"":15,""steals"":8,""blocks"":2,""turnovers"":20,""points_in_paint"":34,""second_chance_points"":11,""fast_break_points"":10}"
2025-26,2,9,regular_season,1493,2026-05-02,4,7,新北國王,5,桃園台啤永豐雲豹,home,https://api.tpbl.basketball/api/games/1493/stats,38,54,92,38/92,41.3,28,32,60,28/60,46.7,10,22,32,10/32,31.3,11,5,16,11/16,68.8,97,97,94,94,56,37,19,18,1,19,19,24,9,2,14,44,15,7,"{""field_goals_made"":38,""field_goals_missed"":54,""field_goals_attempted"":92,""field_goals"":""38/92"",""field_goals_percentage"":""41.3"",""two_pointers_made"":28,""two_pointers_missed"":32,""two_pointers_attempted"":60,""two_pointers"":""28/60"",""two_pointers_percentage"":""46.7"",""three_pointers_made"":10,""three_pointers_missed"":22,""three_pointers_attempted"":32,""three_pointers"":""10/32"",""three_pointers_percentage"":""31.3"",""free_throws_made"":11,""free_throws_missed"":5,""free_throws_attempted"":16,""free_throws"":""11/16"",""free_throws_percentage"":""68.8"",""won_score"":97,""total_won_score"":97,""lost_score"":94,""total_lost_score"":94,""rebounds"":56,""defensive_rebounds"":37,""offensive_rebounds"":19,""defensive_fouls"":18,""offensive_fouls"":1,""personal_fouls"":19,""fouls"":19,""assists"":24,""steals"":9,""blocks"":2,""turnovers"":14,""points_in_paint"":44,""second_chance_points"":15,""fast_break_points"":7}"
2025-26,2,9,regular_season,1493,2026-05-02,4,5,桃園台啤永豐雲豹,7,新北國王,away,https://api.tpbl.basketball/api/games/1493/stats,37,43,80,37/80,46.3,32,22,54,32/54,59.3,5,21,26,5/26,19.2,15,4,19,15/19,78.9,94,94,97,97,47,38,9,18,1,18,19,17,7,9,12,52,8,13,"{""field_goals_made"":37,""field_goals_missed"":43,""field_goals_attempted"":80,""field_goals"":""37/80"",""field_goals_percentage"":""46.3"",""two_pointers_made"":32,""two_pointers_missed"":22,""two_pointers_attempted"":54,""two_pointers"":""32/54"",""two_pointers_percentage"":""59.3"",""three_pointers_made"":5,""three_pointers_missed"":21,""three_pointers_attempted"":26,""three_pointers"":""5/26"",""three_pointers_percentage"":""19.2"",""free_throws_made"":15,""free_throws_missed"":4,""free_throws_attempted"":19,""free_throws"":""15/19"",""free_throws_percentage"":""78.9"",""won_score"":94,""total_won_score"":94,""lost_score"":97,""total_lost_score"":97,""rebounds"":47,""defensive_rebounds"":38,""offensive_rebounds"":9,""defensive_fouls"":18,""offensive_fouls"":1,""personal_fouls"":18,""fouls"":19,""assists"":17,""steals"":7,""blocks"":9,""turnovers"":12,""points_in_paint"":52,""second_chance_points"":8,""fast_break_points"":13}"
2025-26,2,9,regular_season,1494,2026-05-03,4,4,新竹御嵿攻城獅,2,高雄全家海神,home,https://api.tpbl.basketball/api/games/1494/stats,35,41,76,35/76,46.1,23,21,44,23/44,52.3,12,20,32,12/32,37.5,20,9,29,20/29,69.0,102,102,99,99,48,33,15,11,2,13,13,38,13,5,16,38,11,13,"{""field_goals_made"":35,""field_goals_missed"":41,""field_goals_attempted"":76,""field_goals"":""35/76"",""field_goals_percentage"":""46.1"",""two_pointers_made"":23,""two_pointers_missed"":21,""two_pointers_attempted"":44,""two_pointers"":""23/44"",""two_pointers_percentage"":""52.3"",""three_pointers_made"":12,""three_pointers_missed"":20,""three_pointers_attempted"":32,""three_pointers"":""12/32"",""three_pointers_percentage"":""37.5"",""free_throws_made"":20,""free_throws_missed"":9,""free_throws_attempted"":29,""free_throws"":""20/29"",""free_throws_percentage"":""69.0"",""won_score"":102,""total_won_score"":102,""lost_score"":99,""total_lost_score"":99,""rebounds"":48,""defensive_rebounds"":33,""offensive_rebounds"":15,""defensive_fouls"":11,""offensive_fouls"":2,""personal_fouls"":13,""fouls"":13,""assists"":38,""steals"":13,""blocks"":5,""turnovers"":16,""points_in_paint"":38,""second_chance_points"":11,""fast_break_points"":13}"
2025-26,2,9,regular_season,1494,2026-05-03,4,2,高雄全家海神,4,新竹御嵿攻城獅,away,https://api.tpbl.basketball/api/games/1494/stats,40,52,92,40/92,43.5,26,21,47,26/47,55.3,14,31,45,14/45,31.1,5,3,8,5/8,62.5,99,99,102,102,52,32,20,22,1,23,23,27,10,3,17,48,15,11,"{""field_goals_made"":40,""field_goals_missed"":52,""field_goals_attempted"":92,""field_goals"":""40/92"",""field_goals_percentage"":""43.5"",""two_pointers_made"":26,""two_pointers_missed"":21,""two_pointers_attempted"":47,""two_pointers"":""26/47"",""two_pointers_percentage"":""55.3"",""three_pointers_made"":14,""three_pointers_missed"":31,""three_pointers_attempted"":45,""three_pointers"":""14/45"",""three_pointers_percentage"":""31.1"",""free_throws_made"":5,""free_throws_missed"":3,""free_throws_attempted"":8,""free_throws"":""5/8"",""free_throws_percentage"":""62.5"",""won_score"":99,""total_won_score"":99,""lost_score"":102,""total_lost_score"":102,""rebounds"":52,""defensive_rebounds"":32,""offensive_rebounds"":20,""defensive_fouls"":22,""offensive_fouls"":1,""personal_fouls"":23,""fouls"":23,""assists"":27,""steals"":10,""blocks"":3,""turnovers"":17,""points_in_paint"":48,""second_chance_points"":15,""fast_break_points"":11}"
2025-26,2,9,regular_season,1495,2026-05-03,4,7,新北國王,6,新北中信特攻,home,https://api.tpbl.basketball/api/games/1495/stats,29,52,81,29/81,35.8,19,27,46,19/46,41.3,10,25,35,10/35,28.6,19,6,25,19/25,76.0,87,87,111,111,41,27,14,26,0,26,26,21,4,1,9,28,9,9,"{""field_goals_made"":29,""field_goals_missed"":52,""field_goals_attempted"":81,""field_goals"":""29/81"",""field_goals_percentage"":""35.8"",""two_pointers_made"":19,""two_pointers_missed"":27,""two_pointers_attempted"":46,""two_pointers"":""19/46"",""two_pointers_percentage"":""41.3"",""three_pointers_made"":10,""three_pointers_missed"":25,""three_pointers_attempted"":35,""three_pointers"":""10/35"",""three_pointers_percentage"":""28.6"",""free_throws_made"":19,""free_throws_missed"":6,""free_throws_attempted"":25,""free_throws"":""19/25"",""free_throws_percentage"":""76.0"",""won_score"":87,""total_won_score"":87,""lost_score"":111,""total_lost_score"":111,""rebounds"":41,""defensive_rebounds"":27,""offensive_rebounds"":14,""defensive_fouls"":26,""offensive_fouls"":0,""personal_fouls"":26,""fouls"":26,""assists"":21,""steals"":4,""blocks"":1,""turnovers"":9,""points_in_paint"":28,""second_chance_points"":9,""fast_break_points"":9}"
2025-26,2,9,regular_season,1495,2026-05-03,4,6,新北中信特攻,7,新北國王,away,https://api.tpbl.basketball/api/games/1495/stats,38,40,78,38/78,48.7,26,16,42,26/42,61.9,12,24,36,12/36,33.3,23,6,29,23/29,79.3,111,111,87,87,55,40,15,23,1,23,24,28,6,6,13,46,20,9,"{""field_goals_made"":38,""field_goals_missed"":40,""field_goals_attempted"":78,""field_goals"":""38/78"",""field_goals_percentage"":""48.7"",""two_pointers_made"":26,""two_pointers_missed"":16,""two_pointers_attempted"":42,""two_pointers"":""26/42"",""two_pointers_percentage"":""61.9"",""three_pointers_made"":12,""three_pointers_missed"":24,""three_pointers_attempted"":36,""three_pointers"":""12/36"",""three_pointers_percentage"":""33.3"",""free_throws_made"":23,""free_throws_missed"":6,""free_throws_attempted"":29,""free_throws"":""23/29"",""free_throws_percentage"":""79.3"",""won_score"":111,""total_won_score"":111,""lost_score"":87,""total_lost_score"":87,""rebounds"":55,""defensive_rebounds"":40,""offensive_rebounds"":15,""defensive_fouls"":23,""offensive_fouls"":1,""personal_fouls"":23,""fouls"":24,""assists"":28,""steals"":6,""blocks"":6,""turnovers"":13,""points_in_paint"":46,""second_chance_points"":20,""fast_break_points"":9}"
2025-26,2,12,playoffs,6316,2026-05-10,4,5,桃園台啤永豐雲豹,7,新北國王,home,https://api.tpbl.basketball/api/games/6316/stats,40,39,79,40/79,50.6,36,25,61,36/61,59.0,4,14,18,4/18,22.2,21,14,35,21/35,60.0,105,105,113,113,46,32,14,22,1,23,23,24,12,3,17,66,12,11,"{""field_goals_made"":40,""field_goals_missed"":39,""field_goals_attempted"":79,""field_goals"":""40/79"",""field_goals_percentage"":""50.6"",""two_pointers_made"":36,""two_pointers_missed"":25,""two_pointers_attempted"":61,""two_pointers"":""36/61"",""two_pointers_percentage"":""59.0"",""three_pointers_made"":4,""three_pointers_missed"":14,""three_pointers_attempted"":18,""three_pointers"":""4/18"",""three_pointers_percentage"":""22.2"",""free_throws_made"":21,""free_throws_missed"":14,""free_throws_attempted"":35,""free_throws"":""21/35"",""free_throws_percentage"":""60.0"",""won_score"":105,""total_won_score"":105,""lost_score"":113,""total_lost_score"":113,""rebounds"":46,""defensive_rebounds"":32,""offensive_rebounds"":14,""defensive_fouls"":22,""offensive_fouls"":1,""personal_fouls"":23,""fouls"":23,""assists"":24,""steals"":12,""blocks"":3,""turnovers"":17,""points_in_paint"":66,""second_chance_points"":12,""fast_break_points"":11}"
2025-26,2,12,playoffs,6316,2026-05-10,4,7,新北國王,5,桃園台啤永豐雲豹,away,https://api.tpbl.basketball/api/games/6316/stats,39,42,81,39/81,48.1,23,24,47,23/47,48.9,16,18,34,16/34,47.1,19,6,25,19/25,76.0,113,113,105,105,47,33,14,25,1,25,26,22,11,6,17,32,15,3,"{""field_goals_made"":39,""field_goals_missed"":42,""field_goals_attempted"":81,""field_goals"":""39/81"",""field_goals_percentage"":""48.1"",""two_pointers_made"":23,""two_pointers_missed"":24,""two_pointers_attempted"":47,""two_pointers"":""23/47"",""two_pointers_percentage"":""48.9"",""three_pointers_made"":16,""three_pointers_missed"":18,""three_pointers_attempted"":34,""three_pointers"":""16/34"",""three_pointers_percentage"":""47.1"",""free_throws_made"":19,""free_throws_missed"":6,""free_throws_attempted"":25,""free_throws"":""19/25"",""free_throws_percentage"":""76.0"",""won_score"":113,""total_won_score"":113,""lost_score"":105,""total_lost_score"":105,""rebounds"":47,""defensive_rebounds"":33,""offensive_rebounds"":14,""defensive_fouls"":25,""offensive_fouls"":1,""personal_fouls"":25,""fouls"":26,""assists"":22,""steals"":11,""blocks"":6,""turnovers"":17,""points_in_paint"":32,""second_chance_points"":15,""fast_break_points"":3}"
2025-26,2,12,playoffs,6317,2026-05-13,4,5,桃園台啤永豐雲豹,7,新北國王,home,https://api.tpbl.basketball/api/games/6317/stats,41,51,92,41/92,44.6,23,30,53,23/53,43.4,18,21,39,18/39,46.2,14,3,17,14/17,82.4,114,114,92,92,44,28,16,20,1,21,21,24,12,1,7,40,22,16,"{""field_goals_made"":41,""field_goals_missed"":51,""field_goals_attempted"":92,""field_goals"":""41/92"",""field_goals_percentage"":""44.6"",""two_pointers_made"":23,""two_pointers_missed"":30,""two_pointers_attempted"":53,""two_pointers"":""23/53"",""two_pointers_percentage"":""43.4"",""three_pointers_made"":18,""three_pointers_missed"":21,""three_pointers_attempted"":39,""three_pointers"":""18/39"",""three_pointers_percentage"":""46.2"",""free_throws_made"":14,""free_throws_missed"":3,""free_throws_attempted"":17,""free_throws"":""14/17"",""free_throws_percentage"":""82.4"",""won_score"":114,""total_won_score"":114,""lost_score"":92,""total_lost_score"":92,""rebounds"":44,""defensive_rebounds"":28,""offensive_rebounds"":16,""defensive_fouls"":20,""offensive_fouls"":1,""personal_fouls"":21,""fouls"":21,""assists"":24,""steals"":12,""blocks"":1,""turnovers"":7,""points_in_paint"":40,""second_chance_points"":22,""fast_break_points"":16}"
2025-26,2,12,playoffs,6317,2026-05-13,4,7,新北國王,5,桃園台啤永豐雲豹,away,https://api.tpbl.basketball/api/games/6317/stats,32,37,69,32/69,46.4,21,18,39,21/39,53.8,11,19,30,11/30,36.7,17,12,29,17/29,58.6,92,92,114,114,49,36,13,19,0,19,19,18,4,3,19,34,10,6,"{""field_goals_made"":32,""field_goals_missed"":37,""field_goals_attempted"":69,""field_goals"":""32/69"",""field_goals_percentage"":""46.4"",""two_pointers_made"":21,""two_pointers_missed"":18,""two_pointers_attempted"":39,""two_pointers"":""21/39"",""two_pointers_percentage"":""53.8"",""three_pointers_made"":11,""three_pointers_missed"":19,""three_pointers_attempted"":30,""three_pointers"":""11/30"",""three_pointers_percentage"":""36.7"",""free_throws_made"":17,""free_throws_missed"":12,""free_throws_attempted"":29,""free_throws"":""17/29"",""free_throws_percentage"":""58.6"",""won_score"":92,""total_won_score"":92,""lost_score"":114,""total_lost_score"":114,""rebounds"":49,""defensive_rebounds"":36,""offensive_rebounds"":13,""defensive_fouls"":19,""offensive_fouls"":0,""personal_fouls"":19,""fouls"":19,""assists"":18,""steals"":4,""blocks"":3,""turnovers"":19,""points_in_paint"":34,""second_chance_points"":10,""fast_break_points"":6}"
2025-26,2,12,playoffs,6318,2026-05-15,4,7,新北國王,5,桃園台啤永豐雲豹,home,https://api.tpbl.basketball/api/games/6318/stats,40,44,84,40/84,47.6,26,24,50,26/50,52.0,14,20,34,14/34,41.2,10,5,15,10/15,66.7,104,104,102,102,47,31,16,27,0,27,27,27,10,5,16,48,19,17,"{""field_goals_made"":40,""field_goals_missed"":44,""field_goals_attempted"":84,""field_goals"":""40/84"",""field_goals_percentage"":""47.6"",""two_pointers_made"":26,""two_pointers_missed"":24,""two_pointers_attempted"":50,""two_pointers"":""26/50"",""two_pointers_percentage"":""52.0"",""three_pointers_made"":14,""three_pointers_missed"":20,""three_pointers_attempted"":34,""three_pointers"":""14/34"",""three_pointers_percentage"":""41.2"",""free_throws_made"":10,""free_throws_missed"":5,""free_throws_attempted"":15,""free_throws"":""10/15"",""free_throws_percentage"":""66.7"",""won_score"":104,""total_won_score"":104,""lost_score"":102,""total_lost_score"":102,""rebounds"":47,""defensive_rebounds"":31,""offensive_rebounds"":16,""defensive_fouls"":27,""offensive_fouls"":0,""personal_fouls"":27,""fouls"":27,""assists"":27,""steals"":10,""blocks"":5,""turnovers"":16,""points_in_paint"":48,""second_chance_points"":19,""fast_break_points"":17}"
2025-26,2,12,playoffs,6318,2026-05-15,4,5,桃園台啤永豐雲豹,7,新北國王,away,https://api.tpbl.basketball/api/games/6318/stats,31,47,78,31/78,39.7,19,24,43,19/43,44.2,12,23,35,12/35,34.3,28,9,37,28/37,75.7,102,102,104,104,49,31,18,16,1,17,17,22,12,1,16,26,20,8,"{""field_goals_made"":31,""field_goals_missed"":47,""field_goals_attempted"":78,""field_goals"":""31/78"",""field_goals_percentage"":""39.7"",""two_pointers_made"":19,""two_pointers_missed"":24,""two_pointers_attempted"":43,""two_pointers"":""19/43"",""two_pointers_percentage"":""44.2"",""three_pointers_made"":12,""three_pointers_missed"":23,""three_pointers_attempted"":35,""three_pointers"":""12/35"",""three_pointers_percentage"":""34.3"",""free_throws_made"":28,""free_throws_missed"":9,""free_throws_attempted"":37,""free_throws"":""28/37"",""free_throws_percentage"":""75.7"",""won_score"":102,""total_won_score"":102,""lost_score"":104,""total_lost_score"":104,""rebounds"":49,""defensive_rebounds"":31,""offensive_rebounds"":18,""defensive_fouls"":16,""offensive_fouls"":1,""personal_fouls"":17,""fouls"":17,""assists"":22,""steals"":12,""blocks"":1,""turnovers"":16,""points_in_paint"":26,""second_chance_points"":20,""fast_break_points"":8}"
2025-26,2,12,playoffs,6319,2026-05-17,4,7,新北國王,5,桃園台啤永豐雲豹,home,https://api.tpbl.basketball/api/games/6319/stats,41,31,72,41/72,56.9,24,20,44,24/44,54.5,17,11,28,17/28,60.7,17,7,24,17/24,70.8,116,116,114,114,42,33,9,24,2,26,26,26,6,4,19,40,4,15,"{""field_goals_made"":41,""field_goals_missed"":31,""field_goals_attempted"":72,""field_goals"":""41/72"",""field_goals_percentage"":""56.9"",""two_pointers_made"":24,""two_pointers_missed"":20,""two_pointers_attempted"":44,""two_pointers"":""24/44"",""two_pointers_percentage"":""54.5"",""three_pointers_made"":17,""three_pointers_missed"":11,""three_pointers_attempted"":28,""three_pointers"":""17/28"",""three_pointers_percentage"":""60.7"",""free_throws_made"":17,""free_throws_missed"":7,""free_throws_attempted"":24,""free_throws"":""17/24"",""free_throws_percentage"":""70.8"",""won_score"":116,""total_won_score"":116,""lost_score"":114,""total_lost_score"":114,""rebounds"":42,""defensive_rebounds"":33,""offensive_rebounds"":9,""defensive_fouls"":24,""offensive_fouls"":2,""personal_fouls"":26,""fouls"":26,""assists"":26,""steals"":6,""blocks"":4,""turnovers"":19,""points_in_paint"":40,""second_chance_points"":4,""fast_break_points"":15}"
2025-26,2,12,playoffs,6319,2026-05-17,4,5,桃園台啤永豐雲豹,7,新北國王,away,https://api.tpbl.basketball/api/games/6319/stats,39,40,79,39/79,49.4,23,17,40,23/40,57.5,16,23,39,16/39,41.0,20,9,29,20/29,69.0,114,114,116,116,33,23,10,20,1,20,21,20,12,4,9,40,11,15,"{""field_goals_made"":39,""field_goals_missed"":40,""field_goals_attempted"":79,""field_goals"":""39/79"",""field_goals_percentage"":""49.4"",""two_pointers_made"":23,""two_pointers_missed"":17,""two_pointers_attempted"":40,""two_pointers"":""23/40"",""two_pointers_percentage"":""57.5"",""three_pointers_made"":16,""three_pointers_missed"":23,""three_pointers_attempted"":39,""three_pointers"":""16/39"",""three_pointers_percentage"":""41.0"",""free_throws_made"":20,""free_throws_missed"":9,""free_throws_attempted"":29,""free_throws"":""20/29"",""free_throws_percentage"":""69.0"",""won_score"":114,""total_won_score"":114,""lost_score"":116,""total_lost_score"":116,""rebounds"":33,""defensive_rebounds"":23,""offensive_rebounds"":10,""defensive_fouls"":20,""offensive_fouls"":1,""personal_fouls"":20,""fouls"":21,""assists"":20,""steals"":12,""blocks"":4,""turnovers"":9,""points_in_paint"":40,""second_chance_points"":11,""fast_break_points"":15}"
2025-26,2,12,playoffs,6033,2026-05-09,4,3,福爾摩沙夢想家,4,新竹御嵿攻城獅,home,https://api.tpbl.basketball/api/games/6033/stats,36,46,82,36/82,43.9,26,22,48,26/48,54.2,10,24,34,10/34,29.4,12,4,16,12/16,75.0,94,94,97,97,37,30,7,21,1,22,22,21,7,3,9,50,8,6,"{""field_goals_made"":36,""field_goals_missed"":46,""field_goals_attempted"":82,""field_goals"":""36/82"",""field_goals_percentage"":""43.9"",""two_pointers_made"":26,""two_pointers_missed"":22,""two_pointers_attempted"":48,""two_pointers"":""26/48"",""two_pointers_percentage"":""54.2"",""three_pointers_made"":10,""three_pointers_missed"":24,""three_pointers_attempted"":34,""three_pointers"":""10/34"",""three_pointers_percentage"":""29.4"",""free_throws_made"":12,""free_throws_missed"":4,""free_throws_attempted"":16,""free_throws"":""12/16"",""free_throws_percentage"":""75.0"",""won_score"":94,""total_won_score"":94,""lost_score"":97,""total_lost_score"":97,""rebounds"":37,""defensive_rebounds"":30,""offensive_rebounds"":7,""defensive_fouls"":21,""offensive_fouls"":1,""personal_fouls"":22,""fouls"":22,""assists"":21,""steals"":7,""blocks"":3,""turnovers"":9,""points_in_paint"":50,""second_chance_points"":8,""fast_break_points"":6}"
2025-26,2,12,playoffs,6033,2026-05-09,4,4,新竹御嵿攻城獅,3,福爾摩沙夢想家,away,https://api.tpbl.basketball/api/games/6033/stats,35,37,72,35/72,48.6,25,18,43,25/43,58.1,10,19,29,10/29,34.5,17,7,24,17/24,70.8,97,97,94,94,46,38,8,16,2,18,18,24,4,3,15,38,8,4,"{""field_goals_made"":35,""field_goals_missed"":37,""field_goals_attempted"":72,""field_goals"":""35/72"",""field_goals_percentage"":""48.6"",""two_pointers_made"":25,""two_pointers_missed"":18,""two_pointers_attempted"":43,""two_pointers"":""25/43"",""two_pointers_percentage"":""58.1"",""three_pointers_made"":10,""three_pointers_missed"":19,""three_pointers_attempted"":29,""three_pointers"":""10/29"",""three_pointers_percentage"":""34.5"",""free_throws_made"":17,""free_throws_missed"":7,""free_throws_attempted"":24,""free_throws"":""17/24"",""free_throws_percentage"":""70.8"",""won_score"":97,""total_won_score"":97,""lost_score"":94,""total_lost_score"":94,""rebounds"":46,""defensive_rebounds"":38,""offensive_rebounds"":8,""defensive_fouls"":16,""offensive_fouls"":2,""personal_fouls"":18,""fouls"":18,""assists"":24,""steals"":4,""blocks"":3,""turnovers"":15,""points_in_paint"":38,""second_chance_points"":8,""fast_break_points"":4}"
2025-26,2,12,playoffs,6034,2026-05-12,4,3,福爾摩沙夢想家,4,新竹御嵿攻城獅,home,https://api.tpbl.basketball/api/games/6034/stats,29,49,78,29/78,37.2,20,25,45,20/45,44.4,9,24,33,9/33,27.3,16,4,20,16/20,80.0,83,83,61,61,60,41,19,23,0,22,23,17,8,5,13,34,6,4,"{""field_goals_made"":29,""field_goals_missed"":49,""field_goals_attempted"":78,""field_goals"":""29/78"",""field_goals_percentage"":""37.2"",""two_pointers_made"":20,""two_pointers_missed"":25,""two_pointers_attempted"":45,""two_pointers"":""20/45"",""two_pointers_percentage"":""44.4"",""three_pointers_made"":9,""three_pointers_missed"":24,""three_pointers_attempted"":33,""three_pointers"":""9/33"",""three_pointers_percentage"":""27.3"",""free_throws_made"":16,""free_throws_missed"":4,""free_throws_attempted"":20,""free_throws"":""16/20"",""free_throws_percentage"":""80.0"",""won_score"":83,""total_won_score"":83,""lost_score"":61,""total_lost_score"":61,""rebounds"":60,""defensive_rebounds"":41,""offensive_rebounds"":19,""defensive_fouls"":23,""offensive_fouls"":0,""personal_fouls"":22,""fouls"":23,""assists"":17,""steals"":8,""blocks"":5,""turnovers"":13,""points_in_paint"":34,""second_chance_points"":6,""fast_break_points"":4}"
2025-26,2,12,playoffs,6034,2026-05-12,4,4,新竹御嵿攻城獅,3,福爾摩沙夢想家,away,https://api.tpbl.basketball/api/games/6034/stats,20,61,81,20/81,24.7,13,33,46,13/46,28.3,7,28,35,7/35,20.0,14,7,21,14/21,66.7,61,61,83,83,52,30,22,19,0,19,19,12,10,3,15,22,19,11,"{""field_goals_made"":20,""field_goals_missed"":61,""field_goals_attempted"":81,""field_goals"":""20/81"",""field_goals_percentage"":""24.7"",""two_pointers_made"":13,""two_pointers_missed"":33,""two_pointers_attempted"":46,""two_pointers"":""13/46"",""two_pointers_percentage"":""28.3"",""three_pointers_made"":7,""three_pointers_missed"":28,""three_pointers_attempted"":35,""three_pointers"":""7/35"",""three_pointers_percentage"":""20.0"",""free_throws_made"":14,""free_throws_missed"":7,""free_throws_attempted"":21,""free_throws"":""14/21"",""free_throws_percentage"":""66.7"",""won_score"":61,""total_won_score"":61,""lost_score"":83,""total_lost_score"":83,""rebounds"":52,""defensive_rebounds"":30,""offensive_rebounds"":22,""defensive_fouls"":19,""offensive_fouls"":0,""personal_fouls"":19,""fouls"":19,""assists"":12,""steals"":10,""blocks"":3,""turnovers"":15,""points_in_paint"":22,""second_chance_points"":19,""fast_break_points"":11}"
2025-26,2,12,playoffs,6035,2026-05-14,4,4,新竹御嵿攻城獅,3,福爾摩沙夢想家,home,https://api.tpbl.basketball/api/games/6035/stats,34,38,72,34/72,47.2,22,16,38,22/38,57.9,12,22,34,12/34,35.3,26,7,33,26/33,78.8,106,106,114,114,42,30,12,21,2,21,23,26,5,3,17,42,9,17,"{""field_goals_made"":34,""field_goals_missed"":38,""field_goals_attempted"":72,""field_goals"":""34/72"",""field_goals_percentage"":""47.2"",""two_pointers_made"":22,""two_pointers_missed"":16,""two_pointers_attempted"":38,""two_pointers"":""22/38"",""two_pointers_percentage"":""57.9"",""three_pointers_made"":12,""three_pointers_missed"":22,""three_pointers_attempted"":34,""three_pointers"":""12/34"",""three_pointers_percentage"":""35.3"",""free_throws_made"":26,""free_throws_missed"":7,""free_throws_attempted"":33,""free_throws"":""26/33"",""free_throws_percentage"":""78.8"",""won_score"":106,""total_won_score"":106,""lost_score"":114,""total_lost_score"":114,""rebounds"":42,""defensive_rebounds"":30,""offensive_rebounds"":12,""defensive_fouls"":21,""offensive_fouls"":2,""personal_fouls"":21,""fouls"":23,""assists"":26,""steals"":5,""blocks"":3,""turnovers"":17,""points_in_paint"":42,""second_chance_points"":9,""fast_break_points"":17}"
2025-26,2,12,playoffs,6035,2026-05-14,4,3,福爾摩沙夢想家,4,新竹御嵿攻城獅,away,https://api.tpbl.basketball/api/games/6035/stats,39,37,76,39/76,51.3,29,13,42,29/42,69.0,10,24,34,10/34,29.4,26,6,32,26/32,81.3,114,114,106,106,38,30,8,28,2,30,30,28,11,3,14,52,9,14,"{""field_goals_made"":39,""field_goals_missed"":37,""field_goals_attempted"":76,""field_goals"":""39/76"",""field_goals_percentage"":""51.3"",""two_pointers_made"":29,""two_pointers_missed"":13,""two_pointers_attempted"":42,""two_pointers"":""29/42"",""two_pointers_percentage"":""69.0"",""three_pointers_made"":10,""three_pointers_missed"":24,""three_pointers_attempted"":34,""three_pointers"":""10/34"",""three_pointers_percentage"":""29.4"",""free_throws_made"":26,""free_throws_missed"":6,""free_throws_attempted"":32,""free_throws"":""26/32"",""free_throws_percentage"":""81.3"",""won_score"":114,""total_won_score"":114,""lost_score"":106,""total_lost_score"":106,""rebounds"":38,""defensive_rebounds"":30,""offensive_rebounds"":8,""defensive_fouls"":28,""offensive_fouls"":2,""personal_fouls"":30,""fouls"":30,""assists"":28,""steals"":11,""blocks"":3,""turnovers"":14,""points_in_paint"":52,""second_chance_points"":9,""fast_break_points"":14}"
2025-26,2,12,playoffs,6036,2026-05-16,4,4,新竹御嵿攻城獅,3,福爾摩沙夢想家,home,https://api.tpbl.basketball/api/games/6036/stats,29,46,75,29/75,38.7,17,21,38,17/38,44.7,12,25,37,12/37,32.4,23,5,28,23/28,82.1,93,93,104,104,41,31,10,22,2,23,24,24,4,2,13,32,12,12,"{""field_goals_made"":29,""field_goals_missed"":46,""field_goals_attempted"":75,""field_goals"":""29/75"",""field_goals_percentage"":""38.7"",""two_pointers_made"":17,""two_pointers_missed"":21,""two_pointers_attempted"":38,""two_pointers"":""17/38"",""two_pointers_percentage"":""44.7"",""three_pointers_made"":12,""three_pointers_missed"":25,""three_pointers_attempted"":37,""three_pointers"":""12/37"",""three_pointers_percentage"":""32.4"",""free_throws_made"":23,""free_throws_missed"":5,""free_throws_attempted"":28,""free_throws"":""23/28"",""free_throws_percentage"":""82.1"",""won_score"":93,""total_won_score"":93,""lost_score"":104,""total_lost_score"":104,""rebounds"":41,""defensive_rebounds"":31,""offensive_rebounds"":10,""defensive_fouls"":22,""offensive_fouls"":2,""personal_fouls"":23,""fouls"":24,""assists"":24,""steals"":4,""blocks"":2,""turnovers"":13,""points_in_paint"":32,""second_chance_points"":12,""fast_break_points"":12}"
2025-26,2,12,playoffs,6036,2026-05-16,4,3,福爾摩沙夢想家,4,新竹御嵿攻城獅,away,https://api.tpbl.basketball/api/games/6036/stats,35,45,80,35/80,43.8,19,26,45,19/45,42.2,16,19,35,16/35,45.7,18,7,25,18/25,72.0,104,104,93,93,53,38,15,24,2,25,26,20,9,4,13,30,13,2,"{""field_goals_made"":35,""field_goals_missed"":45,""field_goals_attempted"":80,""field_goals"":""35/80"",""field_goals_percentage"":""43.8"",""two_pointers_made"":19,""two_pointers_missed"":26,""two_pointers_attempted"":45,""two_pointers"":""19/45"",""two_pointers_percentage"":""42.2"",""three_pointers_made"":16,""three_pointers_missed"":19,""three_pointers_attempted"":35,""three_pointers"":""16/35"",""three_pointers_percentage"":""45.7"",""free_throws_made"":18,""free_throws_missed"":7,""free_throws_attempted"":25,""free_throws"":""18/25"",""free_throws_percentage"":""72.0"",""won_score"":104,""total_won_score"":104,""lost_score"":93,""total_lost_score"":93,""rebounds"":53,""defensive_rebounds"":38,""offensive_rebounds"":15,""defensive_fouls"":24,""offensive_fouls"":2,""personal_fouls"":25,""fouls"":26,""assists"":20,""steals"":9,""blocks"":4,""turnovers"":13,""points_in_paint"":30,""second_chance_points"":13,""fast_break_points"":2}"
2025-26,2,35,finals,8635,2026-05-24,4,3,福爾摩沙夢想家,7,新北國王,home,https://api.tpbl.basketball/api/games/8635/stats,33,55,88,33/88,37.5,23,34,57,23/57,40.4,10,21,31,10/31,32.3,14,5,19,14/19,73.7,90,90,91,91,53,35,18,16,1,17,17,21,9,1,14,38,11,7,"{""field_goals_made"":33,""field_goals_missed"":55,""field_goals_attempted"":88,""field_goals"":""33/88"",""field_goals_percentage"":""37.5"",""two_pointers_made"":23,""two_pointers_missed"":34,""two_pointers_attempted"":57,""two_pointers"":""23/57"",""two_pointers_percentage"":""40.4"",""three_pointers_made"":10,""three_pointers_missed"":21,""three_pointers_attempted"":31,""three_pointers"":""10/31"",""three_pointers_percentage"":""32.3"",""free_throws_made"":14,""free_throws_missed"":5,""free_throws_attempted"":19,""free_throws"":""14/19"",""free_throws_percentage"":""73.7"",""won_score"":90,""total_won_score"":90,""lost_score"":91,""total_lost_score"":91,""rebounds"":53,""defensive_rebounds"":35,""offensive_rebounds"":18,""defensive_fouls"":16,""offensive_fouls"":1,""personal_fouls"":17,""fouls"":17,""assists"":21,""steals"":9,""blocks"":1,""turnovers"":14,""points_in_paint"":38,""second_chance_points"":11,""fast_break_points"":7}"
2025-26,2,35,finals,8635,2026-05-24,4,7,新北國王,3,福爾摩沙夢想家,away,https://api.tpbl.basketball/api/games/8635/stats,31,44,75,31/75,41.3,18,18,36,18/36,50.0,13,26,39,13/39,33.3,16,3,19,16/19,84.2,91,91,90,90,47,36,11,17,1,17,18,14,6,5,19,31,4,8,"{""field_goals_made"":31,""field_goals_missed"":44,""field_goals_attempted"":75,""field_goals"":""31/75"",""field_goals_percentage"":""41.3"",""two_pointers_made"":18,""two_pointers_missed"":18,""two_pointers_attempted"":36,""two_pointers"":""18/36"",""two_pointers_percentage"":""50.0"",""three_pointers_made"":13,""three_pointers_missed"":26,""three_pointers_attempted"":39,""three_pointers"":""13/39"",""three_pointers_percentage"":""33.3"",""free_throws_made"":16,""free_throws_missed"":3,""free_throws_attempted"":19,""free_throws"":""16/19"",""free_throws_percentage"":""84.2"",""won_score"":91,""total_won_score"":91,""lost_score"":90,""total_lost_score"":90,""rebounds"":47,""defensive_rebounds"":36,""offensive_rebounds"":11,""defensive_fouls"":17,""offensive_fouls"":1,""personal_fouls"":17,""fouls"":18,""assists"":14,""steals"":6,""blocks"":5,""turnovers"":19,""points_in_paint"":31,""second_chance_points"":4,""fast_break_points"":8}"
2025-26,2,8,preseason,1496,2025-10-03,4,3,福爾摩沙夢想家,6,新北中信特攻,home,https://api.tpbl.basketball/api/games/1496/stats,39,43,82,39/82,47.6,18,17,35,18/35,51.4,21,26,47,21/47,44.7,12,4,16,12/16,75.0,111,111,109,109,47,31,16,18,1,18,19,20,6,3,15,28,16,10,"{""field_goals_made"":39,""field_goals_missed"":43,""field_goals_attempted"":82,""field_goals"":""39/82"",""field_goals_percentage"":""47.6"",""two_pointers_made"":18,""two_pointers_missed"":17,""two_pointers_attempted"":35,""two_pointers"":""18/35"",""two_pointers_percentage"":""51.4"",""three_pointers_made"":21,""three_pointers_missed"":26,""three_pointers_attempted"":47,""three_pointers"":""21/47"",""three_pointers_percentage"":""44.7"",""free_throws_made"":12,""free_throws_missed"":4,""free_throws_attempted"":16,""free_throws"":""12/16"",""free_throws_percentage"":""75.0"",""won_score"":111,""total_won_score"":111,""lost_score"":109,""total_lost_score"":109,""rebounds"":47,""defensive_rebounds"":31,""offensive_rebounds"":16,""defensive_fouls"":18,""offensive_fouls"":1,""personal_fouls"":18,""fouls"":19,""assists"":20,""steals"":6,""blocks"":3,""turnovers"":15,""points_in_paint"":28,""second_chance_points"":16,""fast_break_points"":10}"
2025-26,2,8,preseason,1496,2025-10-03,4,6,新北中信特攻,3,福爾摩沙夢想家,away,https://api.tpbl.basketball/api/games/1496/stats,39,39,78,39/78,50.0,20,16,36,20/36,55.6,19,23,42,19/42,45.2,12,7,19,12/19,63.2,109,109,111,111,42,30,12,20,2,22,22,27,6,1,15,34,13,6,"{""field_goals_made"":39,""field_goals_missed"":39,""field_goals_attempted"":78,""field_goals"":""39/78"",""field_goals_percentage"":""50.0"",""two_pointers_made"":20,""two_pointers_missed"":16,""two_pointers_attempted"":36,""two_pointers"":""20/36"",""two_pointers_percentage"":""55.6"",""three_pointers_made"":19,""three_pointers_missed"":23,""three_pointers_attempted"":42,""three_pointers"":""19/42"",""three_pointers_percentage"":""45.2"",""free_throws_made"":12,""free_throws_missed"":7,""free_throws_attempted"":19,""free_throws"":""12/19"",""free_throws_percentage"":""63.2"",""won_score"":109,""total_won_score"":109,""lost_score"":111,""total_lost_score"":111,""rebounds"":42,""defensive_rebounds"":30,""offensive_rebounds"":12,""defensive_fouls"":20,""offensive_fouls"":2,""personal_fouls"":22,""fouls"":22,""assists"":27,""steals"":6,""blocks"":1,""turnovers"":15,""points_in_paint"":34,""second_chance_points"":13,""fast_break_points"":6}"
2025-26,2,11,play_in,6026,2026-05-05,4,7,新北國王,6,新北中信特攻,home,https://api.tpbl.basketball/api/games/6026/stats,40,42,82,40/82,48.8,23,24,47,23/47,48.9,17,18,35,17/35,48.6,5,1,6,5/6,83.3,102,102,86,86,51,42,9,20,0,20,20,22,4,2,12,36,16,9,"{""field_goals_made"":40,""field_goals_missed"":42,""field_goals_attempted"":82,""field_goals"":""40/82"",""field_goals_percentage"":""48.8"",""two_pointers_made"":23,""two_pointers_missed"":24,""two_pointers_attempted"":47,""two_pointers"":""23/47"",""two_pointers_percentage"":""48.9"",""three_pointers_made"":17,""three_pointers_missed"":18,""three_pointers_attempted"":35,""three_pointers"":""17/35"",""three_pointers_percentage"":""48.6"",""free_throws_made"":5,""free_throws_missed"":1,""free_throws_attempted"":6,""free_throws"":""5/6"",""free_throws_percentage"":""83.3"",""won_score"":102,""total_won_score"":102,""lost_score"":86,""total_lost_score"":86,""rebounds"":51,""defensive_rebounds"":42,""offensive_rebounds"":9,""defensive_fouls"":20,""offensive_fouls"":0,""personal_fouls"":20,""fouls"":20,""assists"":22,""steals"":4,""blocks"":2,""turnovers"":12,""points_in_paint"":36,""second_chance_points"":16,""fast_break_points"":9}"
2025-26,2,11,play_in,6026,2026-05-05,4,6,新北中信特攻,7,新北國王,away,https://api.tpbl.basketball/api/games/6026/stats,32,54,86,32/86,37.2,23,21,44,23/44,52.3,9,33,42,9/42,21.4,13,4,17,13/17,76.5,86,86,102,102,48,32,16,15,1,16,16,21,8,2,10,40,2,10,"{""field_goals_made"":32,""field_goals_missed"":54,""field_goals_attempted"":86,""field_goals"":""32/86"",""field_goals_percentage"":""37.2"",""two_pointers_made"":23,""two_pointers_missed"":21,""two_pointers_attempted"":44,""two_pointers"":""23/44"",""two_pointers_percentage"":""52.3"",""three_pointers_made"":9,""three_pointers_missed"":33,""three_pointers_attempted"":42,""three_pointers"":""9/42"",""three_pointers_percentage"":""21.4"",""free_throws_made"":13,""free_throws_missed"":4,""free_throws_attempted"":17,""free_throws"":""13/17"",""free_throws_percentage"":""76.5"",""won_score"":86,""total_won_score"":86,""lost_score"":102,""total_lost_score"":102,""rebounds"":48,""defensive_rebounds"":32,""offensive_rebounds"":16,""defensive_fouls"":15,""offensive_fouls"":1,""personal_fouls"":16,""fouls"":16,""assists"":21,""steals"":8,""blocks"":2,""turnovers"":10,""points_in_paint"":40,""second_chance_points"":2,""fast_break_points"":10}"
2025-26,2,35,finals,8636,2026-05-26,4,3,福爾摩沙夢想家,7,新北國王,home,https://api.tpbl.basketball/api/games/8636/stats,34,50,84,34/84,40.5,26,26,52,26/52,50.0,8,24,32,8/32,25.0,23,5,28,23/28,82.1,99,99,90,90,53,34,19,20,1,20,21,23,9,3,13,40,20,5,"{""field_goals_made"":34,""field_goals_missed"":50,""field_goals_attempted"":84,""field_goals"":""34/84"",""field_goals_percentage"":""40.5"",""two_pointers_made"":26,""two_pointers_missed"":26,""two_pointers_attempted"":52,""two_pointers"":""26/52"",""two_pointers_percentage"":""50.0"",""three_pointers_made"":8,""three_pointers_missed"":24,""three_pointers_attempted"":32,""three_pointers"":""8/32"",""three_pointers_percentage"":""25.0"",""free_throws_made"":23,""free_throws_missed"":5,""free_throws_attempted"":28,""free_throws"":""23/28"",""free_throws_percentage"":""82.1"",""won_score"":99,""total_won_score"":99,""lost_score"":90,""total_lost_score"":90,""rebounds"":53,""defensive_rebounds"":34,""offensive_rebounds"":19,""defensive_fouls"":20,""offensive_fouls"":1,""personal_fouls"":20,""fouls"":21,""assists"":23,""steals"":9,""blocks"":3,""turnovers"":13,""points_in_paint"":40,""second_chance_points"":20,""fast_break_points"":5}"
2025-26,2,35,finals,8636,2026-05-26,4,7,新北國王,3,福爾摩沙夢想家,away,https://api.tpbl.basketball/api/games/8636/stats,31,38,69,31/69,44.9,18,21,39,18/39,46.2,13,17,30,13/30,43.3,15,5,20,15/20,75.0,90,90,99,99,39,32,7,20,2,21,22,17,6,2,19,30,5,6,"{""field_goals_made"":31,""field_goals_missed"":38,""field_goals_attempted"":69,""field_goals"":""31/69"",""field_goals_percentage"":""44.9"",""two_pointers_made"":18,""two_pointers_missed"":21,""two_pointers_attempted"":39,""two_pointers"":""18/39"",""two_pointers_percentage"":""46.2"",""three_pointers_made"":13,""three_pointers_missed"":17,""three_pointers_attempted"":30,""three_pointers"":""13/30"",""three_pointers_percentage"":""43.3"",""free_throws_made"":15,""free_throws_missed"":5,""free_throws_attempted"":20,""free_throws"":""15/20"",""free_throws_percentage"":""75.0"",""won_score"":90,""total_won_score"":90,""lost_score"":99,""total_lost_score"":99,""rebounds"":39,""defensive_rebounds"":32,""offensive_rebounds"":7,""defensive_fouls"":20,""offensive_fouls"":2,""personal_fouls"":21,""fouls"":22,""assists"":17,""steals"":6,""blocks"":2,""turnovers"":19,""points_in_paint"":30,""second_chance_points"":5,""fast_break_points"":6}"
2025-26,2,8,preseason,1497,2025-10-03,4,2,高雄全家海神,4,新竹御嵿攻城獅,home,https://api.tpbl.basketball/api/games/1497/stats,26,46,72,26/72,36.1,13,21,34,13/34,38.2,13,25,38,13/38,34.2,23,7,30,23/30,76.7,88,88,98,98,52,32,20,27,2,29,29,17,7,1,27,20,12,7,"{""field_goals_made"":26,""field_goals_missed"":46,""field_goals_attempted"":72,""field_goals"":""26/72"",""field_goals_percentage"":""36.1"",""two_pointers_made"":13,""two_pointers_missed"":21,""two_pointers_attempted"":34,""two_pointers"":""13/34"",""two_pointers_percentage"":""38.2"",""three_pointers_made"":13,""three_pointers_missed"":25,""three_pointers_attempted"":38,""three_pointers"":""13/38"",""three_pointers_percentage"":""34.2"",""free_throws_made"":23,""free_throws_missed"":7,""free_throws_attempted"":30,""free_throws"":""23/30"",""free_throws_percentage"":""76.7"",""won_score"":88,""total_won_score"":88,""lost_score"":98,""total_lost_score"":98,""rebounds"":52,""defensive_rebounds"":32,""offensive_rebounds"":20,""defensive_fouls"":27,""offensive_fouls"":2,""personal_fouls"":29,""fouls"":29,""assists"":17,""steals"":7,""blocks"":1,""turnovers"":27,""points_in_paint"":20,""second_chance_points"":12,""fast_break_points"":7}"
2025-26,2,8,preseason,1497,2025-10-03,4,4,新竹御嵿攻城獅,2,高雄全家海神,away,https://api.tpbl.basketball/api/games/1497/stats,34,41,75,34/75,45.3,23,21,44,23/44,52.3,11,20,31,11/31,35.5,19,20,39,19/39,48.7,98,98,88,88,48,30,18,25,1,26,26,22,16,2,15,40,22,15,"{""field_goals_made"":34,""field_goals_missed"":41,""field_goals_attempted"":75,""field_goals"":""34/75"",""field_goals_percentage"":""45.3"",""two_pointers_made"":23,""two_pointers_missed"":21,""two_pointers_attempted"":44,""two_pointers"":""23/44"",""two_pointers_percentage"":""52.3"",""three_pointers_made"":11,""three_pointers_missed"":20,""three_pointers_attempted"":31,""three_pointers"":""11/31"",""three_pointers_percentage"":""35.5"",""free_throws_made"":19,""free_throws_missed"":20,""free_throws_attempted"":39,""free_throws"":""19/39"",""free_throws_percentage"":""48.7"",""won_score"":98,""total_won_score"":98,""lost_score"":88,""total_lost_score"":88,""rebounds"":48,""defensive_rebounds"":30,""offensive_rebounds"":18,""defensive_fouls"":25,""offensive_fouls"":1,""personal_fouls"":26,""fouls"":26,""assists"":22,""steals"":16,""blocks"":2,""turnovers"":15,""points_in_paint"":40,""second_chance_points"":22,""fast_break_points"":15}"
2025-26,2,11,play_in,6027,2026-05-06,4,6,新北中信特攻,7,新北國王,home,https://api.tpbl.basketball/api/games/6027/stats,30,51,81,30/81,37.0,19,21,40,19/40,47.5,11,30,41,11/41,26.8,19,6,25,19/25,76.0,90,90,96,96,51,37,14,24,0,24,24,21,5,1,15,34,20,0,"{""field_goals_made"":30,""field_goals_missed"":51,""field_goals_attempted"":81,""field_goals"":""30/81"",""field_goals_percentage"":""37.0"",""two_pointers_made"":19,""two_pointers_missed"":21,""two_pointers_attempted"":40,""two_pointers"":""19/40"",""two_pointers_percentage"":""47.5"",""three_pointers_made"":11,""three_pointers_missed"":30,""three_pointers_attempted"":41,""three_pointers"":""11/41"",""three_pointers_percentage"":""26.8"",""free_throws_made"":19,""free_throws_missed"":6,""free_throws_attempted"":25,""free_throws"":""19/25"",""free_throws_percentage"":""76.0"",""won_score"":90,""total_won_score"":90,""lost_score"":96,""total_lost_score"":96,""rebounds"":51,""defensive_rebounds"":37,""offensive_rebounds"":14,""defensive_fouls"":24,""offensive_fouls"":0,""personal_fouls"":24,""fouls"":24,""assists"":21,""steals"":5,""blocks"":1,""turnovers"":15,""points_in_paint"":34,""second_chance_points"":20,""fast_break_points"":0}"
2025-26,2,11,play_in,6027,2026-05-06,4,7,新北國王,6,新北中信特攻,away,https://api.tpbl.basketball/api/games/6027/stats,31,44,75,31/75,41.3,18,16,34,18/34,52.9,13,28,41,13/41,31.7,21,7,28,21/28,75.0,96,96,90,90,48,39,9,23,2,24,25,25,6,3,13,28,6,16,"{""field_goals_made"":31,""field_goals_missed"":44,""field_goals_attempted"":75,""field_goals"":""31/75"",""field_goals_percentage"":""41.3"",""two_pointers_made"":18,""two_pointers_missed"":16,""two_pointers_attempted"":34,""two_pointers"":""18/34"",""two_pointers_percentage"":""52.9"",""three_pointers_made"":13,""three_pointers_missed"":28,""three_pointers_attempted"":41,""three_pointers"":""13/41"",""three_pointers_percentage"":""31.7"",""free_throws_made"":21,""free_throws_missed"":7,""free_throws_attempted"":28,""free_throws"":""21/28"",""free_throws_percentage"":""75.0"",""won_score"":96,""total_won_score"":96,""lost_score"":90,""total_lost_score"":90,""rebounds"":48,""defensive_rebounds"":39,""offensive_rebounds"":9,""defensive_fouls"":23,""offensive_fouls"":2,""personal_fouls"":24,""fouls"":25,""assists"":25,""steals"":6,""blocks"":3,""turnovers"":13,""points_in_paint"":28,""second_chance_points"":6,""fast_break_points"":16}"
2025-26,2,35,finals,8637,2026-05-29,4,7,新北國王,3,福爾摩沙夢想家,home,https://api.tpbl.basketball/api/games/8637/stats,36,35,71,36/71,50.7,23,18,41,23/41,56.1,13,17,30,13/30,43.3,24,8,32,24/32,75.0,109,109,84,84,46,38,8,22,2,23,24,24,4,3,11,30,5,8,"{""field_goals_made"":36,""field_goals_missed"":35,""field_goals_attempted"":71,""field_goals"":""36/71"",""field_goals_percentage"":""50.7"",""two_pointers_made"":23,""two_pointers_missed"":18,""two_pointers_attempted"":41,""two_pointers"":""23/41"",""two_pointers_percentage"":""56.1"",""three_pointers_made"":13,""three_pointers_missed"":17,""three_pointers_attempted"":30,""three_pointers"":""13/30"",""three_pointers_percentage"":""43.3"",""free_throws_made"":24,""free_throws_missed"":8,""free_throws_attempted"":32,""free_throws"":""24/32"",""free_throws_percentage"":""75.0"",""won_score"":109,""total_won_score"":109,""lost_score"":84,""total_lost_score"":84,""rebounds"":46,""defensive_rebounds"":38,""offensive_rebounds"":8,""defensive_fouls"":22,""offensive_fouls"":2,""personal_fouls"":23,""fouls"":24,""assists"":24,""steals"":4,""blocks"":3,""turnovers"":11,""points_in_paint"":30,""second_chance_points"":5,""fast_break_points"":8}"
2025-26,2,35,finals,8637,2026-05-29,4,3,福爾摩沙夢想家,7,新北國王,away,https://api.tpbl.basketball/api/games/8637/stats,26,53,79,26/79,32.9,19,26,45,19/45,42.2,7,27,34,7/34,20.6,25,6,31,25/31,80.6,84,84,109,109,46,30,16,22,3,23,25,17,7,4,10,36,23,8,"{""field_goals_made"":26,""field_goals_missed"":53,""field_goals_attempted"":79,""field_goals"":""26/79"",""field_goals_percentage"":""32.9"",""two_pointers_made"":19,""two_pointers_missed"":26,""two_pointers_attempted"":45,""two_pointers"":""19/45"",""two_pointers_percentage"":""42.2"",""three_pointers_made"":7,""three_pointers_missed"":27,""three_pointers_attempted"":34,""three_pointers"":""7/34"",""three_pointers_percentage"":""20.6"",""free_throws_made"":25,""free_throws_missed"":6,""free_throws_attempted"":31,""free_throws"":""25/31"",""free_throws_percentage"":""80.6"",""won_score"":84,""total_won_score"":84,""lost_score"":109,""total_lost_score"":109,""rebounds"":46,""defensive_rebounds"":30,""offensive_rebounds"":16,""defensive_fouls"":22,""offensive_fouls"":3,""personal_fouls"":23,""fouls"":25,""assists"":17,""steals"":7,""blocks"":4,""turnovers"":10,""points_in_paint"":36,""second_chance_points"":23,""fast_break_points"":8}"
2025-26,2,8,preseason,1498,2025-10-04,4,7,新北國王,8,臺北台新戰神,home,https://api.tpbl.basketball/api/games/1498/stats,41,62,103,41/103,39.8,33,27,60,33/60,55.0,8,35,43,8/43,18.6,10,4,14,10/14,71.4,100,100,105,105,65,36,29,19,1,19,20,17,11,2,18,56,27,23,"{""field_goals_made"":41,""field_goals_missed"":62,""field_goals_attempted"":103,""field_goals"":""41/103"",""field_goals_percentage"":""39.8"",""two_pointers_made"":33,""two_pointers_missed"":27,""two_pointers_attempted"":60,""two_pointers"":""33/60"",""two_pointers_percentage"":""55.0"",""three_pointers_made"":8,""three_pointers_missed"":35,""three_pointers_attempted"":43,""three_pointers"":""8/43"",""three_pointers_percentage"":""18.6"",""free_throws_made"":10,""free_throws_missed"":4,""free_throws_attempted"":14,""free_throws"":""10/14"",""free_throws_percentage"":""71.4"",""won_score"":100,""total_won_score"":100,""lost_score"":105,""total_lost_score"":105,""rebounds"":65,""defensive_rebounds"":36,""offensive_rebounds"":29,""defensive_fouls"":19,""offensive_fouls"":1,""personal_fouls"":19,""fouls"":20,""assists"":17,""steals"":11,""blocks"":2,""turnovers"":18,""points_in_paint"":56,""second_chance_points"":27,""fast_break_points"":23}"
2025-26,2,8,preseason,1498,2025-10-04,4,8,臺北台新戰神,7,新北國王,away,https://api.tpbl.basketball/api/games/1498/stats,41,44,85,41/85,48.2,32,24,56,32/56,57.1,9,20,29,9/29,31.0,14,11,25,14/25,56.0,105,105,100,100,45,31,14,17,1,17,18,17,12,4,16,56,7,16,"{""field_goals_made"":41,""field_goals_missed"":44,""field_goals_attempted"":85,""field_goals"":""41/85"",""field_goals_percentage"":""48.2"",""two_pointers_made"":32,""two_pointers_missed"":24,""two_pointers_attempted"":56,""two_pointers"":""32/56"",""two_pointers_percentage"":""57.1"",""three_pointers_made"":9,""three_pointers_missed"":20,""three_pointers_attempted"":29,""three_pointers"":""9/29"",""three_pointers_percentage"":""31.0"",""free_throws_made"":14,""free_throws_missed"":11,""free_throws_attempted"":25,""free_throws"":""14/25"",""free_throws_percentage"":""56.0"",""won_score"":105,""total_won_score"":105,""lost_score"":100,""total_lost_score"":100,""rebounds"":45,""defensive_rebounds"":31,""offensive_rebounds"":14,""defensive_fouls"":17,""offensive_fouls"":1,""personal_fouls"":17,""fouls"":18,""assists"":17,""steals"":12,""blocks"":4,""turnovers"":16,""points_in_paint"":56,""second_chance_points"":7,""fast_break_points"":16}"
2025-26,2,35,finals,8638,2026-05-31,4,7,新北國王,3,福爾摩沙夢想家,home,https://api.tpbl.basketball/api/games/8638/stats,34,41,75,34/75,45.3,22,22,44,22/44,50.0,12,19,31,12/31,38.7,16,2,18,16/18,88.9,96,96,93,93,42,31,11,19,0,19,19,23,7,4,8,34,14,7,"{""field_goals_made"":34,""field_goals_missed"":41,""field_goals_attempted"":75,""field_goals"":""34/75"",""field_goals_percentage"":""45.3"",""two_pointers_made"":22,""two_pointers_missed"":22,""two_pointers_attempted"":44,""two_pointers"":""22/44"",""two_pointers_percentage"":""50.0"",""three_pointers_made"":12,""three_pointers_missed"":19,""three_pointers_attempted"":31,""three_pointers"":""12/31"",""three_pointers_percentage"":""38.7"",""free_throws_made"":16,""free_throws_missed"":2,""free_throws_attempted"":18,""free_throws"":""16/18"",""free_throws_percentage"":""88.9"",""won_score"":96,""total_won_score"":96,""lost_score"":93,""total_lost_score"":93,""rebounds"":42,""defensive_rebounds"":31,""offensive_rebounds"":11,""defensive_fouls"":19,""offensive_fouls"":0,""personal_fouls"":19,""fouls"":19,""assists"":23,""steals"":7,""blocks"":4,""turnovers"":8,""points_in_paint"":34,""second_chance_points"":14,""fast_break_points"":7}"
2025-26,2,35,finals,8638,2026-05-31,4,3,福爾摩沙夢想家,7,新北國王,away,https://api.tpbl.basketball/api/games/8638/stats,31,49,80,31/80,38.8,17,22,39,17/39,43.6,14,27,41,14/41,34.1,17,8,25,17/25,68.0,93,93,96,96,50,31,19,19,1,20,20,21,1,3,9,24,11,5,"{""field_goals_made"":31,""field_goals_missed"":49,""field_goals_attempted"":80,""field_goals"":""31/80"",""field_goals_percentage"":""38.8"",""two_pointers_made"":17,""two_pointers_missed"":22,""two_pointers_attempted"":39,""two_pointers"":""17/39"",""two_pointers_percentage"":""43.6"",""three_pointers_made"":14,""three_pointers_missed"":27,""three_pointers_attempted"":41,""three_pointers"":""14/41"",""three_pointers_percentage"":""34.1"",""free_throws_made"":17,""free_throws_missed"":8,""free_throws_attempted"":25,""free_throws"":""17/25"",""free_throws_percentage"":""68.0"",""won_score"":93,""total_won_score"":93,""lost_score"":96,""total_lost_score"":96,""rebounds"":50,""defensive_rebounds"":31,""offensive_rebounds"":19,""defensive_fouls"":19,""offensive_fouls"":1,""personal_fouls"":20,""fouls"":20,""assists"":21,""steals"":1,""blocks"":3,""turnovers"":9,""points_in_paint"":24,""second_chance_points"":11,""fast_break_points"":5}"
2025-26,2,8,preseason,1499,2025-10-04,4,6,新北中信特攻,5,桃園台啤永豐雲豹,home,https://api.tpbl.basketball/api/games/1499/stats,41,34,75,41/75,54.7,28,17,45,28/45,62.2,13,17,30,13/30,43.3,6,1,7,6/7,85.7,101,101,81,81,38,31,7,25,3,27,28,19,14,2,20,52,9,12,"{""field_goals_made"":41,""field_goals_missed"":34,""field_goals_attempted"":75,""field_goals"":""41/75"",""field_goals_percentage"":""54.7"",""two_pointers_made"":28,""two_pointers_missed"":17,""two_pointers_attempted"":45,""two_pointers"":""28/45"",""two_pointers_percentage"":""62.2"",""three_pointers_made"":13,""three_pointers_missed"":17,""three_pointers_attempted"":30,""three_pointers"":""13/30"",""three_pointers_percentage"":""43.3"",""free_throws_made"":6,""free_throws_missed"":1,""free_throws_attempted"":7,""free_throws"":""6/7"",""free_throws_percentage"":""85.7"",""won_score"":101,""total_won_score"":101,""lost_score"":81,""total_lost_score"":81,""rebounds"":38,""defensive_rebounds"":31,""offensive_rebounds"":7,""defensive_fouls"":25,""offensive_fouls"":3,""personal_fouls"":27,""fouls"":28,""assists"":19,""steals"":14,""blocks"":2,""turnovers"":20,""points_in_paint"":52,""second_chance_points"":9,""fast_break_points"":12}"
2025-26,2,8,preseason,1499,2025-10-04,4,5,桃園台啤永豐雲豹,6,新北中信特攻,away,https://api.tpbl.basketball/api/games/1499/stats,28,45,73,28/73,38.4,25,17,42,25/42,59.5,3,28,31,3/31,9.7,22,7,29,22/29,75.9,81,81,101,101,42,29,13,15,0,14,15,11,10,3,20,38,8,4,"{""field_goals_made"":28,""field_goals_missed"":45,""field_goals_attempted"":73,""field_goals"":""28/73"",""field_goals_percentage"":""38.4"",""two_pointers_made"":25,""two_pointers_missed"":17,""two_pointers_attempted"":42,""two_pointers"":""25/42"",""two_pointers_percentage"":""59.5"",""three_pointers_made"":3,""three_pointers_missed"":28,""three_pointers_attempted"":31,""three_pointers"":""3/31"",""three_pointers_percentage"":""9.7"",""free_throws_made"":22,""free_throws_missed"":7,""free_throws_attempted"":29,""free_throws"":""22/29"",""free_throws_percentage"":""75.9"",""won_score"":81,""total_won_score"":81,""lost_score"":101,""total_lost_score"":101,""rebounds"":42,""defensive_rebounds"":29,""offensive_rebounds"":13,""defensive_fouls"":15,""offensive_fouls"":0,""personal_fouls"":14,""fouls"":15,""assists"":11,""steals"":10,""blocks"":3,""turnovers"":20,""points_in_paint"":38,""second_chance_points"":8,""fast_break_points"":4}"
2025-26,2,35,finals,8639,2026-06-02,4,3,福爾摩沙夢想家,7,新北國王,home,https://api.tpbl.basketball/api/games/8639/stats,35,34,69,35/69,50.7,20,10,30,20/30,66.7,15,24,39,15/39,38.5,20,3,23,20/23,87.0,105,105,69,69,45,38,7,21,1,22,22,24,9,4,15,34,10,6,"{""field_goals_made"":35,""field_goals_missed"":34,""field_goals_attempted"":69,""field_goals"":""35/69"",""field_goals_percentage"":""50.7"",""two_pointers_made"":20,""two_pointers_missed"":10,""two_pointers_attempted"":30,""two_pointers"":""20/30"",""two_pointers_percentage"":""66.7"",""three_pointers_made"":15,""three_pointers_missed"":24,""three_pointers_attempted"":39,""three_pointers"":""15/39"",""three_pointers_percentage"":""38.5"",""free_throws_made"":20,""free_throws_missed"":3,""free_throws_attempted"":23,""free_throws"":""20/23"",""free_throws_percentage"":""87.0"",""won_score"":105,""total_won_score"":105,""lost_score"":69,""total_lost_score"":69,""rebounds"":45,""defensive_rebounds"":38,""offensive_rebounds"":7,""defensive_fouls"":21,""offensive_fouls"":1,""personal_fouls"":22,""fouls"":22,""assists"":24,""steals"":9,""blocks"":4,""turnovers"":15,""points_in_paint"":34,""second_chance_points"":10,""fast_break_points"":6}"
2025-26,2,35,finals,8639,2026-06-02,4,7,新北國王,3,福爾摩沙夢想家,away,https://api.tpbl.basketball/api/games/8639/stats,26,41,67,26/67,38.8,19,23,42,19/42,45.2,7,18,25,7/25,28.0,10,12,22,10/22,45.5,69,69,105,105,37,28,9,20,3,23,23,15,10,0,19,32,4,4,"{""field_goals_made"":26,""field_goals_missed"":41,""field_goals_attempted"":67,""field_goals"":""26/67"",""field_goals_percentage"":""38.8"",""two_pointers_made"":19,""two_pointers_missed"":23,""two_pointers_attempted"":42,""two_pointers"":""19/42"",""two_pointers_percentage"":""45.2"",""three_pointers_made"":7,""three_pointers_missed"":18,""three_pointers_attempted"":25,""three_pointers"":""7/25"",""three_pointers_percentage"":""28.0"",""free_throws_made"":10,""free_throws_missed"":12,""free_throws_attempted"":22,""free_throws"":""10/22"",""free_throws_percentage"":""45.5"",""won_score"":69,""total_won_score"":69,""lost_score"":105,""total_lost_score"":105,""rebounds"":37,""defensive_rebounds"":28,""offensive_rebounds"":9,""defensive_fouls"":20,""offensive_fouls"":3,""personal_fouls"":23,""fouls"":23,""assists"":15,""steals"":10,""blocks"":0,""turnovers"":19,""points_in_paint"":32,""second_chance_points"":4,""fast_break_points"":4}"
2025-26,2,8,preseason,1500,2025-10-04,4,4,新竹御嵿攻城獅,3,福爾摩沙夢想家,home,https://api.tpbl.basketball/api/games/1500/stats,33,44,77,33/77,42.9,24,21,45,24/45,53.3,9,23,32,9/32,28.1,13,8,21,13/21,61.9,88,88,94,94,45,31,14,24,4,28,28,17,8,5,20,44,13,20,"{""field_goals_made"":33,""field_goals_missed"":44,""field_goals_attempted"":77,""field_goals"":""33/77"",""field_goals_percentage"":""42.9"",""two_pointers_made"":24,""two_pointers_missed"":21,""two_pointers_attempted"":45,""two_pointers"":""24/45"",""two_pointers_percentage"":""53.3"",""three_pointers_made"":9,""three_pointers_missed"":23,""three_pointers_attempted"":32,""three_pointers"":""9/32"",""three_pointers_percentage"":""28.1"",""free_throws_made"":13,""free_throws_missed"":8,""free_throws_attempted"":21,""free_throws"":""13/21"",""free_throws_percentage"":""61.9"",""won_score"":88,""total_won_score"":88,""lost_score"":94,""total_lost_score"":94,""rebounds"":45,""defensive_rebounds"":31,""offensive_rebounds"":14,""defensive_fouls"":24,""offensive_fouls"":4,""personal_fouls"":28,""fouls"":28,""assists"":17,""steals"":8,""blocks"":5,""turnovers"":20,""points_in_paint"":44,""second_chance_points"":13,""fast_break_points"":20}"
2025-26,2,8,preseason,1500,2025-10-04,4,3,福爾摩沙夢想家,4,新竹御嵿攻城獅,away,https://api.tpbl.basketball/api/games/1500/stats,33,51,84,33/84,39.3,27,27,54,27/54,50.0,6,24,30,6/30,20.0,22,6,28,22/28,78.6,94,94,88,88,56,32,24,22,3,24,25,12,11,3,18,52,18,17,"{""field_goals_made"":33,""field_goals_missed"":51,""field_goals_attempted"":84,""field_goals"":""33/84"",""field_goals_percentage"":""39.3"",""two_pointers_made"":27,""two_pointers_missed"":27,""two_pointers_attempted"":54,""two_pointers"":""27/54"",""two_pointers_percentage"":""50.0"",""three_pointers_made"":6,""three_pointers_missed"":24,""three_pointers_attempted"":30,""three_pointers"":""6/30"",""three_pointers_percentage"":""20.0"",""free_throws_made"":22,""free_throws_missed"":6,""free_throws_attempted"":28,""free_throws"":""22/28"",""free_throws_percentage"":""78.6"",""won_score"":94,""total_won_score"":94,""lost_score"":88,""total_lost_score"":88,""rebounds"":56,""defensive_rebounds"":32,""offensive_rebounds"":24,""defensive_fouls"":22,""offensive_fouls"":3,""personal_fouls"":24,""fouls"":25,""assists"":12,""steals"":11,""blocks"":3,""turnovers"":18,""points_in_paint"":52,""second_chance_points"":18,""fast_break_points"":17}"
2025-26,2,35,finals,8640,2026-06-04,4,7,新北國王,3,福爾摩沙夢想家,home,https://api.tpbl.basketball/api/games/8640/stats,26,39,65,26/65,40.0,17,16,33,17/33,51.5,9,23,32,9/32,28.1,27,7,34,27/34,79.4,88,88,91,91,35,28,7,23,3,26,26,11,8,2,14,28,9,3,"{""field_goals_made"":26,""field_goals_missed"":39,""field_goals_attempted"":65,""field_goals"":""26/65"",""field_goals_percentage"":""40.0"",""two_pointers_made"":17,""two_pointers_missed"":16,""two_pointers_attempted"":33,""two_pointers"":""17/33"",""two_pointers_percentage"":""51.5"",""three_pointers_made"":9,""three_pointers_missed"":23,""three_pointers_attempted"":32,""three_pointers"":""9/32"",""three_pointers_percentage"":""28.1"",""free_throws_made"":27,""free_throws_missed"":7,""free_throws_attempted"":34,""free_throws"":""27/34"",""free_throws_percentage"":""79.4"",""won_score"":88,""total_won_score"":88,""lost_score"":91,""total_lost_score"":91,""rebounds"":35,""defensive_rebounds"":28,""offensive_rebounds"":7,""defensive_fouls"":23,""offensive_fouls"":3,""personal_fouls"":26,""fouls"":26,""assists"":11,""steals"":8,""blocks"":2,""turnovers"":14,""points_in_paint"":28,""second_chance_points"":9,""fast_break_points"":3}"
2025-26,2,35,finals,8640,2026-06-04,4,3,福爾摩沙夢想家,7,新北國王,away,https://api.tpbl.basketball/api/games/8640/stats,31,38,69,31/69,44.9,24,21,45,24/45,53.3,7,17,24,7/24,29.2,22,3,25,22/25,88.0,91,91,88,88,48,36,12,25,4,28,29,14,8,2,19,40,17,2,"{""field_goals_made"":31,""field_goals_missed"":38,""field_goals_attempted"":69,""field_goals"":""31/69"",""field_goals_percentage"":""44.9"",""two_pointers_made"":24,""two_pointers_missed"":21,""two_pointers_attempted"":45,""two_pointers"":""24/45"",""two_pointers_percentage"":""53.3"",""three_pointers_made"":7,""three_pointers_missed"":17,""three_pointers_attempted"":24,""three_pointers"":""7/24"",""three_pointers_percentage"":""29.2"",""free_throws_made"":22,""free_throws_missed"":3,""free_throws_attempted"":25,""free_throws"":""22/25"",""free_throws_percentage"":""88.0"",""won_score"":91,""total_won_score"":91,""lost_score"":88,""total_lost_score"":88,""rebounds"":48,""defensive_rebounds"":36,""offensive_rebounds"":12,""defensive_fouls"":25,""offensive_fouls"":4,""personal_fouls"":28,""fouls"":29,""assists"":14,""steals"":8,""blocks"":2,""turnovers"":19,""points_in_paint"":40,""second_chance_points"":17,""fast_break_points"":2}"
2025-26,2,8,preseason,1501,2025-10-05,4,8,臺北台新戰神,2,高雄全家海神,home,https://api.tpbl.basketball/api/games/1501/stats,28,49,77,28/77,36.4,19,25,44,19/44,43.2,9,24,33,9/33,27.3,14,9,23,14/23,60.9,79,79,93,93,47,34,13,29,2,30,31,11,7,2,19,30,10,13,"{""field_goals_made"":28,""field_goals_missed"":49,""field_goals_attempted"":77,""field_goals"":""28/77"",""field_goals_percentage"":""36.4"",""two_pointers_made"":19,""two_pointers_missed"":25,""two_pointers_attempted"":44,""two_pointers"":""19/44"",""two_pointers_percentage"":""43.2"",""three_pointers_made"":9,""three_pointers_missed"":24,""three_pointers_attempted"":33,""three_pointers"":""9/33"",""three_pointers_percentage"":""27.3"",""free_throws_made"":14,""free_throws_missed"":9,""free_throws_attempted"":23,""free_throws"":""14/23"",""free_throws_percentage"":""60.9"",""won_score"":79,""total_won_score"":79,""lost_score"":93,""total_lost_score"":93,""rebounds"":47,""defensive_rebounds"":34,""offensive_rebounds"":13,""defensive_fouls"":29,""offensive_fouls"":2,""personal_fouls"":30,""fouls"":31,""assists"":11,""steals"":7,""blocks"":2,""turnovers"":19,""points_in_paint"":30,""second_chance_points"":10,""fast_break_points"":13}"
2025-26,2,8,preseason,1501,2025-10-05,4,2,高雄全家海神,8,臺北台新戰神,away,https://api.tpbl.basketball/api/games/1501/stats,29,36,65,29/65,44.6,18,14,32,18/32,56.3,11,22,33,11/33,33.3,24,15,39,24/39,61.5,93,93,79,79,49,39,10,23,3,26,26,21,12,3,20,32,20,18,"{""field_goals_made"":29,""field_goals_missed"":36,""field_goals_attempted"":65,""field_goals"":""29/65"",""field_goals_percentage"":""44.6"",""two_pointers_made"":18,""two_pointers_missed"":14,""two_pointers_attempted"":32,""two_pointers"":""18/32"",""two_pointers_percentage"":""56.3"",""three_pointers_made"":11,""three_pointers_missed"":22,""three_pointers_attempted"":33,""three_pointers"":""11/33"",""three_pointers_percentage"":""33.3"",""free_throws_made"":24,""free_throws_missed"":15,""free_throws_attempted"":39,""free_throws"":""24/39"",""free_throws_percentage"":""61.5"",""won_score"":93,""total_won_score"":93,""lost_score"":79,""total_lost_score"":79,""rebounds"":49,""defensive_rebounds"":39,""offensive_rebounds"":10,""defensive_fouls"":23,""offensive_fouls"":3,""personal_fouls"":26,""fouls"":26,""assists"":21,""steals"":12,""blocks"":3,""turnovers"":20,""points_in_paint"":32,""second_chance_points"":20,""fast_break_points"":18}"
2025-26,2,35,finals,8641,2026-06-06,4,3,福爾摩沙夢想家,7,新北國王,home,https://api.tpbl.basketball/api/games/8641/stats,36,47,83,36/83,43.4,34,24,58,34/58,58.6,2,23,25,2/25,8.0,16,2,18,16/18,88.9,90,90,78,78,53,34,19,25,3,28,28,15,6,2,9,56,11,8,"{""field_goals_made"":36,""field_goals_missed"":47,""field_goals_attempted"":83,""field_goals"":""36/83"",""field_goals_percentage"":""43.4"",""two_pointers_made"":34,""two_pointers_missed"":24,""two_pointers_attempted"":58,""two_pointers"":""34/58"",""two_pointers_percentage"":""58.6"",""three_pointers_made"":2,""three_pointers_missed"":23,""three_pointers_attempted"":25,""three_pointers"":""2/25"",""three_pointers_percentage"":""8.0"",""free_throws_made"":16,""free_throws_missed"":2,""free_throws_attempted"":18,""free_throws"":""16/18"",""free_throws_percentage"":""88.9"",""won_score"":90,""total_won_score"":90,""lost_score"":78,""total_lost_score"":78,""rebounds"":53,""defensive_rebounds"":34,""offensive_rebounds"":19,""defensive_fouls"":25,""offensive_fouls"":3,""personal_fouls"":28,""fouls"":28,""assists"":15,""steals"":6,""blocks"":2,""turnovers"":9,""points_in_paint"":56,""second_chance_points"":11,""fast_break_points"":8}"
2025-26,2,35,finals,8641,2026-06-06,4,7,新北國王,3,福爾摩沙夢想家,away,https://api.tpbl.basketball/api/games/8641/stats,24,48,72,24/72,33.3,17,25,42,17/42,40.5,7,23,30,7/30,23.3,23,7,30,23/30,76.7,78,78,90,90,44,29,15,19,2,21,21,14,5,4,11,28,12,3,"{""field_goals_made"":24,""field_goals_missed"":48,""field_goals_attempted"":72,""field_goals"":""24/72"",""field_goals_percentage"":""33.3"",""two_pointers_made"":17,""two_pointers_missed"":25,""two_pointers_attempted"":42,""two_pointers"":""17/42"",""two_pointers_percentage"":""40.5"",""three_pointers_made"":7,""three_pointers_missed"":23,""three_pointers_attempted"":30,""three_pointers"":""7/30"",""three_pointers_percentage"":""23.3"",""free_throws_made"":23,""free_throws_missed"":7,""free_throws_attempted"":30,""free_throws"":""23/30"",""free_throws_percentage"":""76.7"",""won_score"":78,""total_won_score"":78,""lost_score"":90,""total_lost_score"":90,""rebounds"":44,""defensive_rebounds"":29,""offensive_rebounds"":15,""defensive_fouls"":19,""offensive_fouls"":2,""personal_fouls"":21,""fouls"":21,""assists"":14,""steals"":5,""blocks"":4,""turnovers"":11,""points_in_paint"":28,""second_chance_points"":12,""fast_break_points"":3}"
2025-26,2,8,preseason,1502,2025-10-05,4,5,桃園台啤永豐雲豹,7,新北國王,home,https://api.tpbl.basketball/api/games/1502/stats,37,44,81,37/81,45.7,32,29,61,32/61,52.5,5,15,20,5/20,25.0,10,7,17,10/17,58.8,89,89,99,99,49,32,17,10,2,12,12,13,9,4,18,56,20,11,"{""field_goals_made"":37,""field_goals_missed"":44,""field_goals_attempted"":81,""field_goals"":""37/81"",""field_goals_percentage"":""45.7"",""two_pointers_made"":32,""two_pointers_missed"":29,""two_pointers_attempted"":61,""two_pointers"":""32/61"",""two_pointers_percentage"":""52.5"",""three_pointers_made"":5,""three_pointers_missed"":15,""three_pointers_attempted"":20,""three_pointers"":""5/20"",""three_pointers_percentage"":""25.0"",""free_throws_made"":10,""free_throws_missed"":7,""free_throws_attempted"":17,""free_throws"":""10/17"",""free_throws_percentage"":""58.8"",""won_score"":89,""total_won_score"":89,""lost_score"":99,""total_lost_score"":99,""rebounds"":49,""defensive_rebounds"":32,""offensive_rebounds"":17,""defensive_fouls"":10,""offensive_fouls"":2,""personal_fouls"":12,""fouls"":12,""assists"":13,""steals"":9,""blocks"":4,""turnovers"":18,""points_in_paint"":56,""second_chance_points"":20,""fast_break_points"":11}"
2025-26,2,8,preseason,1502,2025-10-05,4,7,新北國王,5,桃園台啤永豐雲豹,away,https://api.tpbl.basketball/api/games/1502/stats,40,46,86,40/86,46.5,25,22,47,25/47,53.2,15,24,39,15/39,38.5,4,2,6,4/6,66.7,99,99,89,89,46,31,15,17,1,17,18,26,11,1,15,40,10,10,"{""field_goals_made"":40,""field_goals_missed"":46,""field_goals_attempted"":86,""field_goals"":""40/86"",""field_goals_percentage"":""46.5"",""two_pointers_made"":25,""two_pointers_missed"":22,""two_pointers_attempted"":47,""two_pointers"":""25/47"",""two_pointers_percentage"":""53.2"",""three_pointers_made"":15,""three_pointers_missed"":24,""three_pointers_attempted"":39,""three_pointers"":""15/39"",""three_pointers_percentage"":""38.5"",""free_throws_made"":4,""free_throws_missed"":2,""free_throws_attempted"":6,""free_throws"":""4/6"",""free_throws_percentage"":""66.7"",""won_score"":99,""total_won_score"":99,""lost_score"":89,""total_lost_score"":89,""rebounds"":46,""defensive_rebounds"":31,""offensive_rebounds"":15,""defensive_fouls"":17,""offensive_fouls"":1,""personal_fouls"":17,""fouls"":18,""assists"":26,""steals"":11,""blocks"":1,""turnovers"":15,""points_in_paint"":40,""second_chance_points"":10,""fast_break_points"":10}"
